0;0;0;0;land;false;unknown;1
1;165;163;240;land;false;desert;4
2;142;159;232;land;false;plains;3
3;123;191;224;land;false;jungle;1
4;224;233;233;land;false;mountain;2
5;212;202;126;land;false;plains;2
6;217;253;97;land;false;plains;2
7;188;248;118;land;false;hills;7
8;242;250;58;land;true;forest;4
9;210;249;133;land;false;jungle;2
10;213;148;242;land;false;hills;1
11;158;231;237;land;true;forest;4
12;192;235;172;land;false;plains;1
13;246;212;56;land;false;hills;1
14;114;184;239;land;false;hills;1
15;200;138;221;land;false;plains;3
16;161;163;198;land;false;marsh;2
17;230;172;231;land;false;forest;1
18;132;226;216;land;false;marsh;2
19;180;234;199;land;false;forest;1
20;220;115;252;land;false;mountain;5
21;242;176;124;land;false;forest;3
22;247;102;191;land;false;jungle;1
23;214;175;121;land;true;jungle;4
24;199;245;141;land;false;forest;3
25;152;171;186;land;false;hills;4
26;133;219;212;land;false;forest;1
27;164;247;243;land;true;plains;6
28;164;174;227;land;false;desert;2
29;228;132;171;land;false;plains;3
30;248;167;126;land;true;plains;4
31;249;125;199;land;false;mountain;1
32;184;199;198;land;false;plains;6
33;202;84;246;land;false;forest;1
34;51;238;253;land;true;plains;4
35;103;231;192;land;false;marsh;2
36;251;181;121;land;false;forest;1
37;95;246;183;land;false;hills;1
38;189;203;240;land;true;hills;3
39;225;181;233;land;false;plains;2
40;168;224;195;land;false;hills;3
41;195;196;207;land;false;desert;1
42;209;167;195;land;false;marsh;4
43;229;224;95;land;true;mountain;3
44;200;193;216;land;false;marsh;4
45;205;211;105;land;false;jungle;1
46;146;193;195;land;false;forest;1
47;192;212;228;land;false;hills;5
48;212;220;181;land;false;plains;2
49;71;231;241;land;false;forest;3
50;209;213;106;land;false;hills;3
51;122;203;207;land;false;jungle;1
52;143;142;253;land;false;hills;3
53;166;235;202;land;true;plains;2
54;215;92;252;land;false;plains;1
55;177;201;231;land;true;hills;2
56;119;201;245;land;false;hills;1
57;230;252;167;land;false;plains;1
58;139;242;170;land;false;forest;2
59;145;177;224;land;false;mountain;5
60;151;247;201;land;false;plains;1
61;199;119;204;land;false;forest;4
62;16;239;254;land;false;forest;3
63;98;206;232;land;true;forest;7
64;143;168;212;land;false;desert;1
65;208;103;240;land;false;plains;3
66;245;129;168;land;false;mountain;1
67;240;145;222;land;false;forest;2
68;193;151;210;land;false;jungle;3
69;238;155;132;land;true;plains;4
70;238;243;45;land;false;forest;3
71;121;152;249;land;false;plains;6
72;221;141;142;land;false;forest;3
73;103;227;194;land;false;mountain;3
74;145;228;220;land;false;hills;7
75;124;247;157;land;false;mountain;3
76;232;199;105;land;false;forest;2
77;217;114;226;land;false;forest;3
78;191;219;248;land;false;jungle;4
79;200;156;243;land;false;desert;1
80;148;240;173;land;false;jungle;1
81;92;187;226;land;false;desert;4
82;151;248;151;land;false;mountain;5
83;194;243;87;land;false;plains;1
84;233;243;82;land;false;plains;1
85;179;170;197;land;false;desert;4
86;158;248;118;land;false;forest;1
87;121;230;155;land;true;plains;5
88;221;234;122;land;false;plains;1
89;226;194;136;land;false;hills;2
90;253;173;76;land;false;jungle;3
91;168;214;200;land;false;forest;2
92;248;99;212;land;false;mountain;2
93;212;199;195;land;false;desert;1
94;197;125;207;land;false;hills;1
95;219;177;222;land;false;forest;2
96;224;161;155;land;false;hills;4
97;30;250;242;land;false;forest;1
98;210;242;246;land;false;forest;1
99;195;188;216;land;false;desert;1
100;208;98;230;land;false;hills;5
101;50;235;225;land;false;plains;6
102;203;120;237;land;false;plains;1
103;225;245;95;land;false;plains;5
104;119;208;193;land;false;hills;1
105;177;123;208;land;false;plains;1
106;233;47;245;land;false;jungle;1
107;233;230;254;land;false;plains;1
108;181;243;96;land;false;forest;5
109;235;115;152;land;false;plains;4
110;200;115;199;land;false;mountain;5
111;187;66;248;land;false;mountain;1
112;194;116;245;land;false;mountain;5
113;251;173;83;land;false;hills;2
114;184;231;139;land;false;plains;1
115;212;253;245;land;false;plains;1
116;206;177;139;land;false;forest;3
117;154;227;199;land;false;mountain;1
118;231;231;143;land;false;hills;5
119;253;130;182;land;false;plains;6
120;225;201;217;land;false;mountain;1
121;106;194;243;land;false;marsh;7
122;152;226;196;land;false;forest;2
123;163;144;215;land;false;plains;2
124;244;200;190;land;false;plains;1
125;120;190;245;land;false;plains;2
126;229;105;172;land;false;plains;1
127;108;248;206;land;false;marsh;4
128;239;208;63;land;false;forest;2
129;211;126;219;land;false;plains;5
130;238;228;65;land;true;plains;3
131;122;165;245;land;true;urban;2
132;135;226;239;land;true;plains;3
133;240;99;208;land;false;desert;2
134;95;192;231;land;false;forest;2
135;134;240;214;land;false;forest;1
136;199;232;169;land;false;forest;1
137;231;229;222;land;false;mountain;5
138;130;141;252;land;false;hills;1
139;211;87;252;land;false;plains;3
140;173;214;169;land;false;plains;3
141;168;211;178;land;false;forest;2
142;245;179;253;land;false;jungle;2
143;180;250;228;land;false;forest;1
144;243;207;82;land;false;jungle;1
145;93;226;243;land;false;plains;2
146;250;178;78;land;false;mountain;5
147;213;208;98;land;false;hills;3
148;214;204;166;land;false;plains;1
149;196;167;191;land;false;plains;1
150;142;150;229;land;false;hills;1
151;153;225;176;land;false;mountain;5
152;68;217;232;land;false;forest;2
153;198;136;172;land;false;plains;6
154;187;156;235;land;false;plains;5
155;196;152;160;land;false;plains;2
156;109;220;186;land;true;plains;3
157;254;198;95;land;false;plains;2
158;240;157;116;land;false;hills;1
159;215;223;81;land;false;marsh;4
160;191;234;156;land;false;plains;6
161;235;197;184;land;false;plains;2
162;167;249;201;land;false;forest;3
163;240;41;243;land;false;forest;3
164;252;211;200;land;false;forest;4
165;185;187;133;land;false;forest;3
166;250;212;62;land;false;forest;1
167;243;154;238;land;true;forest;2
168;157;239;236;land;false;forest;1
169;252;167;226;land;false;mountain;3
170;224;186;225;land;false;plains;2
171;197;67;248;land;false;forest;2
172;175;191;253;land;true;forest;2
173;251;191;191;land;false;forest;3
174;250;195;212;land;false;mountain;3
175;207;121;200;land;false;hills;1
176;189;85;235;land;false;mountain;5
177;122;252;240;land;false;forest;2
178;215;253;97;land;false;jungle;4
179;150;233;137;land;false;plains;2
180;56;231;235;land;true;plains;3
181;228;240;241;land;false;forest;1
182;207;240;77;land;true;hills;3
183;140;192;246;land;false;desert;1
184;136;245;134;land;false;jungle;2
185;254;160;158;land;false;forest;2
186;193;118;232;land;false;plains;2
187;235;213;155;land;false;desert;4
188;248;239;33;land;false;plains;1
189;219;128;168;land;false;desert;1
190;67;239;221;land;false;desert;4
191;235;163;239;land;false;plains;2
192;219;194;242;land;false;jungle;2
193;83;224;213;land;false;forest;2
194;222;252;168;land;false;plains;3
195;250;168;210;land;false;hills;4
196;195;197;187;land;false;plains;1
197;237;218;178;land;false;plains;2
198;158;133;214;land;false;forest;5
199;223;171;118;land;false;jungle;2
200;209;186;187;land;false;plains;2
201;249;244;87;land;false;forest;1
202;246;212;232;land;false;forest;1
203;153;179;197;land;false;plains;3
204;234;234;77;land;false;hills;3
205;67;187;248;land;false;forest;1
206;204;213;193;land;false;forest;3
207;72;252;191;land;false;plains;1
208;230;187;118;land;false;forest;7
209;182;191;250;land;false;jungle;3
210;217;168;123;land;false;plains;2
211;94;222;197;land;false;marsh;7
212;224;210;85;land;true;plains;4
213;236;116;224;land;false;plains;1
214;180;116;233;land;false;marsh;2
215;229;199;226;land;false;jungle;1
216;184;200;155;land;false;plains;3
217;110;142;250;land;false;plains;2
218;223;206;174;land;false;forest;3
219;238;215;155;land;true;plains;7
220;116;239;245;land;false;desert;4
221;202;160;235;land;false;plains;6
222;115;185;234;land;false;hills;2
223;150;221;133;land;false;forest;2
224;253;52;206;land;false;desert;2
225;162;252;234;land;false;forest;2
226;129;230;171;land;false;forest;2
227;139;217;149;land;false;forest;4
228;183;249;179;land;true;plains;3
229;162;202;143;land;false;hills;2
230;223;147;185;land;false;forest;1
231;195;254;147;land;false;desert;1
232;165;173;253;land;false;forest;3
233;158;137;243;land;false;hills;2
234;251;237;174;land;false;desert;1
235;199;226;157;land;false;jungle;1
236;196;247;90;land;true;forest;7
237;144;210;222;land;false;forest;1
238;174;169;217;land;false;plains;5
239;214;241;154;land;true;plains;3
240;228;152;130;land;false;urban;2
241;242;184;127;land;false;forest;2
242;206;213;185;land;false;forest;2
243;192;203;214;land;true;forest;6
244;225;200;172;land;false;plains;3
245;247;203;200;land;true;hills;5
246;17;243;249;land;false;mountain;4
247;125;205;176;land;false;marsh;4
248;146;167;252;land;false;jungle;1
249;205;233;239;land;false;forest;1
250;166;152;247;land;false;plains;2
251;108;240;253;land;false;mountain;1
252;128;190;207;land;false;forest;3
253;234;99;236;land;false;forest;1
254;205;106;225;land;false;mountain;3
255;130;231;237;land;false;forest;2
256;232;158;206;land;false;plains;4
257;244;237;47;land;true;hills;5
258;155;196;158;land;false;hills;3
259;171;236;173;land;true;forest;4
260;163;124;252;land;false;plains;1
261;227;182;111;land;false;mountain;5
262;245;193;224;land;false;desert;4
263;230;217;214;land;false;forest;3
264;154;214;172;land;false;forest;1
265;219;245;93;land;false;hills;1
266;249;158;131;land;false;marsh;1
267;136;236;193;land;false;hills;1
268;254;208;238;land;false;mountain;5
269;162;210;238;land;false;plains;3
270;185;203;182;land;false;forest;4
271;242;143;154;land;false;mountain;3
272;126;206;254;land;false;plains;2
273;199;81;233;land;true;forest;1
274;208;81;234;land;false;forest;2
275;144;190;229;land;true;hills;7
276;217;143;148;land;false;mountain;7
277;190;249;72;land;false;marsh;7
278;209;71;252;land;false;plains;3
279;178;128;227;land;false;forest;2
280;238;52;240;land;false;mountain;5
281;102;251;181;land;false;plains;2
282;224;157;184;land;false;plains;2
283;251;140;127;land;true;hills;7
284;168;204;203;land;false;plains;2
285;205;81;237;land;false;desert;4
286;126;211;192;land;true;plains;4
287;152;124;231;land;false;hills;4
288;179;209;143;land;false;plains;1
289;212;68;254;land;false;marsh;2
290;171;216;173;land;false;jungle;2
291;212;221;118;land;false;mountain;5
292;198;246;245;land;false;hills;3
293;95;192;218;land;false;plains;3
294;233;222;220;land;false;hills;5
295;230;202;215;land;false;plains;2
296;139;210;233;land;false;jungle;2
297;174;248;85;land;false;marsh;1
298;171;236;248;land;false;mountain;2
299;113;210;183;land;false;forest;2
300;158;184;191;land;false;hills;3
301;160;197;151;land;false;plains;1
302;80;236;216;land;false;forest;1
303;142;189;191;land;false;forest;1
304;178;240;111;land;false;forest;2
305;152;225;145;land;false;desert;2
306;248;164;122;land;false;plains;7
307;209;124;170;land;false;plains;1
308;253;225;129;land;false;urban;1
309;243;104;196;land;false;plains;2
310;237;147;169;land;false;forest;2
311;196;155;216;land;false;plains;2
312;199;230;243;land;false;mountain;1
313;158;194;244;land;false;forest;2
314;116;172;214;land;false;hills;5
315;112;232;249;land;false;hills;1
316;228;241;144;land;false;jungle;4
317;183;222;244;land;false;forest;1
318;220;213;134;land;false;forest;4
319;112;177;215;land;false;forest;2
320;247;200;79;land;true;forest;6
321;195;217;122;land;false;desert;1
322;220;226;235;land;false;jungle;1
323;224;175;235;land;false;forest;2
324;190;139;185;land;false;plains;3
325;197;208;153;land;false;forest;4
326;231;113;216;land;false;mountain;1
327;237;145;167;land;true;plains;1
328;228;227;72;land;false;mountain;5
329;152;244;242;land;false;hills;5
330;246;129;191;land;false;forest;4
331;121;194;249;land;false;forest;1
332;220;92;233;land;false;desert;1
333;183;222;183;land;false;forest;2
334;241;69;250;land;false;jungle;1
335;175;193;157;land;false;plains;1
336;189;252;229;land;false;forest;2
337;221;87;209;land;false;hills;3
338;31;230;247;land;false;hills;1
339;200;192;163;land;true;plains;6
340;142;211;175;land;true;forest;3
341;135;214;189;land;false;plains;4
342;163;132;226;land;false;hills;1
343;242;209;83;land;false;forest;3
344;218;236;241;land;false;jungle;2
345;230;218;231;land;true;plains;7
346;175;239;254;land;false;hills;1
347;243;140;236;land;false;forest;1
348;237;164;253;land;false;hills;5
349;236;153;154;land;false;forest;3
350;215;233;170;land;false;jungle;3
351;188;168;209;land;false;forest;1
352;214;227;192;land;false;forest;4
353;211;210;194;land;false;plains;2
354;239;238;73;land;false;forest;1
355;168;104;237;land;false;hills;1
356;196;67;245;land;false;hills;3
357;138;155;237;land;false;plains;2
358;130;221;229;land;false;hills;3
359;152;239;120;land;false;hills;5
360;131;248;127;land;false;plains;3
361;238;170;200;land;false;desert;4
362;226;122;240;land;false;plains;3
363;139;202;177;land;false;desert;2
364;234;210;68;land;false;marsh;2
365;126;249;254;land;false;plains;2
366;218;190;188;land;false;forest;3
367;223;148;149;land;false;desert;4
368;195;189;132;land;true;forest;6
369;208;214;123;land;false;plains;4
370;196;249;157;land;false;marsh;2
371;126;205;250;land;false;hills;4
372;140;161;250;land;false;mountain;3
373;193;86;222;land;false;plains;1
374;183;215;220;land;false;desert;4
375;238;251;228;land;false;mountain;3
376;239;209;63;land;false;plains;3
377;181;224;175;land;false;plains;1
378;186;254;73;land;false;hills;5
379;202;97;245;land;false;plains;2
380;233;249;198;land;true;plains;5
381;215;167;199;land;false;plains;2
382;211;106;212;land;false;plains;3
383;211;196;242;land;false;plains;2
384;155;106;247;land;false;plains;2
385;177;169;191;land;false;plains;6
386;169;187;199;land;true;plains;7
387;188;201;235;land;false;plains;6
388;227;148;187;land;false;jungle;2
389;146;162;207;land;false;hills;1
390;129;220;212;land;false;forest;1
391;218;236;225;land;false;plains;4
392;242;237;207;land;false;plains;3
393;167;210;140;land;true;hills;5
394;171;254;206;land;false;forest;3
395;248;197;147;land;false;plains;4
396;104;217;201;land;false;forest;1
397;201;173;155;land;false;jungle;2
398;220;145;174;land;false;hills;1
399;216;248;194;land;true;plains;5
400;238;180;216;land;false;plains;1
401;232;218;64;land;false;mountain;2
402;239;133;231;land;false;plains;1
403;240;201;144;land;false;mountain;5
404;178;168;231;land;false;forest;1
405;214;172;117;land;false;desert;1
406;208;252;219;land;false;jungle;1
407;157;242;104;land;false;hills;1
408;188;151;240;land;false;hills;2
409;248;93;187;land;true;forest;4
410;209;253;145;land;false;plains;2
411;238;217;115;land;false;plains;4
412;154;238;155;land;false;plains;1
413;199;199;153;land;false;forest;1
414;242;177;234;land;false;plains;6
415;148;201;251;land;false;mountain;2
416;227;161;168;land;false;forest;1
417;202;111;202;land;false;hills;3
418;133;155;218;land;false;forest;1
419;244;223;68;land;true;plains;4
420;180;248;125;land;false;jungle;1
421;228;65;246;land;false;desert;1
422;152;226;162;land;false;mountain;5
423;210;172;196;land;false;jungle;1
424;220;238;165;land;true;forest;2
425;241;198;92;land;false;mountain;5
426;132;162;244;land;false;forest;2
427;253;234;246;land;false;mountain;1
428;252;160;112;land;false;forest;3
429;239;243;142;land;false;hills;2
430;246;48;244;land;true;plains;2
431;171;228;186;land;false;forest;4
432;172;141;245;land;true;plains;3
433;195;182;206;land;false;marsh;4
434;249;237;92;land;true;plains;2
435;162;128;223;land;true;mountain;3
436;251;197;76;land;false;jungle;3
437;138;177;215;land;false;plains;3
438;247;27;236;land;false;hills;1
439;235;62;213;land;false;forest;3
440;215;96;232;land;false;forest;4
441;203;216;90;land;true;plains;1
442;253;209;111;land;false;forest;1
443;221;253;188;land;false;plains;4
444;236;207;124;land;false;plains;1
445;127;205;227;land;true;plains;6
446;137;243;220;land;false;forest;3
447;210;199;120;land;false;hills;3
448;142;236;205;land;false;plains;1
449;214;193;142;land;false;mountain;5
450;205;226;140;land;false;plains;1
451;116;193;248;land;false;mountain;5
452;218;166;190;land;false;plains;3
453;181;236;240;land;false;forest;4
454;192;233;122;land;false;mountain;2
455;138;171;221;land;false;plains;4
456;180;196;206;land;false;mountain;1
457;110;220;173;land;false;forest;3
458;217;138;157;land;false;jungle;2
459;126;211;171;land;false;mountain;2
460;238;229;135;land;true;hills;5
461;238;188;213;land;false;hills;3
462;100;251;245;land;true;plains;5
463;125;199;253;land;false;plains;1
464;215;155;252;land;false;forest;4
465;150;212;162;land;false;forest;1
466;85;242;247;land;true;plains;7
467;22;236;253;land;false;forest;1
468;133;227;187;land;true;plains;2
469;217;225;196;land;true;forest;4
470;197;196;116;land;false;jungle;2
471;254;215;64;land;false;forest;1
472;206;173;127;land;false;mountain;5
473;139;220;223;land;true;forest;2
474;235;244;178;land;false;hills;1
475;199;244;97;land;false;forest;5
476;224;248;252;land;false;forest;3
477;148;234;208;land;false;plains;3
478;249;214;79;land;false;jungle;2
479;224;76;216;land;false;forest;5
480;184;210;187;land;false;forest;1
481;56;251;211;land;false;mountain;1
482;222;131;152;land;false;forest;3
483;248;168;135;land;false;jungle;2
484;246;194;192;land;false;forest;1
485;127;242;172;land;false;plains;2
486;206;183;137;land;true;plains;3
487;174;87;250;land;false;forest;2
488;223;166;142;land;false;forest;2
489;213;231;157;land;false;plains;1
490;171;169;163;land;false;mountain;5
491;84;239;193;land;false;mountain;5
492;231;206;151;land;false;plains;2
493;43;228;234;land;true;mountain;3
494;249;112;156;land;false;hills;5
495;218;197;160;land;false;forest;1
496;240;150;125;land;false;forest;2
497;103;207;214;land;false;mountain;2
498;172;188;151;land;false;forest;3
499;207;237;111;land;false;plains;1
500;224;89;215;land;false;forest;1
501;254;199;137;land;false;hills;3
502;181;101;247;land;false;jungle;3
503;171;209;224;land;false;plains;2
504;233;145;179;land;false;hills;1
505;225;171;237;land;false;forest;2
506;231;87;196;land;false;forest;3
507;200;238;157;land;false;hills;3
508;162;166;220;land;false;forest;2
509;173;214;189;land;false;desert;1
510;230;179;222;land;true;forest;2
511;249;249;71;land;true;plains;1
512;236;236;216;land;false;mountain;5
513;192;198;200;land;true;hills;7
514;227;46;246;land;true;plains;3
515;243;233;112;land;false;plains;6
516;234;218;227;land;false;mountain;2
517;196;250;214;land;false;plains;1
518;233;174;120;land;false;hills;5
519;246;238;215;land;false;forest;4
520;147;175;183;land;false;forest;3
521;210;177;139;land;true;plains;5
522;191;236;246;land;false;forest;1
523;199;247;224;land;false;forest;1
524;249;254;151;land;false;forest;2
525;108;250;155;land;false;plains;1
526;197;187;200;land;false;plains;1
527;200;202;169;land;false;mountain;5
528;220;142;161;land;false;hills;5
529;95;223;236;land;false;plains;1
530;254;177;245;land;true;forest;4
531;123;153;246;land;false;plains;1
532;216;235;125;land;false;forest;1
533;236;149;137;land;false;hills;3
534;169;189;247;land;false;plains;2
535;243;197;163;land;false;forest;2
536;230;246;237;land;false;hills;1
537;172;236;116;land;true;forest;2
538;251;81;182;land;false;forest;1
539;211;225;111;land;false;plains;4
540;215;101;230;land;false;marsh;4
541;212;148;245;land;false;forest;2
542;211;189;216;land;false;forest;3
543;91;224;242;land;false;plains;2
544;32;231;245;land;false;mountain;1
545;184;127;249;land;false;urban;1
546;219;218;85;land;false;mountain;7
547;144;140;252;land;false;jungle;1
548;160;235;209;land;true;forest;4
549;123;250;249;land;false;plains;2
550;213;128;238;land;false;jungle;3
551;202;126;194;land;true;plains;1
552;183;170;206;land;false;forest;2
553;144;249;161;land;false;plains;3
554;103;217;202;land;false;desert;1
555;126;217;194;land;false;plains;3
556;138;212;234;land;false;forest;3
557;173;215;180;land;true;plains;4
558;199;224;201;land;false;jungle;2
559;247;209;197;land;false;hills;2
560;205;237;154;land;false;plains;3
561;244;120;147;land;false;forest;2
562;62;242;254;land;false;forest;1
563;189;227;108;land;false;mountain;3
564;202;224;185;land;false;mountain;2
565;252;122;239;land;false;hills;4
566;226;249;60;land;false;forest;1
567;228;228;159;land;false;hills;2
568;249;130;215;land;false;plains;2
569;142;225;211;land;false;mountain;5
570;190;146;219;land;false;mountain;1
571;202;124;210;land;false;hills;5
572;175;228;229;land;false;plains;2
573;226;115;190;land;false;mountain;1
574;187;83;240;land;false;forest;3
575;249;77;236;land;true;forest;7
576;94;235;202;land;false;plains;1
577;143;195;213;land;false;forest;3
578;212;248;195;land;false;forest;1
579;199;192;197;land;false;forest;4
580;249;87;168;land;false;forest;3
581;192;212;246;land;true;plains;6
582;179;219;126;land;true;plains;5
583;254;115;203;land;false;mountain;5
584;174;108;242;land;false;marsh;4
585;251;141;182;land;false;marsh;4
586;145;242;215;land;false;plains;2
587;199;154;153;land;false;mountain;1
588;152;250;162;land;true;forest;4
589;243;142;150;land;false;hills;1
590;238;160;132;land;false;plains;3
591;227;103;249;land;false;forest;1
592;245;247;91;land;false;forest;2
593;173;173;208;land;false;forest;4
594;212;214;241;land;false;plains;6
595;207;96;212;land;false;mountain;3
596;229;187;127;land;true;plains;4
597;199;237;179;land;true;plains;3
598;172;190;174;land;false;plains;1
599;246;222;239;land;false;mountain;2
600;128;250;138;land;false;desert;1
601;130;141;239;land;false;plains;4
602;252;219;161;land;true;plains;7
603;222;212;219;land;false;mountain;1
604;247;120;155;land;false;marsh;2
605;221;174;175;land;true;forest;2
606;218;193;127;land;false;hills;4
607;117;204;191;land;false;forest;1
608;241;30;240;land;false;hills;3
609;224;73;253;land;false;forest;1
610;209;78;226;land;false;plains;1
611;210;85;245;land;true;forest;4
612;175;236;92;land;false;forest;4
613;243;202;86;land;false;plains;2
614;190;147;197;land;false;jungle;3
615;106;207;253;land;false;hills;1
616;173;228;178;land;false;hills;5
617;254;244;85;land;false;mountain;1
618;249;223;94;land;false;hills;5
619;231;206;158;land;false;desert;1
620;158;191;216;land;false;forest;1
621;248;228;49;land;false;mountain;4
622;164;235;156;land;false;mountain;5
623;216;176;173;land;false;desert;1
624;212;156;158;land;true;forest;2
625;178;227;153;land;true;plains;7
626;220;173;237;land;false;desert;4
627;238;79;230;land;false;jungle;2
628;211;201;229;land;false;plains;2
629;247;195;116;land;false;plains;6
630;139;155;221;land;false;forest;3
631;161;238;171;land;false;plains;3
632;219;203;165;land;false;forest;2
633;232;250;198;land;false;forest;1
634;164;220;143;land;false;hills;1
635;197;194;212;land;false;forest;3
636;209;178;201;land;false;hills;3
637;89;247;222;land;false;forest;3
638;70;215;240;land;false;hills;3
639;227;233;225;land;false;mountain;1
640;203;197;209;land;false;plains;2
641;229;193;197;land;false;plains;2
642;250;102;160;land;false;plains;1
643;205;205;207;land;false;desert;4
644;183;249;109;land;false;mountain;1
645;127;220;188;land;false;urban;7
646;173;227;147;land;false;plains;2
647;234;132;155;land;false;mountain;3
648;178;187;138;land;false;plains;2
649;217;158;144;land;false;hills;5
650;200;123;236;land;false;plains;2
651;182;192;225;land;false;forest;2
652;131;228;176;land;false;plains;4
653;200;148;209;land;false;plains;1
654;157;224;142;land;false;hills;4
655;182;183;174;land;false;plains;2
656;238;224;150;land;false;desert;1
657;247;121;249;land;false;mountain;5
658;160;225;183;land;false;mountain;5
659;195;250;229;land;false;plains;1
660;217;164;149;land;false;plains;3
661;155;179;213;land;false;hills;1
662;236;206;105;land;false;jungle;3
663;185;126;191;land;false;desert;1
664;69;184;252;land;false;forest;2
665;115;216;219;land;false;plains;4
666;251;166;205;land;false;mountain;5
667;250;61;196;land;true;forest;1
668;244;148;202;land;false;plains;1
669;250;10;253;land;false;plains;5
670;138;212;151;land;false;plains;4
671;199;247;97;land;true;plains;2
672;242;234;251;land;false;plains;3
673;250;215;172;land;true;plains;5
674;225;201;244;land;false;forest;3
675;193;168;169;land;false;mountain;3
676;205;59;240;land;false;marsh;1
677;159;233;247;land;false;desert;4
678;113;250;227;land;false;forest;2
679;228;146;230;land;false;forest;1
680;206;228;122;land;false;jungle;4
681;224;113;246;land;false;hills;1
682;227;134;225;land;false;desert;2
683;230;194;199;land;false;hills;7
684;178;176;167;land;false;plains;2
685;173;214;212;land;false;forest;1
686;78;239;212;land;false;plains;2
687;254;231;20;land;false;forest;2
688;115;237;166;land;false;jungle;1
689;251;191;117;land;false;plains;2
690;240;179;205;land;false;forest;4
691;203;158;180;land;false;marsh;4
692;240;247;229;land;false;forest;3
693;180;225;111;land;false;plains;3
694;213;238;109;land;false;forest;1
695;199;226;221;land;false;forest;2
696;192;196;204;land;false;forest;3
697;213;164;237;land;true;plains;5
698;230;218;65;land;false;forest;3
699;229;111;161;land;false;hills;2
700;251;89;241;land;false;forest;3
701;192;111;227;land;false;hills;5
702;124;253;210;land;true;plains;5
703;164;198;213;land;false;plains;2
704;167;181;197;land;false;hills;1
705;112;211;211;land;false;plains;2
706;244;169;240;land;false;desert;1
707;193;188;253;land;false;plains;3
708;153;187;196;land;false;forest;1
709;161;163;246;land;false;forest;2
710;252;133;147;land;false;hills;5
711;214;200;139;land;true;plains;4
712;236;151;136;land;false;plains;2
713;175;133;247;land;false;forest;1
714;174;208;121;land;false;plains;1
715;172;88;254;land;false;jungle;3
716;206;164;232;land;false;forest;3
717;140;250;247;land;false;plains;4
718;124;170;226;land;false;hills;1
719;147;123;245;land;true;hills;3
720;210;196;195;land;false;plains;2
721;188;204;218;land;false;forest;3
722;123;178;244;land;false;plains;1
723;209;169;245;land;false;forest;4
724;234;219;169;land;true;forest;1
725;206;196;228;land;false;plains;2
726;171;151;187;land;false;forest;1
727;201;75;240;land;false;hills;5
728;35;244;253;land;false;plains;3
729;216;244;207;land;false;forest;4
730;197;175;254;land;false;jungle;1
731;163;178;196;land;false;forest;4
732;202;192;143;land;false;hills;5
733;137;233;138;land;false;plains;2
734;238;180;163;land;false;hills;1
735;150;111;245;land;false;plains;1
736;91;238;208;land;false;plains;1
737;167;237;102;land;false;forest;1
738;187;222;157;land;false;forest;1
739;129;226;185;land;false;desert;2
740;177;199;207;land;false;hills;2
741;187;78;242;land;false;desert;1
742;201;144;212;land;true;forest;7
743;212;46;250;land;false;mountain;1
744;249;172;83;land;true;plains;7
745;66;249;190;land;false;desert;4
746;124;178;247;land;false;marsh;3
747;72;188;243;land;false;hills;5
748;197;205;203;land;false;mountain;5
749;227;234;186;land;false;forest;1
750;246;161;120;land;false;mountain;5
751;175;225;240;land;false;mountain;5
752;114;210;209;land;false;hills;5
753;212;162;160;land;false;forest;4
754;243;144;139;land;false;desert;1
755;213;183;144;land;false;hills;5
756;77;227;236;land;false;forest;1
757;190;195;197;land;false;mountain;3
758;172;240;98;land;true;hills;3
759;206;211;179;land;false;desert;1
760;142;209;217;land;false;desert;1
761;232;245;146;land;false;plains;1
762;202;80;246;land;false;plains;2
763;211;181;244;land;false;forest;1
764;128;205;187;land;false;desert;4
765;210;218;118;land;false;desert;4
766;205;180;131;land;true;hills;3
767;251;202;144;land;false;jungle;3
768;162;138;237;land;false;forest;2
769;179;157;175;land;false;mountain;5
770;249;83;211;land;false;desert;2
771;209;122;211;land;false;hills;5
772;233;197;166;land;false;mountain;5
773;166;231;200;land;false;plains;1
774;166;192;157;land;false;hills;7
775;191;168;212;land;false;forest;4
776;196;220;107;land;false;hills;1
777;250;231;215;land;false;marsh;4
778;187;175;223;land;false;plains;3
779;89;182;247;land;false;hills;3
780;226;138;228;land;false;forest;1
781;178;180;218;land;false;plains;3
782;142;241;198;land;true;hills;5
783;153;254;187;land;false;jungle;2
784;254;215;184;land;false;forest;1
785;191;195;161;land;false;forest;3
786;203;150;173;land;false;forest;4
787;155;211;233;land;false;plains;1
788;233;182;94;land;false;mountain;1
789;219;151;131;land;false;plains;1
790;135;168;223;land;false;forest;1
791;188;196;189;land;false;forest;1
792;148;127;243;land;false;mountain;1
793;125;187;204;land;false;mountain;3
794;236;224;120;land;true;plains;2
795;238;173;229;land;false;plains;3
796;243;165;114;land;false;jungle;1
797;248;175;232;land;false;plains;3
798;184;232;180;land;false;marsh;4
799;242;247;192;land;false;forest;4
800;118;200;229;land;false;plains;2
801;253;215;135;land;true;mountain;7
802;192;246;208;land;false;mountain;3
803;48;236;251;land;true;forest;4
804;144;231;167;land;false;mountain;3
805;218;125;194;land;false;desert;2
806;217;114;200;land;true;forest;4
807;179;149;196;land;false;plains;6
808;150;194;179;land;false;mountain;1
809;222;189;142;land;false;jungle;2
810;141;234;137;land;false;forest;3
811;162;214;187;land;true;forest;4
812;206;172;165;land;false;desert;1
813;216;113;174;land;false;hills;5
814;87;199;215;land;false;hills;5
815;53;241;218;land;false;plains;1
816;248;185;103;land;false;forest;4
817;149;169;199;land;false;hills;4
818;253;132;240;land;false;hills;1
819;175;170;228;land;false;forest;1
820;224;250;42;land;false;mountain;1
821;124;142;243;land;false;forest;1
822;230;254;25;land;false;mountain;5
823;101;209;246;land;true;plains;5
824;129;176;251;land;false;forest;1
825;103;210;188;land;true;desert;2
826;218;145;138;land;false;jungle;1
827;231;150;205;land;false;marsh;2
828;188;190;138;land;true;forest;4
829;251;153;128;land;false;forest;4
830;47;244;221;land;false;desert;2
831;239;20;245;land;false;forest;1
832;235;87;252;land;false;forest;1
833;220;181;144;land;false;plains;4
834;201;68;237;land;false;forest;4
835;196;144;218;land;false;plains;2
836;215;232;78;land;true;hills;3
837;250;114;192;land;false;forest;4
838;128;182;238;land;false;plains;1
839;51;201;249;land;false;forest;2
840;224;228;211;land;false;forest;1
841;254;102;170;land;false;mountain;5
842;193;219;140;land;false;desert;1
843;183;185;149;land;false;jungle;3
844;252;165;195;land;false;forest;4
845;244;212;209;land;false;forest;1
846;208;190;153;land;false;hills;2
847;135;253;229;land;false;plains;4
848;228;216;128;land;false;jungle;4
849;235;108;213;land;true;plains;5
850;223;129;172;land;false;forest;1
851;182;69;253;land;true;hills;5
852;172;215;169;land;true;jungle;1
853;241;225;83;land;true;hills;7
854;176;248;183;land;false;hills;3
855;81;227;212;land;false;mountain;1
856;187;249;88;land;true;plains;3
857;240;215;247;land;false;forest;4
858;224;212;229;land;false;hills;2
859;240;239;63;land;false;mountain;3
860;219;245;87;land;false;forest;1
861;143;181;189;land;false;plains;4
862;208;228;220;land;false;plains;2
863;170;212;177;land;true;plains;6
864;245;129;226;land;true;plains;1
865;250;156;96;land;false;desert;1
866;176;205;245;land;false;plains;1
867;254;243;201;land;false;forest;1
868;188;195;251;land;false;mountain;3
869;205;153;183;land;false;plains;1
870;114;235;217;land;false;forest;7
871;205;210;143;land;false;forest;1
872;195;248;212;land;false;jungle;2
873;248;228;180;land;true;plains;6
874;241;220;182;land;false;marsh;4
875;140;201;170;land;false;mountain;2
876;250;160;125;land;false;desert;1
877;156;190;228;land;true;plains;5
878;240;251;166;land;false;desert;1
879;112;176;228;land;false;plains;3
880;231;250;118;land;false;mountain;2
881;144;243;133;land;false;forest;3
882;161;178;206;land;true;plains;7
883;234;125;199;land;false;mountain;1
884;120;201;218;land;false;hills;1
885;216;58;234;land;false;mountain;5
886;234;177;119;land;false;forest;3
887;123;137;249;land;false;hills;5
888;153;244;178;land;false;plains;1
889;77;210;217;land;false;plains;1
890;66;227;231;land;false;hills;2
891;106;204;202;land;false;hills;2
892;186;205;238;land;false;jungle;2
893;235;93;208;land;true;mountain;2
894;207;132;214;land;true;plains;1
895;98;179;233;land;false;mountain;1
896;216;248;64;land;false;forest;1
897;171;225;236;land;true;plains;3
898;212;218;166;land;false;plains;6
899;171;219;211;land;false;marsh;2
900;141;179;188;land;true;plains;3
901;195;141;205;land;false;mountain;5
902;178;167;161;land;false;plains;3
903;196;222;147;land;false;plains;3
904;212;169;221;land;false;forest;1
905;236;159;213;land;false;forest;1
906;232;238;237;land;false;marsh;4
907;231;187;94;land;false;hills;3
908;178;177;171;land;false;mountain;3
909;210;136;212;land;false;marsh;7
910;247;144;117;land;false;mountain;2
911;225;226;136;land;false;plains;2
912;239;204;105;land;false;forest;2
913;209;215;209;land;false;forest;4
914;249;105;213;land;false;forest;1
915;231;168;126;land;false;forest;1
916;128;196;189;land;false;forest;1
917;126;169;208;land;false;forest;1
918;207;243;180;land;false;forest;1
919;191;82;246;land;false;forest;2
920;161;243;200;land;false;hills;1
921;203;151;176;land;false;forest;1
922;233;228;86;land;false;plains;1
923;205;194;234;land;true;plains;2
924;161;199;190;land;false;jungle;3
925;241;125;166;land;false;mountain;5
926;149;178;199;land;false;mountain;4
927;37;254;212;land;false;plains;6
928;233;251;89;land;false;marsh;2
929;167;230;182;land;false;hills;1
930;250;252;105;land;false;hills;3
931;122;223;162;land;false;plains;1
932;164;232;190;land;false;plains;3
933;53;231;230;land;false;plains;1
934;222;209;209;land;false;plains;3
935;235;202;229;land;false;desert;4
936;131;236;139;land;false;forest;3
937;249;77;218;land;false;forest;3
938;227;220;196;land;true;hills;5
939;254;102;200;land;false;hills;3
940;251;182;201;land;false;forest;1
941;181;84;238;land;false;hills;5
942;96;241;202;land;false;plains;3
943;77;236;244;land;false;urban;2
944;197;237;136;land;false;mountain;2
945;199;252;138;land;false;mountain;5
946;240;225;114;land;false;marsh;4
947;116;192;212;land;false;forest;3
948;154;120;234;land;false;plains;1
949;155;215;219;land;false;forest;1
950;140;253;217;land;false;plains;4
951;189;202;172;land;false;forest;1
952;231;101;193;land;false;marsh;2
953;142;109;251;land;false;hills;2
954;177;84;248;land;false;hills;2
955;205;89;252;land;true;plains;3
956;99;177;242;land;false;plains;1
957;243;168;93;land;false;hills;1
958;90;249;210;land;false;jungle;4
959;122;221;169;land;false;plains;1
960;221;205;207;land;false;forest;1
961;124;244;208;land;false;plains;1
962;179;210;152;land;false;mountain;1
963;119;254;158;land;false;mountain;2
964;79;241;251;land;false;forest;5
965;201;221;218;land;false;forest;1
966;244;60;212;land;false;marsh;3
967;119;245;180;land;false;forest;2
968;222;121;204;land;false;hills;5
969;98;237;243;land;false;marsh;4
970;229;196;91;land;false;marsh;4
971;35;226;247;land;false;mountain;3
972;181;197;173;land;false;forest;2
973;246;190;160;land;false;hills;1
974;189;201;183;land;true;plains;5
975;207;241;203;land;false;plains;2
976;253;76;242;land;false;hills;5
977;159;239;124;land;false;hills;1
978;156;239;123;land;false;hills;1
979;128;239;163;land;false;forest;1
980;52;244;247;land;false;hills;1
981;161;234;221;land;false;mountain;3
982;223;249;107;land;true;plains;2
983;236;125;222;land;false;hills;2
984;227;104;235;land;true;jungle;1
985;171;230;189;land;false;hills;2
986;212;200;145;land;false;mountain;2
987;143;208;219;land;false;mountain;1
988;140;196;181;land;false;plains;1
989;249;191;208;land;false;forest;7
990;225;245;163;land;false;marsh;4
991;204;254;195;land;false;plains;5
992;169;161;192;land;false;hills;3
993;248;223;230;land;false;forest;1
994;249;99;194;land;false;jungle;1
995;147;218;144;land;false;mountain;5
996;183;231;93;land;false;jungle;1
997;80;248;194;land;false;mountain;5
998;224;235;66;land;false;jungle;3
999;220;63;253;land;false;plains;2
1000;186;101;227;land;false;plains;1
1001;191;238;76;land;false;plains;2
1002;246;120;250;land;true;plains;7
1003;244;191;188;land;false;forest;1
1004;157;181;236;land;false;jungle;2
1005;186;248;83;land;true;forest;2
1006;231;225;131;land;false;mountain;1
1007;240;187;216;land;false;hills;5
1008;217;225;61;land;true;plains;3
1009;233;123;161;land;false;plains;6
1010;157;228;208;land;false;plains;4
1011;206;244;116;land;false;jungle;2
1012;117;157;245;land;false;desert;2
1013;177;208;197;land;true;forest;5
1014;56;221;236;land;true;plains;7
1015;123;248;197;land;false;plains;1
1016;155;113;251;land;false;mountain;1
1017;175;157;185;land;false;forest;1
1018;237;252;23;land;false;mountain;4
1019;121;220;226;land;false;forest;2
1020;177;234;250;land;false;forest;3
1021;186;187;201;land;true;plains;4
1022;143;245;126;land;false;jungle;1
1023;253;208;242;land;false;plains;2
1024;240;123;155;land;false;mountain;1
1025;241;141;133;land;true;forest;4
1026;163;164;244;land;false;jungle;3
1027;241;109;158;land;true;plains;6
1028;229;249;90;land;false;plains;1
1029;220;194;243;land;false;hills;1
1030;93;193;220;land;false;hills;1
1031;173;249;101;land;true;plains;4
1032;190;254;169;land;false;hills;4
1033;248;110;249;land;false;plains;5
1034;248;200;71;land;false;hills;5
1035;165;242;173;land;false;mountain;5
1036;106;180;219;land;true;forest;4
1037;177;240;104;land;true;mountain;3
1038;177;146;222;land;false;forest;2
1039;229;230;124;land;false;forest;2
1040;232;233;188;land;false;forest;1
1041;221;152;159;land;false;forest;1
1042;206;205;210;land;false;forest;1
1043;187;231;228;land;false;forest;2
1044;227;138;221;land;false;desert;1
1045;225;235;45;land;false;plains;4
1046;248;194;169;land;false;mountain;3
1047;219;171;167;land;false;forest;1
1048;159;229;116;land;true;plains;6
1049;232;215;150;land;false;forest;1
1050;237;81;241;land;false;plains;1
1051;243;80;245;land;false;desert;2
1052;105;184;221;land;false;jungle;2
1053;193;235;175;land;false;jungle;2
1054;51;206;244;land;false;jungle;3
1055;234;159;244;land;true;plains;2
1056;156;218;203;land;false;plains;3
1057;114;158;243;land;false;forest;4
1058;132;181;232;land;false;hills;3
1059;165;254;201;land;false;marsh;2
1060;239;165;157;land;false;jungle;3
1061;182;195;167;land;false;plains;2
1062;186;245;128;land;false;hills;1
1063;224;238;93;land;false;plains;3
1064;203;82;219;land;false;jungle;1
1065;185;157;230;land;false;forest;2
1066;133;221;198;land;false;forest;4
1067;229;241;148;land;false;plains;1
1068;149;217;150;land;true;forest;4
1069;173;108;247;land;false;plains;5
1070;240;248;86;land;false;plains;2
1071;130;187;239;land;true;mountain;5
1072;219;209;153;land;false;desert;1
1073;222;127;157;land;false;plains;2
1074;181;235;216;land;false;forest;2
1075;211;74;250;land;false;forest;2
1076;125;175;232;land;false;jungle;3
1077;231;222;81;land;true;plains;3
1078;245;242;200;land;false;desert;1
1079;245;164;92;land;false;forest;3
1080;145;197;231;land;false;plains;2
1081;149;157;217;land;false;forest;1
1082;225;60;232;land;false;forest;2
1083;156;185;173;land;false;desert;2
1084;179;227;228;land;false;hills;5
1085;90;248;242;land;false;plains;1
1086;232;207;164;land;false;mountain;1
1087;44;246;254;land;true;forest;4
1088;133;245;206;land;false;forest;1
1089;113;238;191;land;false;forest;4
1090;146;212;184;land;false;plains;4
1091;241;91;217;land;false;plains;1
1092;97;193;223;land;false;hills;5
1093;201;91;209;land;false;desert;4
1094;109;241;156;land;false;plains;1
1095;196;237;117;land;false;forest;2
1096;113;254;194;land;false;mountain;4
1097;205;206;167;land;true;forest;3
1098;222;192;109;land;false;plains;1
1099;225;240;232;land;true;forest;3
1100;215;85;240;land;false;jungle;1
1101;207;201;107;land;false;plains;1
1102;248;107;207;land;false;plains;2
1103;252;155;100;land;false;desert;1
1104;222;112;240;land;false;forest;2
1105;249;110;175;land;true;plains;6
1106;237;242;35;land;false;mountain;5
1107;129;229;158;land;false;plains;2
1108;203;185;217;land;false;jungle;2
1109;188;254;194;land;false;jungle;2
1110;201;185;128;land;true;plains;6
1111;237;210;150;land;false;forest;2
1112;176;235;242;land;false;marsh;4
1113;201;211;201;land;false;plains;1
1114;177;208;167;land;false;plains;2
1115;242;234;160;land;false;plains;4
1116;196;138;232;land;false;forest;3
1117;245;29;236;land;false;hills;1
1118;94;228;199;land;true;forest;4
1119;200;137;195;land;false;plains;3
1120;193;169;150;land;false;plains;7
1121;226;170;135;land;true;forest;1
1122;240;216;55;land;false;plains;6
1123;183;209;129;land;false;plains;6
1124;152;218;214;land;false;forest;1
1125;151;139;250;land;false;marsh;2
1126;204;192;141;land;false;forest;1
1127;247;160;207;land;true;forest;2
1128;138;196;169;land;false;plains;2
1129;246;174;95;land;true;plains;3
1130;250;179;119;land;false;forest;7
1131;252;109;169;land;false;marsh;4
1132;39;248;215;land;false;jungle;4
1133;209;65;231;land;false;mirrors_terrain;4
1134;28;246;236;land;false;marsh;2
1135;154;237;178;land;false;forest;3
1136;179;243;144;land;false;marsh;4
1137;85;215;225;land;true;forest;3
1138;233;213;112;land;false;plains;3
1139;231;34;242;land;false;hills;1
1140;232;209;199;land;false;hills;5
1141;191;231;107;land;false;plains;4
1142;120;251;144;land;true;plains;3
1143;198;208;119;land;true;hills;5
1144;197;206;231;land;true;plains;1
1145;165;225;141;land;false;mountain;5
1146;216;225;161;land;false;forest;1
1147;218;209;215;land;false;hills;5
1148;90;225;249;land;false;forest;1
1149;126;201;254;land;false;plains;2
1150;230;170;138;land;false;forest;3
1151;227;192;198;land;true;plains;5
1152;217;239;146;land;false;forest;2
1153;245;63;236;land;false;forest;1
1154;215;251;127;land;false;hills;1
1155;193;118;244;land;false;plains;1
1156;214;214;74;land;false;forest;3
1157;150;164;250;land;false;plains;2
1158;172;106;251;land;false;marsh;4
1159;156;216;202;land;false;forest;3
1160;251;164;97;land;false;marsh;4
1161;226;254;41;land;false;plains;4
1162;158;124;236;land;false;mountain;5
1163;197;157;241;land;true;forest;4
1164;188;185;141;land;false;forest;4
1165;240;245;205;land;false;mountain;5
1166;200;182;184;land;false;mountain;5
1167;172;174;182;land;false;mountain;5
1168;233;245;171;land;false;jungle;1
1169;118;192;242;land;false;marsh;2
1170;147;200;225;land;false;plains;1
1171;243;117;162;land;false;plains;1
1172;107;170;237;land;false;desert;2
1173;231;224;241;land;false;plains;3
1174;225;214;149;land;false;hills;5
1175;247;233;21;land;false;forest;4
1176;215;250;67;land;false;plains;1
1177;216;216;249;land;false;hills;5
1178;187;214;182;land;true;forest;2
1179;164;205;162;land;false;jungle;4
1180;140;161;223;land;false;plains;2
1181;230;208;168;land;true;hills;3
1182;206;108;196;land;false;mountain;5
1183;168;189;146;land;false;desert;4
1184;177;102;253;land;false;plains;1
1185;223;238;76;land;false;forest;1
1186;239;191;210;land;false;forest;2
1187;230;253;134;land;false;forest;3
1188;230;239;156;land;false;plains;1
1189;249;234;24;land;false;plains;3
1190;164;243;207;land;false;desert;1
1191;161;88;252;land;true;plains;1
1192;175;228;149;land;true;hills;3
1193;86;214;216;land;false;hills;4
1194;108;238;199;land;false;plains;4
1195;122;234;176;land;false;mountain;5
1196;193;211;207;land;false;plains;2
1197;241;241;42;land;false;forest;7
1198;187;185;204;land;true;mountain;3
1199;205;170;141;land;false;mountain;5
1200;246;181;180;land;false;forest;3
1201;133;178;235;land;false;mountain;3
1202;212;131;238;land;false;forest;2
1203;202;143;180;land;true;forest;4
1204;122;200;213;land;false;plains;1
1205;230;237;121;land;false;plains;5
1206;69;224;217;land;false;plains;2
1207;183;235;237;land;false;plains;1
1208;89;184;240;land;true;forest;2
1209;250;206;165;land;false;forest;1
1210;208;206;152;land;false;forest;2
1211;243;233;72;land;false;plains;3
1212;158;141;225;land;false;marsh;4
1213;158;249;217;land;true;plains;2
1214;252;128;249;land;false;forest;3
1215;122;213;238;land;false;forest;4
1216;219;111;249;land;false;forest;2
1217;236;217;137;land;false;forest;4
1218;225;158;213;land;true;forest;6
1219;77;218;242;land;false;forest;1
1220;245;159;179;land;false;jungle;4
1221;11;253;248;land;false;hills;1
1222;89;220;212;land;false;forest;3
1223;187;212;144;land;true;forest;1
1224;190;201;187;land;false;hills;3
1225;80;237;184;land;false;jungle;1
1226;161;200;229;land;false;plains;1
1227;240;104;199;land;true;plains;3
1228;199;217;99;land;false;plains;1
1229;159;152;208;land;false;forest;1
1230;150;183;193;land;false;marsh;4
1231;211;235;112;land;false;forest;3
1232;188;140;207;land;false;forest;1
1233;213;123;174;land;false;plains;1
1234;151;159;212;land;false;forest;2
1235;225;254;166;land;true;plains;3
1236;139;199;219;land;false;plains;1
1237;62;227;234;land;false;forest;3
1238;254;168;145;land;false;mountain;5
1239;161;241;210;land;false;hills;1
1240;161;238;102;land;false;plains;2
1241;227;207;198;land;false;jungle;3
1242;241;252;231;land;true;plains;1
1243;149;219;174;land;true;forest;2
1244;252;251;191;land;true;forest;1
1245;245;237;133;land;false;plains;1
1246;144;196;250;land;false;forest;2
1247;210;166;238;land;false;hills;3
1248;218;247;148;land;false;forest;3
1249;68;220;241;land;false;plains;2
1250;58;203;254;land;false;marsh;4
1251;194;177;184;land;true;plains;2
1252;97;236;252;land;false;hills;3
1253;122;243;185;land;false;jungle;3
1254;184;185;247;land;false;hills;1
1255;201;252;168;land;false;plains;3
1256;188;240;178;land;false;forest;1
1257;191;208;158;land;false;plains;3
1258;196;190;212;land;false;forest;2
1259;252;73;190;land;false;plains;4
1260;226;237;185;land;false;plains;2
1261;248;248;147;land;false;jungle;3
1262;236;231;146;land;true;plains;5
1263;150;164;237;land;false;forest;2
1264;190;182;232;land;true;forest;4
1265;231;148;142;land;true;plains;6
1266;195;150;183;land;false;desert;1
1267;183;82;253;land;false;plains;2
1268;96;243;196;land;false;plains;2
1269;249;248;112;land;false;hills;1
1270;246;205;162;land;false;forest;3
1271;187;252;172;land;false;mountain;3
1272;233;193;126;land;false;mountain;1
1273;154;189;229;land;false;forest;1
1274;189;129;226;land;false;hills;2
1275;209;247;171;land;false;mountain;1
1276;234;154;197;land;false;jungle;1
1277;246;161;169;land;false;mountain;5
1278;199;181;199;land;false;forest;1
1279;191;108;251;land;false;jungle;3
1280;200;240;229;land;false;marsh;2
1281;247;130;178;land;true;plains;5
1282;190;101;240;land;false;mountain;1
1283;131;151;231;land;false;forest;4
1284;241;252;88;land;false;hills;2
1285;58;233;241;land;false;plains;3
1286;232;173;203;land;false;plains;3
1287;124;253;166;land;false;forest;2
1288;222;205;127;land;false;desert;1
1289;187;109;242;land;false;marsh;1
1290;163;155;252;land;false;hills;2
1291;191;216;101;land;false;desert;1
1292;249;73;201;land;false;plains;6
1293;179;194;139;land;true;plains;2
1294;220;184;230;land;false;desert;4
1295;248;163;186;land;false;plains;2
1296;128;134;252;land;false;plains;4
1297;238;246;154;land;false;hills;4
1298;241;31;233;land;false;mountain;5
1299;205;118;216;land;false;marsh;2
1300;232;174;168;land;false;hills;1
1301;217;96;237;land;false;plains;6
1302;201;223;108;land;false;hills;1
1303;223;93;186;land;false;hills;3
1304;231;108;180;land;false;desert;4
1305;218;234;95;land;false;plains;3
1306;171;237;99;land;false;forest;2
1307;192;232;165;land;false;marsh;4
1308;197;153;184;land;true;forest;2
1309;128;185;252;land;false;plains;3
1310;210;245;160;land;false;marsh;1
1311;251;30;222;land;false;hills;5
1312;220;186;190;land;false;plains;6
1313;111;155;238;land;false;plains;4
1314;132;193;181;land;false;forest;3
1315;143;179;183;land;false;plains;2
1316;125;197;213;land;false;forest;5
1317;191;221;95;land;true;plains;2
1318;199;169;184;land;false;mountain;5
1319;82;206;233;land;false;hills;2
1320;237;252;67;land;false;forest;1
1321;143;213;167;land;false;mountain;5
1322;140;217;145;land;false;forest;1
1323;242;227;48;land;false;hills;1
1324;213;94;197;land;false;hills;3
1325;243;67;193;land;false;forest;1
1326;254;223;131;land;false;plains;3
1327;91;212;214;land;false;jungle;3
1328;204;182;170;land;true;forest;1
1329;215;125;166;land;false;plains;1
1330;251;212;161;land;false;jungle;1
1331;231;228;203;land;false;marsh;2
1332;211;245;123;land;false;jungle;4
1333;224;225;192;land;false;plains;2
1334;123;193;223;land;false;plains;6
1335;64;234;222;land;true;plains;4
1336;244;238;79;land;false;mountain;3
1337;183;219;122;land;false;plains;1
1338;107;239;214;land;true;forest;2
1339;173;182;194;land;false;plains;2
1340;182;148;245;land;false;forest;3
1341;230;97;235;land;false;forest;1
1342;156;243;122;land;false;plains;2
1343;108;243;246;land;false;plains;5
1344;222;144;245;land;true;plains;4
1345;92;241;237;land;false;forest;3
1346;214;94;212;land;true;plains;5
1347;174;229;184;land;false;plains;1
1348;253;182;84;land;false;forest;2
1349;209;169;164;land;false;mountain;1
1350;233;202;198;land;false;forest;2
1351;82;203;216;land;false;forest;2
1352;169;177;178;land;false;marsh;2
1353;249;226;232;land;false;mountain;1
1354;66;215;239;land;false;marsh;4
1355;221;199;200;land;false;forest;1
1356;166;211;197;land;false;hills;3
1357;209;212;178;land;true;plains;5
1358;253;141;253;land;false;forest;2
1359;222;41;253;land;false;forest;1
1360;204;133;248;land;false;hills;3
1361;154;145;251;land;false;marsh;4
1362;243;204;57;land;false;desert;2
1363;136;207;192;land;false;forest;2
1364;239;86;192;land;true;plains;6
1365;219;226;185;land;false;mountain;2
1366;253;212;218;land;false;forest;3
1367;166;195;253;land;false;forest;4
1368;190;235;108;land;false;marsh;2
1369;107;216;194;land;false;mountain;5
1370;82;235;248;land;false;hills;1
1371;108;243;198;land;false;forest;4
1372;253;205;100;land;false;forest;1
1373;234;60;216;land;false;plains;2
1374;180;248;145;land;false;forest;3
1375;170;223;174;land;false;hills;1
1376;120;233;209;land;false;forest;1
1377;128;219;161;land;true;forest;4
1378;152;248;174;land;false;plains;6
1379;219;244;130;land;false;plains;1
1380;180;241;197;land;true;plains;6
1381;250;248;197;land;false;plains;5
1382;238;149;220;land;true;forest;5
1383;137;186;189;land;true;forest;4
1384;238;226;96;land;false;forest;7
1385;253;162;212;land;true;hills;5
1386;234;191;148;land;false;plains;1
1387;185;254;82;land;false;forest;3
1388;178;217;203;land;true;hills;2
1389;156;138;231;land;false;mountain;1
1390;156;252;114;land;false;mountain;5
1391;202;175;169;land;false;forest;3
1392;211;84;232;land;false;hills;7
1393;209;165;213;land;true;forest;5
1394;157;155;209;land;true;forest;5
1395;144;149;232;land;true;forest;1
1396;155;209;225;land;false;mountain;3
1397;174;144;196;land;false;hills;5
1398;241;241;175;land;true;plains;1
1399;252;174;228;land;false;desert;4
1400;228;239;137;land;false;forest;1
1401;201;254;187;land;false;jungle;3
1402;108;236;241;land;false;plains;3
1403;246;187;95;land;false;marsh;4
1404;179;165;168;land;false;forest;2
1405;178;211;188;land;false;plains;2
1406;200;181;247;land;false;marsh;4
1407;197;213;237;land;false;mountain;2
1408;41;235;252;land;false;hills;3
1409;248;241;219;land;true;plains;2
1410;125;252;155;land;false;forest;2
1411;187;135;219;land;false;plains;2
1412;192;77;237;land;false;forest;2
1413;197;168;215;land;false;plains;3
1414;231;189;83;land;false;hills;3
1415;209;182;140;land;true;plains;6
1416;178;91;254;land;false;marsh;4
1417;203;224;141;land;false;mountain;3
1418;216;216;225;land;false;forest;3
1419;40;253;251;land;false;hills;1
1420;174;171;242;land;false;desert;1
1421;240;152;214;land;false;plains;1
1422;180;251;177;land;false;marsh;3
1423;199;251;132;land;false;hills;1
1424;218;166;242;land;true;forest;4
1425;243;207;206;land;false;jungle;1
1426;234;241;155;land;false;plains;1
1427;198;110;233;land;false;hills;3
1428;204;212;132;land;false;plains;2
1429;205;215;174;land;false;plains;3
1430;200;222;127;land;false;forest;2
1431;199;120;249;land;true;plains;4
1432;199;198;137;land;false;jungle;3
1433;238;237;170;land;false;hills;3
1434;153;189;251;land;false;mountain;5
1435;211;105;214;land;false;mountain;5
1436;116;222;182;land;true;forest;4
1437;180;217;248;land;false;plains;6
1438;221;177;105;land;false;plains;2
1439;244;147;187;land;false;forest;1
1440;223;78;246;land;false;hills;2
1441;217;155;163;land;true;plains;1
1442;246;41;232;land;false;forest;1
1443;250;209;167;land;false;hills;5
1444;161;231;161;land;true;plains;7
1445;159;206;142;land;true;plains;1
1446;185;125;222;land;false;forest;1
1447;145;209;206;land;false;desert;1
1448;225;82;253;land;false;desert;1
1449;186;183;182;land;false;forest;2
1450;206;184;119;land;false;jungle;4
1451;154;216;179;land;false;plains;2
1452;211;186;164;land;false;forest;2
1453;213;240;148;land;false;plains;3
1454;72;199;247;land;false;plains;2
1455;204;104;223;land;false;hills;4
1456;236;94;248;land;true;plains;6
1457;126;206;252;land;false;jungle;2
1458;253;221;80;land;false;plains;4
1459;239;201;154;land;true;plains;3
1460;192;156;154;land;false;mountain;5
1461;124;253;252;land;true;plains;1
1462;250;228;56;land;false;desert;4
1463;241;149;221;land;false;forest;1
1464;243;216;93;land;false;hills;5
1465;205;142;188;land;false;forest;1
1466;241;216;54;land;false;forest;1
1467;223;217;188;land;false;forest;3
1468;215;240;185;land;false;forest;5
1469;235;251;131;land;false;desert;2
1470;145;196;210;land;false;plains;3
1471;151;227;147;land;true;forest;1
1472;248;149;108;land;false;plains;2
1473;111;225;199;land;false;desert;1
1474;243;189;181;land;false;forest;1
1475;218;142;160;land;false;plains;1
1476;240;235;82;land;true;forest;3
1477;200;158;149;land;false;plains;1
1478;214;200;247;land;false;jungle;3
1479;147;188;224;land;false;hills;5
1480;120;147;244;land;false;jungle;3
1481;213;68;239;land;false;plains;1
1482;239;179;198;land;false;forest;1
1483;217;171;210;land;false;hills;5
1484;169;212;204;land;false;mountain;2
1485;54;244;251;land;false;forest;2
1486;232;171;126;land;true;hills;3
1487;238;232;252;land;true;hills;3
1488;181;142;249;land;true;forest;4
1489;177;221;106;land;false;forest;2
1490;214;166;230;land;true;plains;2
1491;236;229;249;land;false;forest;2
1492;192;146;248;land;true;forest;5
1493;88;209;235;land;false;plains;4
1494;144;156;224;land;true;plains;5
1495;237;157;144;land;false;forest;4
1496;81;241;232;land;false;forest;2
1497;244;241;91;land;false;jungle;2
1498;231;227;70;land;false;marsh;4
1499;101;166;238;land;false;mountain;7
1500;172;145;199;land;true;forest;4
1501;136;188;226;land;false;hills;5
1502;200;164;246;land;false;plains;3
1503;199;243;190;land;false;hills;5
1504;238;197;211;land;false;jungle;2
1505;179;205;215;land;true;plains;6
1506;99;224;242;land;false;jungle;3
1507;241;130;220;land;false;forest;4
1508;176;152;226;land;false;mountain;3
1509;243;182;88;land;false;marsh;4
1510;212;223;221;land;false;mountain;3
1511;191;92;254;land;false;hills;5
1512;244;88;242;land;false;jungle;3
1513;123;215;209;land;false;forest;2
1514;175;216;251;land;false;plains;3
1515;223;254;75;land;false;forest;4
1516;214;140;192;land;false;jungle;4
1517;76;195;250;land;false;jungle;1
1518;62;253;242;land;false;mountain;1
1519;243;136;235;land;false;desert;4
1520;157;229;159;land;false;mountain;3
1521;88;242;181;land;false;jungle;2
1522;224;139;163;land;false;desert;2
1523;219;79;242;land;false;jungle;3
1524;231;233;41;land;true;forest;4
1525;183;236;201;land;false;forest;1
1526;107;169;242;land;true;forest;2
1527;208;233;123;land;false;jungle;3
1528;97;244;188;land;false;forest;2
1529;131;247;173;land;false;hills;1
1530;165;232;127;land;false;forest;3
1531;247;106;156;land;false;forest;3
1532;199;145;243;land;false;plains;2
1533;183;227;131;land;true;forest;2
1534;233;103;251;land;false;mountain;3
1535;129;121;254;land;false;jungle;4
1536;233;231;79;land;false;forest;2
1537;210;111;223;land;false;mountain;1
1538;128;237;191;land;false;hills;2
1539;223;209;82;land;false;mountain;5
1540;234;248;75;land;false;forest;1
1541;241;230;210;land;false;forest;2
1542;207;149;207;land;true;plains;5
1543;227;219;231;land;false;plains;3
1544;210;156;240;land;false;mountain;2
1545;192;250;98;land;false;desert;1
1546;250;125;127;land;false;marsh;3
1547;208;145;174;land;false;desert;4
1548;214;115;194;land;true;plains;3
1549;229;214;165;land;false;forest;1
1550;221;248;166;land;false;marsh;4
1551;198;238;237;land;false;hills;5
1552;68;235;237;land;false;marsh;7
1553;189;132;254;land;false;forest;1
1554;159;167;203;land;false;plains;4
1555;90;240;192;land;false;plains;2
1556;175;227;107;land;false;jungle;2
1557;251;202;91;land;true;jungle;4
1558;182;254;151;land;false;plains;3
1559;187;191;165;land;false;hills;1
1560;127;224;154;land;false;plains;1
1561;236;252;126;land;true;plains;3
1562;211;225;216;land;false;mountain;2
1563;78;182;245;land;false;mountain;1
1564;163;231;113;land;false;forest;1
1565;112;155;244;land;false;plains;1
1566;225;127;186;land;false;forest;3
1567;239;177;91;land;false;forest;2
1568;150;146;249;land;false;plains;1
1569;210;216;219;land;false;mountain;4
1570;237;97;224;land;false;plains;6
1571;104;238;206;land;true;plains;6
1572;209;239;158;land;false;mountain;5
1573;208;248;127;land;false;mountain;1
1574;94;237;208;land;false;mountain;5
1575;233;236;77;land;true;forest;4
1576;177;253;117;land;true;mountain;7
1577;238;196;172;land;false;mountain;7
1578;251;214;228;land;false;forest;3
1579;225;96;199;land;false;forest;1
1580;201;85;227;land;false;plains;2
1581;154;228;191;land;false;plains;3
1582;243;163;252;land;false;jungle;4
1583;243;160;155;land;false;hills;2
1584;235;189;196;land;false;jungle;3
1585;188;241;164;land;false;plains;3
1586;210;143;227;land;true;urban;4
1587;151;225;160;land;false;plains;2
1588;221;251;58;land;false;mountain;5
1589;251;173;208;land;false;forest;4
1590;175;245;149;land;false;mountain;1
1591;242;232;243;land;false;mountain;1
1592;141;251;247;land;false;mountain;1
1593;174;185;214;land;true;plains;7
1594;224;90;226;land;false;forest;1
1595;122;187;209;land;false;jungle;1
1596;154;251;238;land;false;marsh;4
1597;168;184;230;land;false;hills;5
1598;238;185;169;land;false;forest;3
1599;74;217;211;land;false;forest;1
1600;253;195;54;land;false;forest;1
1601;170;231;151;land;false;plains;3
1602;167;161;204;land;false;urban;2
1603;176;185;241;land;false;forest;1
1604;227;250;254;land;false;jungle;4
1605;247;248;130;land;false;desert;1
1606;187;242;240;land;false;desert;1
1607;170;248;222;land;false;forest;3
1608;126;193;192;land;false;forest;1
1609;131;123;254;land;false;plains;1
1610;156;250;161;land;true;forest;7
1611;216;252;143;land;false;hills;1
1612;143;253;116;land;false;mountain;3
1613;150;250;201;land;true;forest;7
1614;49;240;240;land;false;forest;4
1615;221;217;116;land;false;plains;2
1616;125;250;213;land;false;hills;3
1617;139;231;242;land;false;mountain;2
1618;223;150;158;land;false;mountain;1
1619;199;214;109;land;false;plains;3
1620;220;174;115;land;false;mountain;5
1621;178;237;209;land;false;plains;1
1622;251;208;95;land;false;forest;1
1623;200;182;142;land;false;plains;3
1624;118;227;194;land;false;forest;2
1625;177;220;241;land;false;hills;2
1626;165;229;197;land;false;desert;1
1627;219;247;212;land;false;desert;4
1628;238;192;92;land;false;forest;1
1629;181;230;254;land;false;forest;1
1630;203;194;170;land;false;plains;7
1631;244;239;196;land;false;forest;4
1632;136;197;225;land;false;hills;1
1633;206;123;219;land;false;hills;5
1634;185;94;237;land;false;hills;4
1635;197;241;149;land;false;forest;1
1636;181;182;144;land;true;jungle;1
1637;138;223;210;land;true;plains;7
1638;189;229;158;land;false;mountain;5
1639;161;250;242;land;false;forest;1
1640;197;158;183;land;false;plains;4
1641;164;180;216;land;false;mountain;1
1642;223;240;52;land;false;plains;1
1643;241;103;168;land;false;mountain;5
1644;240;190;207;land;false;marsh;4
1645;236;244;108;land;false;mountain;3
1646;193;242;202;land;false;forest;1
1647;212;215;241;land;true;forest;4
1648;187;98;242;land;false;plains;4
1649;237;203;134;land;false;plains;2
1650;201;145;233;land;false;jungle;2
1651;208;119;215;land;false;plains;4
1652;147;202;238;land;false;hills;1
1653;199;136;197;land;false;plains;2
1654;239;173;89;land;false;hills;2
1655;205;163;192;land;false;marsh;4
1656;209;146;170;land;false;forest;1
1657;170;172;211;land;false;forest;1
1658;210;115;194;land;false;plains;1
1659;246;237;223;land;false;plains;3
1660;127;242;226;land;true;plains;1
1661;144;242;241;land;false;marsh;7
1662;240;200;149;land;false;plains;4
1663;199;225;177;land;false;forest;5
1664;214;123;191;land;false;marsh;4
1665;248;119;231;land;false;forest;1
1666;140;193;248;land;true;plains;3
1667;161;201;222;land;false;forest;1
1668;139;148;250;land;true;plains;2
1669;13;239;252;land;false;desert;1
1670;198;148;235;land;false;plains;2
1671;215;203;131;land;false;desert;4
1672;111;207;253;land;true;jungle;4
1673;254;21;254;land;false;forest;3
1674;238;161;191;land;false;mountain;5
1675;186;165;239;land;false;forest;2
1676;126;190;246;land;false;mountain;3
1677;114;169;236;land;false;plains;1
1678;240;195;205;land;false;jungle;2
1679;246;241;24;land;false;plains;1
1680;249;31;239;land;false;mountain;1
1681;151;200;242;land;true;plains;7
1682;225;163;235;land;false;plains;2
1683;246;216;242;land;false;plains;6
1684;217;233;94;land;false;mountain;3
1685;187;190;231;land;false;mountain;3
1686;141;222;144;land;false;plains;3
1687;206;99;208;land;true;forest;3
1688;251;254;211;land;false;jungle;3
1689;108;242;250;land;false;plains;3
1690;232;201;155;land;false;mountain;4
1691;96;215;222;land;false;forest;1
1692;196;180;212;land;false;plains;3
1693;164;226;131;land;false;mountain;5
1694;66;246;246;land;true;jungle;4
1695;244;42;237;land;false;plains;1
1696;220;225;209;land;false;hills;3
1697;179;162;172;land;true;plains;5
1698;138;211;242;land;false;mountain;1
1699;155;130;220;land;false;mountain;1
1700;92;246;232;land;false;desert;1
1701;219;247;203;land;false;hills;1
1702;166;124;249;land;false;forest;3
1703;204;117;197;land;false;forest;1
1704;171;238;134;land;false;desert;4
1705;146;215;166;land;false;hills;5
1706;127;199;200;land;false;hills;3
1707;153;222;196;land;false;hills;2
1708;137;196;203;land;false;forest;1
1709;243;243;24;land;false;plains;1
1710;202;100;246;land;false;forest;1
1711;247;246;121;land;false;forest;4
1712;168;117;224;land;false;marsh;2
1713;249;194;223;land;false;hills;1
1714;240;106;236;land;false;plains;2
1715;221;126;199;land;false;plains;1
1716;152;225;215;land;true;plains;3
1717;213;107;211;land;false;hills;1
1718;235;78;239;land;false;jungle;4
1719;212;133;217;land;false;plains;1
1720;124;156;228;land;false;forest;4
1721;229;165;182;land;false;plains;2
1722;231;233;126;land;false;jungle;4
1723;252;153;246;land;false;forest;4
1724;195;184;195;land;false;plains;1
1725;171;253;220;land;false;hills;7
1726;194;209;227;land;false;forest;3
1727;206;245;138;land;false;forest;5
1728;150;206;220;land;false;forest;1
1729;193;134;175;land;false;forest;2
1730;226;127;154;land;true;plains;6
1731;152;206;162;land;true;plains;6
1732;101;252;253;land;false;plains;2
1733;173;232;242;land;false;desert;1
1734;104;232;199;land;false;marsh;4
1735;249;240;194;land;false;hills;1
1736;248;128;147;land;false;plains;2
1737;137;229;136;land;false;hills;5
1738;16;240;245;land;false;forest;1
1739;218;244;181;land;false;plains;2
1740;224;110;244;land;false;mountain;3
1741;99;242;165;land;false;forest;1
1742;168;189;175;land;false;mountain;5
1743;163;235;141;land;true;forest;4
1744;155;155;191;land;false;forest;1
1745;198;209;174;land;true;hills;3
1746;241;209;71;land;false;marsh;2
1747;235;23;250;land;false;forest;1
1748;219;76;211;land;false;forest;1
1749;212;66;233;land;false;plains;5
1750;247;123;200;land;false;forest;1
1751;187;99;220;land;false;forest;2
1752;170;253;242;land;false;forest;3
1753;246;241;115;land;false;mountain;3
1754;161;126;253;land;false;jungle;3
1755;27;254;254;land;true;forest;1
1756;191;210;221;land;false;forest;2
1757;234;232;230;land;false;forest;2
1758;193;217;158;land;true;jungle;4
1759;109;224;172;land;true;forest;2
1760;112;176;231;land;false;hills;1
1761;154;107;250;land;false;hills;5
1762;213;180;146;land;true;plains;5
1763;211;109;194;land;true;forest;2
1764;87;176;248;land;false;plains;2
1765;93;252;219;land;false;plains;4
1766;241;223;105;land;false;plains;1
1767;85;210;254;land;false;mountain;1
1768;224;148;130;land;false;desert;1
1769;167;199;233;land;false;plains;6
1770;249;253;166;land;true;plains;5
1771;253;248;78;land;false;forest;3
1772;206;144;210;land;false;mountain;5
1773;190;237;83;land;false;hills;3
1774;156;164;221;land;false;desert;1
1775;225;117;229;land;true;forest;1
1776;229;190;156;land;true;forest;6
1777;232;92;208;land;false;jungle;3
1778;137;145;252;land;true;plains;7
1779;232;145;223;land;true;forest;1
1780;237;222;244;land;false;desert;4
1781;244;219;120;land;false;jungle;2
1782;44;253;223;land;false;hills;3
1783;194;156;209;land;false;plains;4
1784;235;217;95;land;false;forest;2
1785;238;171;196;land;false;hills;2
1786;215;191;120;land;false;mountain;5
1787;65;216;221;land;false;forest;3
1788;236;185;142;land;false;plains;4
1789;225;173;182;land;false;plains;1
1790;220;65;238;land;false;forest;1
1791;143;142;234;land;false;forest;2
1792;64;226;217;land;false;mountain;5
1793;231;237;35;land;false;plains;4
1794;251;121;156;land;false;jungle;4
1795;161;155;238;land;false;forest;1
1796;136;142;248;land;false;plains;1
1797;228;247;199;land;false;desert;1
1798;118;202;220;land;false;forest;3
1799;194;196;227;land;false;plains;2
1800;225;239;70;land;true;plains;7
1801;193;236;208;land;false;plains;1
1802;225;186;205;land;false;desert;1
1803;217;250;128;land;false;forest;1
1804;241;181;235;land;false;forest;3
1805;251;245;189;land;false;marsh;4
1806;121;185;254;land;false;hills;4
1807;189;157;200;land;false;forest;1
1808;72;209;247;land;false;forest;1
1809;237;202;201;land;false;mountain;5
1810;229;218;56;land;false;forest;1
1811;168;242;211;land;false;hills;3
1812;227;229;216;land;false;forest;1
1813;247;210;248;land;false;mountain;1
1814;218;205;141;land;false;forest;7
1815;136;253;156;land;false;plains;2
1816;227;242;98;land;false;plains;2
1817;171;244;231;land;false;hills;4
1818;235;220;202;land;false;forest;1
1819;187;195;134;land;false;hills;1
1820;180;210;181;land;false;forest;1
1821;136;193;242;land;false;plains;1
1822;197;188;154;land;false;mountain;5
1823;172;131;199;land;false;plains;1
1824;202;177;207;land;true;plains;7
1825;162;239;150;land;false;plains;3
1826;254;206;140;land;false;forest;1
1827;86;230;218;land;false;hills;1
1828;250;201;90;land;false;plains;4
1829;151;141;222;land;false;plains;3
1830;181;230;94;land;false;forest;4
1831;250;194;114;land;false;plains;2
1832;187;148;225;land;false;plains;3
1833;95;172;241;land;true;plains;6
1834;193;173;233;land;false;hills;3
1835;179;195;225;land;true;forest;2
1836;203;183;218;land;false;plains;2
1837;188;181;163;land;true;forest;4
1838;196;200;125;land;true;plains;4
1839;169;200;216;land;true;plains;6
1840;224;208;202;land;true;plains;5
1841;249;194;144;land;false;forest;5
1842;175;239;186;land;false;mountain;3
1843;235;101;207;land;false;desert;2
1844;150;158;233;land;false;hills;3
1845;132;215;239;land;false;desert;1
1846;208;206;124;land;true;forest;2
1847;189;232;210;land;false;mountain;2
1848;200;137;185;land;false;forest;2
1849;150;173;181;land;false;jungle;1
1850;235;243;186;land;false;plains;4
1851;223;74;224;land;false;marsh;4
1852;197;105;247;land;false;forest;1
1853;133;250;254;land;false;hills;7
1854;229;42;241;land;false;forest;1
1855;251;162;113;land;false;hills;1
1856;229;79;204;land;false;hills;5
1857;208;146;231;land;false;desert;1
1858;94;173;237;land;false;mountain;5
1859;252;157;124;land;false;desert;4
1860;225;80;249;land;false;plains;3
1861;107;203;232;land;false;marsh;4
1862;39;223;254;land;false;plains;3
1863;149;249;207;land;false;plains;3
1864;76;210;234;land;false;jungle;4
1865;213;242;107;land;false;plains;1
1866;210;110;194;land;false;mountain;3
1867;224;107;191;land;false;forest;1
1868;134;254;221;land;false;hills;2
1869;104;172;228;land;false;plains;1
1870;199;137;174;land;false;plains;2
1871;218;233;119;land;true;plains;1
1872;233;178;227;land;true;plains;2
1873;230;236;197;land;false;jungle;1
1874;166;180;173;land;false;mountain;3
1875;192;242;251;land;false;mountain;5
1876;201;174;144;land;false;mountain;5
1877;154;223;138;land;false;mountain;5
1878;169;250;188;land;false;forest;3
1879;209;176;176;land;false;plains;1
1880;237;227;104;land;false;forest;2
1881;233;201;146;land;false;plains;5
1882;240;177;93;land;false;desert;2
1883;237;159;161;land;false;plains;2
1884;82;241;205;land;false;forest;3
1885;160;202;196;land;false;desert;1
1886;172;129;249;land;false;forest;1
1887;245;151;230;land;false;jungle;2
1888;132;137;248;land;false;hills;1
1889;236;128;250;land;false;mountain;5
1890;244;225;43;land;false;plains;3
1891;149;223;254;land;false;mountain;5
1892;113;203;186;land;false;plains;6
1893;39;254;239;land;false;plains;2
1894;53;244;217;land;false;hills;7
1895;235;215;234;land;false;forest;1
1896;244;115;177;land;false;forest;1
1897;213;116;220;land;false;forest;3
1898;239;156;126;land;false;forest;1
1899;127;139;250;land;false;mountain;1
1900;181;217;155;land;false;plains;2
1901;136;252;152;land;false;plains;5
1902;150;207;206;land;false;mountain;3
1903;218;128;211;land;false;plains;3
1904;226;175;189;land;false;hills;3
1905;238;127;247;land;false;plains;2
1906;176;212;179;land;false;forest;2
1907;213;107;219;land;true;forest;3
1908;127;158;219;land;false;plains;2
1909;149;231;145;land;true;plains;2
1910;227;243;159;land;true;plains;1
1911;224;61;241;land;false;forest;5
1912;241;233;93;land;false;forest;2
1913;209;221;234;land;false;forest;3
1914;120;215;187;land;false;forest;1
1915;244;108;167;land;false;forest;1
1916;212;249;250;land;false;forest;4
1917;228;177;238;land;false;plains;2
1918;227;234;124;land;true;plains;6
1919;245;153;178;land;false;mountain;5
1920;118;151;238;land;false;jungle;4
1921;145;193;168;land;false;jungle;1
1922;185;249;134;land;false;plains;2
1923;227;141;246;land;false;desert;1
1924;217;228;135;land;false;forest;2
1925;248;142;129;land;false;forest;2
1926;202;185;139;land;false;forest;1
1927;199;159;249;land;false;plains;3
1928;121;133;251;land;false;forest;2
1929;189;219;216;land;false;hills;4
1930;139;139;235;land;false;forest;1
1931;202;181;225;land;false;jungle;1
1932;236;251;225;land;false;plains;2
1933;166;227;184;land;false;jungle;4
1934;124;193;244;land;false;plains;2
1935;243;234;148;land;false;forest;3
1936;192;252;63;land;false;jungle;1
1937;223;50;246;land;false;plains;6
1938;223;184;239;land;false;forest;6
1939;180;240;224;land;false;marsh;2
1940;165;254;224;land;false;plains;1
1941;140;212;225;land;true;forest;7
1942;189;229;88;land;true;forest;4
1943;231;231;156;land;false;plains;2
1944;172;139;233;land;false;plains;1
1945;207;244;150;land;false;jungle;2
1946;154;219;242;land;true;plains;5
1947;148;165;223;land;true;plains;3
1948;204;134;181;land;false;plains;2
1949;219;215;183;land;true;forest;2
1950;192;192;157;land;false;forest;1
1951;234;148;161;land;false;plains;4
1952;192;89;234;land;false;plains;4
1953;217;119;176;land;false;forest;1
1954;96;174;238;land;false;hills;3
1955;141;232;164;land;false;jungle;4
1956;204;145;210;land;false;plains;2
1957;196;143;244;land;true;forest;2
1958;176;206;176;land;true;plains;4
1959;79;245;211;land;false;mountain;1
1960;237;64;219;land;false;plains;6
1961;159;227;213;land;false;desert;1
1962;201;177;209;land;false;forest;4
1963;230;92;225;land;false;hills;5
1964;192;158;223;land;false;jungle;2
1965;148;217;183;land;false;marsh;2
1966;232;134;152;land;false;hills;1
1967;96;180;241;land;false;plains;3
1968;252;215;161;land;false;mountain;1
1969;149;111;246;land;true;forest;1
1970;215;57;233;land;false;plains;3
1971;180;219;152;land;false;desert;4
1972;223;206;106;land;false;mountain;3
1973;74;237;201;land;true;plains;6
1974;188;254;240;land;false;forest;3
1975;215;213;203;land;false;hills;4
1976;186;249;102;land;false;hills;1
1977;167;169;223;land;false;forest;1
1978;132;234;214;land;false;marsh;4
1979;81;232;221;land;false;mountain;3
1980;186;161;215;land;false;jungle;1
1981;136;197;172;land;false;hills;5
1982;171;116;216;land;false;hills;3
1983;84;201;249;land;false;plains;2
1984;133;254;174;land;false;forest;1
1985;229;171;216;land;false;hills;3
1986;237;248;34;land;false;marsh;2
1987;190;122;216;land;false;mountain;2
1988;90;252;216;land;false;forest;3
1989;179;136;245;land;false;marsh;3
1990;241;113;194;land;false;plains;2
1991;123;199;244;land;false;jungle;3
1992;161;249;192;land;false;desert;1
1993;149;243;252;land;false;marsh;4
1994;170;161;194;land;false;jungle;2
1995;155;222;132;land;false;hills;5
1996;173;212;188;land;true;plains;1
1997;251;32;226;land;false;forest;3
1998;240;187;124;land;false;plains;1
1999;233;127;200;land;false;mountain;1
2000;249;81;180;land;false;jungle;2
2001;98;214;248;land;false;mountain;2
2002;171;242;195;land;false;plains;2
2003;157;246;162;land;false;mountain;1
2004;202;221;222;land;false;jungle;4
2005;178;211;190;land;false;mountain;5
2006;240;223;134;land;false;forest;1
2007;105;247;207;land;false;plains;1
2008;246;202;105;land;false;forest;4
2009;220;84;202;land;false;hills;3
2010;246;134;125;land;false;forest;4
2011;230;115;253;land;false;plains;7
2012;128;198;250;land;false;mountain;5
2013;237;208;237;land;false;forest;3
2014;187;223;177;land;true;forest;6
2015;215;163;164;land;false;forest;4
2016;129;181;247;land;false;hills;1
2017;218;187;106;land;false;hills;4
2018;188;165;226;land;false;plains;3
2019;242;254;209;land;false;marsh;4
2020;167;213;187;land;false;forest;3
2021;249;194;89;land;false;forest;3
2022;222;247;114;land;true;plains;6
2023;177;212;219;land;false;forest;1
2024;250;196;141;land;false;plains;3
2025;193;219;170;land;false;plains;1
2026;246;158;241;land;false;plains;6
2027;44;229;232;land;false;marsh;1
2028;172;235;251;land;true;forest;1
2029;241;113;248;land;false;hills;2
2030;235;132;193;land;false;plains;2
2031;219;197;223;land;false;jungle;3
2032;206;241;213;land;false;plains;1
2033;231;243;114;land;false;plains;3
2034;224;138;229;land;false;plains;1
2035;233;189;141;land;true;plains;6
2036;206;253;94;land;false;hills;2
2037;160;130;214;land;false;plains;2
2038;232;64;230;land;true;plains;3
2039;240;187;211;land;false;mountain;5
2040;226;160;117;land;false;forest;3
2041;181;182;181;land;false;plains;2
2042;185;125;220;land;false;mountain;5
2043;149;254;151;land;false;forest;1
2044;214;252;183;land;false;mountain;3
2045;230;254;85;land;false;hills;2
2046;243;217;214;land;false;mountain;1
2047;232;240;228;land;false;desert;2
2048;235;153;163;land;false;mountain;3
2049;227;251;84;land;false;mountain;1
2050;201;192;216;land;false;jungle;4
2051;228;240;189;land;true;plains;3
2052;234;171;117;land;false;jungle;3
2053;166;216;252;land;false;plains;2
2054;140;204;166;land;false;mountain;1
2055;250;143;134;land;false;forest;4
2056;209;119;175;land;true;forest;4
2057;104;202;231;land;false;plains;6
2058;132;117;253;land;false;forest;2
2059;155;228;198;land;false;forest;3
2060;240;153;113;land;true;plains;5
2061;225;236;75;land;true;forest;1
2062;69;250;226;land;false;mountain;3
2063;162;144;245;land;true;plains;1
2064;181;243;177;land;true;plains;1
2065;179;162;244;land;true;forest;5
2066;207;69;244;land;true;plains;2
2067;172;252;220;land;false;desert;1
2068;143;222;217;land;false;urban;1
2069;240;162;173;land;false;jungle;2
2070;229;96;179;land;false;plains;1
2071;250;242;37;land;true;plains;4
2072;232;248;146;land;false;jungle;3
2073;245;210;162;land;false;plains;4
2074;244;105;238;land;false;plains;2
2075;167;136;248;land;false;plains;3
2076;124;168;230;land;false;forest;2
2077;167;146;189;land;true;hills;3
2078;254;131;163;land;true;plains;6
2079;57;239;211;land;false;jungle;3
2080;124;174;223;land;false;marsh;4
2081;106;225;248;land;false;plains;3
2082;240;57;208;land;false;mountain;2
2083;231;209;63;land;false;marsh;1
2084;183;219;100;land;false;hills;4
2085;203;139;241;land;true;plains;4
2086;231;235;101;land;false;forest;3
2087;181;114;234;land;false;mountain;5
2088;172;103;226;land;true;forest;2
2089;112;213;198;land;false;plains;1
2090;234;238;147;land;false;forest;7
2091;143;210;193;land;false;desert;4
2092;238;210;166;land;false;forest;2
2093;222;119;239;land;true;plains;5
2094;165;183;182;land;false;desert;4
2095;227;125;176;land;false;plains;2
2096;224;194;208;land;false;mountain;3
2097;126;243;141;land;false;plains;2
2098;196;160;157;land;true;urban;2
2099;228;243;249;land;false;forest;2
2100;127;169;241;land;false;forest;3
2101;140;251;131;land;false;jungle;2
2102;219;225;105;land;false;plains;4
2103;105;198;245;land;false;forest;2
2104;111;236;231;land;false;forest;3
2105;89;252;249;land;false;hills;4
2106;230;148;131;land;false;desert;1
2107;133;224;171;land;false;mountain;2
2108;176;179;234;land;false;desert;4
2109;121;240;243;land;false;mountain;1
2110;197;205;233;land;true;plains;3
2111;134;218;205;land;false;hills;1
2112;186;201;243;land;false;forest;2
2113;211;187;239;land;false;plains;1
2114;203;193;240;land;true;plains;1
2115;141;204;165;land;true;hills;5
2116;117;172;229;land;true;hills;1
2117;242;158;128;land;true;jungle;4
2118;251;187;159;land;false;hills;2
2119;237;168;142;land;true;plains;6
2120;173;183;244;land;false;plains;6
2121;249;81;216;land;false;plains;1
2122;221;198;190;land;false;jungle;2
2123;177;97;237;land;false;forest;1
2124;236;111;181;land;true;hills;5
2125;205;155;230;land;false;mountain;3
2126;197;208;133;land;false;desert;4
2127;146;210;184;land;true;plains;2
2128;244;140;172;land;false;jungle;2
2129;233;140;228;land;true;plains;1
2130;210;149;149;land;true;plains;1
2131;88;235;209;land;false;plains;1
2132;234;208;170;land;false;jungle;4
2133;238;120;190;land;true;forest;3
2134;235;227;77;land;false;plains;1
2135;225;172;240;land;false;hills;1
2136;167;137;232;land;false;plains;6
2137;243;123;145;land;false;forest;3
2138;226;248;65;land;true;plains;2
2139;182;238;221;land;false;plains;3
2140;215;108;209;land;false;mountain;5
2141;212;153;191;land;false;forest;1
2142;254;227;221;land;false;plains;2
2143;75;215;216;land;false;plains;1
2144;166;250;240;land;false;plains;3
2145;216;234;184;land;false;plains;2
2146;166;197;209;land;false;desert;1
2147;231;137;169;land;false;mountain;5
2148;197;164;221;land;false;marsh;4
2149;220;117;226;land;false;desert;1
2150;147;184;172;land;false;plains;1
2151;91;181;236;land;false;plains;6
2152;133;251;134;land;false;forest;1
2153;166;243;248;land;false;forest;1
2154;227;233;145;land;false;plains;1
2155;204;127;175;land;false;jungle;1
2156;180;227;245;land;false;hills;1
2157;251;229;229;land;false;marsh;4
2158;113;175;234;land;false;forest;3
2159;188;211;164;land;false;mountain;1
2160;223;173;112;land;false;plains;1
2161;160;235;211;land;false;forest;4
2162;217;223;238;land;true;plains;2
2163;244;75;248;land;false;forest;1
2164;253;216;172;land;false;hills;3
2165;204;226;93;land;false;desert;1
2166;139;236;219;land;true;jungle;4
2167;220;199;251;land;false;desert;4
2168;211;249;117;land;false;plains;4
2169;194;209;155;land;false;forest;1
2170;216;232;166;land;false;mountain;5
2171;198;142;185;land;false;desert;1
2172;119;222;163;land;false;hills;2
2173;254;192;104;land;false;forest;1
2174;250;152;126;land;true;plains;3
2175;248;218;191;land;false;mountain;4
2176;226;215;192;land;true;plains;1
2177;220;171;146;land;false;forest;4
2178;118;246;234;land;false;forest;3
2179;243;162;99;land;false;hills;2
2180;37;247;218;land;false;forest;5
2181;150;217;251;land;false;desert;1
2182;249;220;113;land;false;jungle;3
2183;41;213;252;land;false;mountain;5
2184;250;188;83;land;false;marsh;2
2185;136;237;234;land;false;forest;5
2186;210;166;208;land;false;hills;5
2187;187;107;216;land;true;mountain;3
2188;46;216;243;land;false;desert;1
2189;242;94;215;land;false;hills;4
2190;218;237;176;land;true;plains;6
2191;155;185;217;land;false;forest;2
2192;224;219;160;land;false;forest;2
2193;129;205;203;land;false;plains;1
2194;99;197;232;land;false;mountain;1
2195;101;211;226;land;false;forest;7
2196;233;211;174;land;false;marsh;4
2197;243;218;108;land;false;hills;1
2198;162;234;191;land;false;jungle;2
2199;253;199;96;land;false;forest;2
2200;244;150;191;land;false;plains;2
2201;128;179;252;land;false;mountain;4
2202;134;254;225;land;true;hills;5
2203;226;173;121;land;false;plains;2
2204;214;195;178;land;false;hills;1
2205;252;226;214;land;false;plains;3
2206;208;209;175;land;false;forest;1
2207;188;103;251;land;false;mountain;5
2208;194;232;204;land;false;desert;1
2209;223;135;226;land;false;mountain;5
2210;231;178;181;land;false;mountain;1
2211;167;241;160;land;false;hills;5
2212;251;239;205;land;false;jungle;1
2213;147;222;176;land;false;plains;2
2214;244;239;94;land;true;forest;4
2215;164;222;183;land;false;hills;1
2216;145;232;163;land;false;mountain;4
2217;201;220;240;land;false;desert;1
2218;134;223;252;land;false;forest;2
2219;193;108;236;land;false;forest;4
2220;222;164;161;land;true;forest;3
2221;250;109;185;land;false;plains;1
2222;216;155;204;land;false;forest;2
2223;182;225;203;land;false;desert;4
2224;112;248;153;land;true;marsh;4
2225;234;86;193;land;false;plains;4
2226;171;189;177;land;false;marsh;4
2227;165;228;186;land;false;forest;2
2228;252;71;251;land;false;plains;1
2229;208;222;133;land;true;plains;2
2230;170;224;130;land;false;forest;5
2231;141;237;129;land;false;plains;1
2232;205;53;253;land;false;hills;4
2233;154;222;159;land;false;mountain;1
2234;164;151;241;land;false;mountain;1
2235;182;192;253;land;false;plains;2
2236;248;118;210;land;true;hills;2
2237;232;89;245;land;false;hills;5
2238;213;200;190;land;false;plains;4
2239;230;119;234;land;false;forest;1
2240;188;218;104;land;true;plains;1
2241;229;43;249;land;false;plains;1
2242;243;227;103;land;false;mountain;1
2243;251;63;212;land;false;forest;1
2244;169;114;246;land;false;forest;1
2245;248;239;16;land;false;marsh;4
2246;171;238;219;land;false;plains;6
2247;193;242;227;land;false;desert;4
2248;162;241;128;land;false;marsh;4
2249;125;233;165;land;false;mountain;5
2250;156;153;192;land;false;plains;1
2251;188;199;146;land;false;forest;4
2252;227;109;238;land;false;forest;1
2253;237;200;98;land;true;plains;2
2254;230;177;203;land;false;forest;1
2255;176;246;102;land;false;hills;1
2256;145;167;208;land;false;forest;1
2257;232;225;63;land;true;jungle;4
2258;103;206;216;land;false;desert;4
2259;129;178;244;land;false;plains;1
2260;249;68;249;land;false;mountain;4
2261;171;226;218;land;false;marsh;2
2262;94;232;222;land;false;hills;2
2263;200;166;242;land;true;hills;5
2264;236;219;60;land;false;plains;1
2265;220;157;249;land;false;forest;1
2266;229;169;198;land;false;forest;4
2267;169;239;117;land;false;jungle;2
2268;228;253;69;land;false;marsh;4
2269;242;240;100;land;false;forest;3
2270;152;138;249;land;false;plains;2
2271;87;183;246;land;false;forest;1
2272;144;212;246;land;true;plains;3
2273;184;192;142;land;false;plains;6
2274;187;171;159;land;false;forest;2
2275;248;247;250;land;false;marsh;4
2276;154;149;244;land;false;plains;6
2277;175;241;242;land;false;jungle;2
2278;197;242;216;land;false;marsh;2
2279;216;51;244;land;false;plains;5
2280;199;166;181;land;false;forest;2
2281;159;232;132;land;false;hills;5
2282;238;254;254;land;false;forest;2
2283;245;182;164;land;false;marsh;4
2284;153;246;133;land;false;mountain;5
2285;97;204;222;land;false;mountain;1
2286;140;223;223;land;false;forest;1
2287;169;243;198;land;false;jungle;3
2288;132;231;147;land;false;forest;1
2289;237;202;165;land;false;forest;4
2290;167;204;216;land;false;desert;1
2291;228;209;76;land;false;mountain;1
2292;249;160;132;land;false;jungle;1
2293;202;102;239;land;false;mountain;2
2294;87;252;239;land;true;forest;1
2295;221;176;226;land;false;plains;3
2296;214;175;228;land;false;desert;2
2297;95;204;213;land;false;plains;2
2298;224;147;156;land;false;hills;5
2299;157;249;220;land;false;hills;1
2300;228;34;254;land;false;hills;5
2301;248;246;181;land;false;plains;2
2302;217;67;219;land;false;jungle;1
2303;187;208;200;land;false;desert;2
2304;128;221;178;land;true;forest;5
2305;149;185;210;land;false;desert;1
2306;239;254;101;land;false;jungle;2
2307;174;250;227;land;false;plains;4
2308;247;18;240;land;false;jungle;4
2309;93;207;210;land;false;hills;1
2310;229;210;161;land;false;plains;1
2311;66;234;215;land;false;plains;2
2312;170;210;170;land;false;hills;4
2313;142;199;215;land;true;plains;3
2314;204;186;233;land;false;plains;6
2315;245;245;233;land;false;desert;1
2316;252;243;201;land;false;plains;1
2317;121;197;195;land;false;plains;1
2318;246;231;142;land;false;forest;3
2319;167;108;247;land;false;forest;3
2320;251;249;23;land;false;mountain;1
2321;222;116;237;land;false;forest;4
2322;147;147;231;land;false;forest;1
2323;221;244;208;land;false;desert;1
2324;216;218;239;land;false;plains;3
2325;178;221;226;land;false;plains;3
2326;213;195;196;land;false;plains;1
2327;196;135;191;land;false;jungle;2
2328;155;239;237;land;false;forest;1
2329;160;197;204;land;false;desert;2
2330;217;241;95;land;false;forest;2
2331;210;91;230;land;true;forest;4
2332;204;80;246;land;false;desert;1
2333;192;144;212;land;false;forest;3
2334;213;239;105;land;false;hills;1
2335;205;204;195;land;false;plains;3
2336;182;169;198;land;true;forest;7
2337;210;168;131;land;false;plains;3
2338;235;239;97;land;false;forest;1
2339;167;208;208;land;true;forest;4
2340;141;220;201;land;false;plains;2
2341;230;218;250;land;false;plains;1
2342;238;206;174;land;false;marsh;7
2343;221;245;234;land;true;forest;3
2344;185;226;110;land;false;urban;2
2345;165;194;145;land;false;hills;2
2346;242;247;217;land;false;hills;3
2347;120;207;189;land;false;plains;2
2348;183;190;141;land;true;plains;5
2349;192;184;227;land;false;desert;1
2350;156;209;243;land;false;desert;1
2351;134;241;243;land;false;jungle;4
2352;122;168;230;land;false;forest;1
2353;250;193;229;land;false;hills;5
2354;114;156;242;land;false;plains;3
2355;169;114;226;land;false;plains;3
2356;249;122;133;land;false;jungle;3
2357;216;102;241;land;false;plains;2
2358;205;193;251;land;false;hills;1
2359;119;231;154;land;true;forest;3
2360;254;208;132;land;false;hills;2
2361;226;212;249;land;false;mountain;5
2362;207;114;228;land;true;plains;5
2363;225;173;221;land;false;mountain;5
2364;244;213;63;land;false;forest;4
2365;205;130;233;land;false;plains;2
2366;211;203;164;land;true;forest;2
2367;246;247;34;land;false;desert;1
2368;231;224;172;land;false;mountain;3
2369;244;237;197;land;false;plains;2
2370;207;73;254;land;false;mountain;3
2371;145;235;164;land;true;forest;4
2372;191;248;251;land;false;plains;6
2373;190;240;224;land;false;forest;4
2374;219;230;200;land;false;plains;1
2375;217;213;144;land;false;forest;2
2376;247;215;106;land;false;forest;1
2377;241;149;181;land;false;forest;1
2378;108;210;234;land;false;hills;2
2379;225;98;226;land;false;plains;2
2380;221;211;167;land;false;forest;1
2381;168;178;240;land;false;forest;1
2382;228;146;224;land;false;forest;1
2383;249;130;252;land;true;forest;4
2384;208;127;177;land;false;forest;2
2385;158;230;203;land;false;desert;1
2386;151;247;157;land;false;mountain;4
2387;118;227;253;land;false;desert;4
2388;172;178;220;land;false;plains;1
2389;142;210;165;land;false;mountain;5
2390;47;242;225;land;false;plains;2
2391;195;130;254;land;true;plains;2
2392;106;200;212;land;false;forest;1
2393;227;78;233;land;false;mountain;1
2394;140;144;243;land;true;plains;1
2395;213;171;119;land;false;mountain;7
2396;248;196;226;land;false;plains;1
2397;72;253;210;land;false;desert;1
2398;139;246;123;land;false;forest;2
2399;233;196;248;land;false;hills;2
2400;223;181;109;land;false;desert;4
2401;229;185;200;land;true;hills;3
2402;107;158;238;land;false;marsh;2
2403;165;219;200;land;false;mountain;1
2404;146;187;198;land;false;hills;1
2405;107;212;221;land;false;desert;1
2406;228;218;73;land;false;mountain;3
2407;240;231;49;land;false;marsh;4
2408;187;220;120;land;false;desert;2
2409;191;226;128;land;false;mountain;5
2410;227;202;124;land;false;jungle;2
2411;243;95;224;land;false;forest;5
2412;203;135;232;land;false;jungle;3
2413;227;156;175;land;false;jungle;2
2414;242;238;172;land;true;forest;1
2415;215;207;160;land;false;forest;4
2416;241;155;179;land;false;hills;3
2417;211;200;105;land;false;hills;1
2418;83;223;200;land;false;forest;4
2419;250;203;143;land;true;forest;3
2420;244;184;91;land;false;plains;2
2421;185;233;122;land;false;forest;1
2422;174;223;139;land;false;plains;1
2423;193;220;107;land;false;hills;1
2424;160;222;154;land;false;mountain;1
2425;163;219;197;land;false;marsh;4
2426;252;66;238;land;false;jungle;4
2427;158;244;149;land;false;jungle;1
2428;193;217;240;land;true;plains;5
2429;178;129;221;land;false;forest;4
2430;194;154;208;land;false;mountain;3
2431;250;171;102;land;false;mountain;1
2432;28;246;228;land;true;forest;3
2433;250;184;137;land;false;plains;2
2434;198;163;146;land;false;plains;1
2435;168;199;240;land;false;hills;1
2436;251;133;219;land;false;mountain;5
2437;171;154;222;land;false;jungle;2
2438;177;200;165;land;false;jungle;3
2439;135;219;241;land;false;hills;4
2440;234;221;120;land;false;urban;4
2441;229;165;167;land;false;hills;3
2442;165;232;202;land;false;mountain;5
2443;116;244;202;land;true;forest;4
2444;222;170;182;land;false;hills;1
2445;122;160;244;land;false;forest;3
2446;14;252;250;land;false;forest;3
2447;190;205;134;land;false;marsh;4
2448;237;139;240;land;false;hills;1
2449;147;204;223;land;true;plains;7
2450;183;166;205;land;false;forest;2
2451;245;197;112;land;false;plains;3
2452;107;198;241;land;false;plains;4
2453;191;170;206;land;true;plains;4
2454;207;215;178;land;true;forest;4
2455;237;239;249;land;false;hills;1
2456;218;194;250;land;false;forest;1
2457;190;195;173;land;false;forest;1
2458;166;222;238;land;false;plains;1
2459;208;248;204;land;false;plains;2
2460;191;192;155;land;false;plains;1
2461;182;139;233;land;false;hills;2
2462;204;162;193;land;false;mountain;1
2463;201;220;160;land;true;forest;7
2464;225;110;225;land;false;desert;1
2465;215;213;147;land;false;hills;2
2466;254;127;242;land;false;mountain;3
2467;243;141;155;land;true;mountain;3
2468;205;141;211;land;false;forest;2
2469;246;252;11;land;false;desert;2
2470;214;121;254;land;false;plains;2
2471;248;106;196;land;false;forest;1
2472;243;253;231;land;false;mountain;1
2473;217;130;242;land;false;jungle;4
2474;99;200;253;land;false;forest;1
2475;211;216;133;land;false;plains;2
2476;243;189;238;land;false;plains;1
2477;146;155;233;land;false;desert;1
2478;71;232;218;land;true;plains;2
2479;140;185;190;land;false;marsh;4
2480;220;226;252;land;false;jungle;1
2481;245;192;219;land;false;hills;4
2482;136;189;226;land;false;hills;5
2483;160;250;132;land;false;desert;1
2484;235;53;251;land;true;plains;3
2485;254;187;169;land;false;plains;1
2486;199;59;244;land;true;plains;3
2487;143;254;125;land;false;plains;4
2488;218;192;137;land;false;jungle;2
2489;224;62;221;land;false;marsh;2
2490;238;241;77;land;false;forest;4
2491;232;237;99;land;false;hills;1
2492;199;79;224;land;false;hills;1
2493;224;204;120;land;false;desert;1
2494;168;217;135;land;false;plains;1
2495;240;84;221;land;false;desert;4
2496;239;130;166;land;false;mountain;1
2497;174;195;182;land;true;forest;7
2498;222;250;93;land;false;forest;2
2499;211;251;206;land;true;plains;2
2500;225;245;173;land;false;plains;4
2501;244;198;147;land;false;plains;3
2502;107;228;219;land;false;mountain;5
2503;113;183;251;land;false;plains;1
2504;224;105;238;land;false;plains;1
2505;241;190;232;land;true;plains;7
2506;134;199;215;land;true;plains;6
2507;220;160;148;land;false;mountain;1
2508;218;199;223;land;false;forest;7
2509;174;163;226;land;false;forest;2
2510;142;178;217;land;false;hills;5
2511;185;251;254;land;true;forest;4
2512;183;202;225;land;false;hills;7
2513;176;240;254;land;false;forest;3
2514;163;248;95;land;true;forest;7
2515;151;220;247;land;false;hills;5
2516;76;217;220;land;false;forest;1
2517;169;144;207;land;false;plains;6
2518;177;227;179;land;false;desert;1
2519;148;149;215;land;false;forest;4
2520;218;94;217;land;false;plains;1
2521;157;231;219;land;false;desert;4
2522;254;211;77;land;false;marsh;2
2523;121;201;189;land;false;hills;5
2524;72;247;217;land;false;forest;3
2525;138;239;228;land;false;forest;4
2526;245;188;161;land;false;desert;1
2527;177;252;202;land;true;plains;6
2528;173;193;147;land;false;plains;3
2529;188;196;139;land;false;plains;3
2530;253;219;173;land;false;plains;1
2531;252;92;218;land;false;hills;5
2532;204;224;253;land;false;forest;1
2533;105;238;164;land;false;mountain;2
2534;248;102;202;land;false;forest;1
2535;252;181;152;land;false;plains;5
2536;92;230;238;land;false;hills;5
2537;221;152;216;land;false;plains;3
2538;165;164;218;land;false;desert;2
2539;193;234;83;land;false;marsh;4
2540;230;26;249;land;false;forest;1
2541;187;215;219;land;false;forest;1
2542;116;164;247;land;false;plains;2
2543;82;248;186;land;false;plains;2
2544;166;239;102;land;false;desert;4
2545;193;150;244;land;false;plains;2
2546;221;78;222;land;false;forest;1
2547;105;163;253;land;false;forest;1
2548;254;237;235;land;false;mountain;3
2549;227;226;133;land;false;forest;1
2550;233;202;227;land;false;forest;2
2551;249;120;208;land;false;mountain;3
2552;194;243;248;land;false;forest;3
2553;246;118;178;land;false;plains;2
2554;241;254;15;land;false;mountain;3
2555;168;242;227;land;false;forest;2
2556;220;179;206;land;false;hills;5
2557;168;210;151;land;false;forest;1
2558;114;249;183;land;false;plains;2
2559;173;118;246;land;false;forest;3
2560;241;105;168;land;false;forest;1
2561;238;121;144;land;false;marsh;4
2562;41;239;233;land;false;mountain;2
2563;235;157;207;land;false;desert;2
2564;235;129;221;land;false;forest;2
2565;163;213;220;land;false;plains;3
2566;224;174;201;land;false;plains;2
2567;188;217;215;land;false;hills;1
2568;247;170;113;land;false;plains;4
2569;181;230;210;land;false;mountain;5
2570;202;134;170;land;false;plains;1
2571;189;99;226;land;false;forest;5
2572;163;196;210;land;false;mountain;2
2573;239;218;236;land;true;plains;5
2574;65;203;241;land;false;plains;1
2575;157;137;251;land;true;plains;1
2576;121;226;170;land;false;jungle;2
2577;132;183;201;land;false;hills;3
2578;181;131;218;land;false;mountain;5
2579;177;202;219;land;false;forest;1
2580;247;176;116;land;false;mountain;3
2581;254;227;231;land;false;jungle;2
2582;226;249;165;land;false;forest;7
2583;254;236;152;land;false;marsh;4
2584;212;216;162;land;false;mountain;5
2585;122;236;242;land;true;plains;3
2586;211;246;246;land;false;desert;1
2587;193;154;221;land;false;mountain;2
2588;248;239;102;land;false;hills;5
2589;197;185;208;land;false;jungle;2
2590;217;139;243;land;false;plains;1
2591;225;167;164;land;true;mountain;5
2592;88;249;206;land;false;plains;2
2593;179;235;218;land;false;desert;2
2594;251;244;41;land;false;mountain;5
2595;200;218;232;land;true;plains;2
2596;236;151;254;land;false;forest;3
2597;124;225;214;land;false;forest;1
2598;222;224;227;land;false;forest;4
2599;166;174;188;land;false;mountain;5
2600;188;243;125;land;true;mountain;5
2601;208;85;253;land;true;plains;1
2602;239;219;102;land;false;mountain;3
2603;58;245;228;land;false;jungle;2
2604;211;159;186;land;false;mountain;5
2605;235;141;133;land;false;jungle;4
2606;228;189;214;land;false;forest;1
2607;159;234;236;land;false;plains;3
2608;209;104;247;land;false;plains;4
2609;208;193;199;land;true;plains;5
2610;203;199;207;land;false;hills;1
2611;183;254;65;land;false;marsh;4
2612;140;246;116;land;false;forest;1
2613;227;213;200;land;false;forest;3
2614;88;205;233;land;false;plains;2
2615;194;176;196;land;false;mountain;5
2616;148;197;235;land;false;jungle;2
2617;202;157;233;land;false;hills;1
2618;176;121;254;land;false;jungle;1
2619;186;195;236;land;false;forest;1
2620;156;209;138;land;false;plains;1
2621;90;254;170;land;false;jungle;4
2622;249;180;249;land;false;forest;3
2623;195;227;169;land;false;hills;1
2624;219;215;96;land;false;jungle;3
2625;190;249;135;land;true;forest;2
2626;111;206;200;land;false;mountain;1
2627;146;232;192;land;false;forest;4
2628;130;209;232;land;false;forest;4
2629;160;217;163;land;true;plains;6
2630;172;132;202;land;false;hills;1
2631;219;239;140;land;false;plains;3
2632;213;151;239;land;false;forest;3
2633;254;247;75;land;false;desert;2
2634;219;96;186;land;false;mountain;3
2635;146;235;212;land;false;plains;4
2636;177;158;249;land;false;plains;6
2637;217;225;165;land;false;plains;3
2638;74;209;227;land;true;plains;1
2639;70;197;243;land;false;plains;3
2640;99;239;186;land;true;plains;2
2641;200;235;71;land;false;jungle;4
2642;252;121;187;land;false;plains;3
2643;131;202;204;land;false;desert;4
2644;151;238;175;land;false;plains;3
2645;213;151;238;land;false;jungle;4
2646;120;213;244;land;false;forest;1
2647;238;213;236;land;false;mountain;3
2648;129;238;232;land;false;jungle;3
2649;227;156;247;land;false;mountain;5
2650;251;214;167;land;false;plains;1
2651;175;135;224;land;true;plains;3
2652;186;126;236;land;false;forest;2
2653;198;120;243;land;false;forest;1
2654;183;165;212;land;false;plains;1
2655;230;206;156;land;false;mountain;7
2656;220;127;250;land;false;hills;2
2657;131;161;217;land;false;jungle;3
2658;163;221;249;land;false;mountain;1
2659;144;197;160;land;false;plains;2
2660;185;134;222;land;false;plains;3
2661;44;223;238;land;false;marsh;4
2662;240;92;233;land;false;jungle;2
2663;122;246;145;land;false;desert;1
2664;142;174;221;land;false;urban;1
2665;143;230;195;land;false;plains;2
2666;251;198;239;land;false;forest;1
2667;165;247;254;land;true;forest;4
2668;237;217;139;land;false;plains;1
2669;168;220;227;land;false;forest;7
2670;168;91;250;land;false;forest;3
2671;244;177;247;land;false;hills;1
2672;248;250;119;land;false;desert;1
2673;194;210;248;land;false;hills;5
2674;213;209;169;land;false;plains;4
2675;234;215;203;land;false;marsh;4
2676;197;149;232;land;false;forest;3
2677;171;107;232;land;false;plains;4
2678;245;124;191;land;false;mountain;2
2679;92;241;245;land;false;hills;5
2680;128;248;154;land;true;hills;7
2681;223;100;197;land;false;marsh;4
2682;184;213;205;land;true;forest;4
2683;241;78;211;land;false;hills;4
2684;221;247;172;land;false;plains;3
2685;109;232;247;land;false;hills;5
2686;148;186;205;land;true;forest;4
2687;252;113;235;land;false;jungle;4
2688;172;98;252;land;false;desert;2
2689;238;180;141;land;false;forest;3
2690;176;189;199;land;false;marsh;2
2691;174;250;102;land;false;urban;2
2692;196;252;93;land;false;jungle;3
2693;254;106;202;land;false;plains;1
2694;241;206;167;land;false;plains;1
2695;93;236;254;land;true;plains;2
2696;73;232;250;land;false;forest;1
2697;197;249;117;land;true;plains;3
2698;239;100;184;land;false;forest;3
2699;202;173;164;land;false;plains;1
2700;180;151;223;land;false;forest;2
2701;243;192;124;land;false;plains;3
2702;239;205;94;land;false;forest;1
2703;119;228;168;land;false;hills;5
2704;228;146;220;land;false;jungle;3
2705;199;185;219;land;false;mountain;7
2706;245;56;211;land;false;mountain;1
2707;214;225;140;land;false;forest;2
2708;93;202;253;land;false;mountain;3
2709;143;243;186;land;false;plains;2
2710;123;243;212;land;false;forest;4
2711;196;246;161;land;true;mountain;7
2712;248;151;229;land;false;desert;1
2713;159;201;205;land;false;plains;1
2714;227;97;239;land;false;jungle;1
2715;190;240;164;land;false;forest;1
2716;145;157;231;land;false;plains;2
2717;161;199;198;land;true;plains;2
2718;197;249;87;land;false;jungle;4
2719;152;162;203;land;true;plains;4
2720;195;244;174;land;false;plains;6
2721;101;230;204;land;false;plains;1
2722;173;177;240;land;false;plains;1
2723;245;119;139;land;false;forest;2
2724;237;203;171;land;false;mountain;5
2725;156;151;245;land;false;plains;1
2726;231;213;254;land;false;plains;1
2727;140;226;228;land;false;marsh;4
2728;206;238;162;land;false;forest;1
2729;143;229;187;land;false;plains;1
2730;228;174;168;land;false;desert;1
2731;143;252;188;land;false;hills;2
2732;169;239;217;land;false;hills;2
2733;217;188;252;land;false;marsh;4
2734;247;28;242;land;false;forest;1
2735;235;115;230;land;false;mountain;5
2736;132;138;232;land;false;plains;3
2737;168;234;175;land;false;mountain;5
2738;130;232;205;land;false;hills;4
2739;229;226;86;land;false;desert;2
2740;189;221;203;land;false;forest;1
2741;247;205;65;land;false;desert;1
2742;170;181;176;land;true;plains;5
2743;254;136;159;land;false;hills;1
2744;245;161;121;land;false;mountain;5
2745;245;206;114;land;false;jungle;4
2746;193;252;97;land;false;plains;4
2747;218;219;235;land;false;mountain;4
2748;246;222;143;land;false;mountain;5
2749;185;209;217;land;false;hills;2
2750;231;91;225;land;false;mountain;4
2751;177;152;254;land;false;jungle;4
2752;197;219;114;land;true;forest;2
2753;250;74;250;land;true;forest;7
2754;248;204;201;land;false;marsh;4
2755;172;223;208;land;false;hills;4
2756;135;253;205;land;false;jungle;1
2757;253;249;105;land;false;forest;1
2758;194;133;174;land;false;desert;2
2759;114;239;173;land;false;plains;2
2760;238;231;239;land;false;forest;1
2761;198;113;200;land;false;plains;1
2762;95;229;205;land;false;plains;2
2763;250;172;218;land;false;plains;5
2764;83;241;202;land;false;plains;1
2765;171;204;229;land;false;plains;4
2766;71;208;229;land;true;forest;3
2767;157;246;126;land;true;plains;6
2768;173;144;248;land;false;forest;2
2769;207;142;187;land;false;marsh;4
2770;240;205;65;land;true;plains;5
2771;197;234;227;land;false;forest;1
2772;242;204;172;land;false;forest;2
2773;83;234;218;land;false;mountain;1
2774;220;243;98;land;false;jungle;3
2775;239;200;230;land;false;forest;1
2776;123;211;186;land;false;forest;1
2777;161;238;142;land;false;plains;2
2778;114;202;208;land;false;jungle;1
2779;238;149;181;land;true;plains;2
2780;221;82;219;land;false;hills;1
2781;171;234;249;land;false;forest;1
2782;141;114;254;land;true;plains;3
2783;146;171;227;land;false;forest;3
2784;232;159;116;land;false;plains;2
2785;233;172;119;land;false;hills;1
2786;223;236;67;land;false;forest;2
2787;192;228;128;land;false;forest;3
2788;101;254;224;land;true;plains;4
2789;122;210;239;land;false;desert;1
2790;247;152;231;land;false;desert;1
2791;147;142;239;land;false;forest;3
2792;153;253;225;land;false;jungle;3
2793;198;111;250;land;false;desert;2
2794;139;236;248;land;false;mountain;5
2795;228;166;144;land;false;mountain;2
2796;94;201;225;land;false;desert;2
2797;160;108;236;land;false;forest;2
2798;183;247;157;land;false;forest;2
2799;185;254;68;land;false;hills;2
2800;234;134;231;land;false;jungle;4
2801;44;243;227;land;false;mountain;3
2802;242;38;239;land;false;plains;2
2803;215;216;172;land;false;plains;2
2804;249;148;251;land;false;forest;1
2805;171;190;249;land;false;forest;3
2806;148;253;181;land;false;marsh;4
2807;222;213;75;land;false;jungle;1
2808;220;80;225;land;false;forest;3
2809;221;208;170;land;false;mountain;1
2810;208;178;223;land;false;jungle;1
2811;227;211;234;land;true;plains;4
2812;212;159;177;land;false;forest;1
2813;238;112;219;land;false;jungle;2
2814;207;104;228;land;false;plains;2
2815;161;251;175;land;true;plains;7
2816;79;237;196;land;false;mountain;5
2817;224;157;124;land;false;forest;3
2818;203;115;244;land;false;marsh;4
2819;241;44;252;land;false;forest;4
2820;174;228;228;land;false;mountain;5
2821;242;219;41;land;true;forest;4
2822;186;137;178;land;false;plains;4
2823;248;149;114;land;false;jungle;1
2824;240;217;160;land;true;plains;3
2825;185;198;119;land;false;desert;1
2826;227;46;237;land;false;forest;2
2827;170;223;166;land;false;forest;4
2828;111;252;153;land;false;forest;1
2829;58;225;218;land;true;hills;1
2830;237;82;213;land;false;jungle;4
2831;233;173;225;land;false;forest;5
2832;221;86;202;land;false;hills;4
2833;221;244;147;land;true;plains;3
2834;229;96;238;land;false;forest;4
2835;230;153;246;land;true;plains;1
2836;241;68;194;land;false;jungle;4
2837;186;180;175;land;false;forest;3
2838;245;157;254;land;false;jungle;2
2839;130;181;247;land;false;plains;3
2840;184;181;212;land;false;plains;3
2841;236;92;190;land;false;hills;1
2842;129;148;241;land;false;plains;3
2843;182;189;203;land;false;plains;1
2844;197;184;152;land;false;plains;2
2845;196;96;234;land;false;plains;5
2846;205;231;163;land;false;mountain;2
2847;62;254;226;land;false;mountain;5
2848;120;235;236;land;false;jungle;3
2849;166;126;228;land;false;forest;2
2850;166;161;206;land;false;hills;7
2851;240;19;243;land;true;plains;2
2852;217;177;112;land;false;plains;2
2853;242;189;121;land;false;mountain;5
2854;176;226;163;land;false;plains;2
2855;239;123;170;land;false;mountain;3
2856;178;165;222;land;false;forest;3
2857;124;144;251;land;true;jungle;4
2858;239;204;162;land;false;marsh;3
2859;167;88;248;land;false;hills;1
2860;240;121;150;land;true;plains;7
2861;247;250;121;land;false;plains;2
2862;230;187;236;land;false;hills;1
2863;117;254;155;land;false;mountain;5
2864;132;179;238;land;false;forest;3
2865;206;75;222;land;false;hills;5
2866;217;239;235;land;false;plains;4
2867;250;180;245;land;false;hills;7
2868;240;187;86;land;false;mountain;1
2869;113;243;151;land;false;forest;3
2870;242;226;219;land;false;marsh;4
2871;237;198;116;land;false;mountain;3
2872;219;189;146;land;false;mountain;1
2873;177;220;201;land;false;jungle;2
2874;240;178;216;land;true;forest;3
2875;241;249;200;land;true;forest;2
2876;235;168;107;land;false;jungle;1
2877;215;137;210;land;false;hills;3
2878;205;121;227;land;true;plains;5
2879;187;202;157;land;true;forest;1
2880;136;167;219;land;false;forest;3
2881;134;234;150;land;false;jungle;4
2882;204;134;183;land;false;mountain;1
2883;206;216;120;land;false;jungle;3
2884;208;207;172;land;false;forest;1
2885;233;244;61;land;false;forest;1
2886;170;138;208;land;false;jungle;4
2887;204;243;97;land;true;plains;5
2888;205;176;186;land;false;mountain;7
2889;191;94;251;land;false;forest;1
2890;245;206;73;land;false;hills;5
2891;239;31;236;land;false;mountain;1
2892;117;209;253;land;false;desert;4
2893;115;224;163;land;false;forest;3
2894;162;238;169;land;true;plains;3
2895;222;64;233;land;false;hills;5
2896;49;241;232;land;false;plains;6
2897;198;249;176;land;false;hills;5
2898;173;208;219;land;false;marsh;4
2899;219;183;210;land;false;forest;3
2900;144;196;231;land;false;mountain;2
2901;207;129;174;land;false;mountain;5
2902;171;195;206;land;false;plains;2
2903;167;226;147;land;false;forest;1
2904;195;234;162;land;false;plains;2
2905;204;109;201;land;false;plains;2
2906;172;131;229;land;false;plains;1
2907;137;212;231;land;true;forest;4
2908;198;249;232;land;true;hills;3
2909;146;211;233;land;true;plains;6
2910;156;242;222;land;false;plains;4
2911;211;246;139;land;false;forest;1
2912;220;167;183;land;true;forest;4
2913;201;238;111;land;false;plains;1
2914;148;145;234;land;false;plains;1
2915;204;192;111;land;true;forest;4
2916;207;227;166;land;true;plains;5
2917;43;252;225;land;false;forest;4
2918;196;216;124;land;false;hills;5
2919;207;228;246;land;false;plains;1
2920;251;233;66;land;false;mountain;3
2921;178;183;181;land;false;plains;2
2922;143;242;205;land;false;plains;1
2923;164;170;245;land;false;plains;6
2924;245;124;154;land;true;plains;5
2925;251;246;54;land;false;mountain;5
2926;141;207;235;land;false;marsh;4
2927;189;153;169;land;false;jungle;1
2928;222;238;161;land;false;plains;2
2929;215;77;217;land;true;forest;3
2930;216;238;125;land;false;forest;2
2931;227;221;82;land;false;mountain;1
2932;249;177;243;land;true;urban;4
2933;248;109;149;land;false;forest;1
2934;249;253;4;land;false;forest;3
2935;242;250;129;land;false;plains;4
2936;211;148;244;land;false;desert;1
2937;242;21;245;land;false;mountain;4
2938;94;219;243;land;false;plains;2
2939;212;186;180;land;false;plains;2
2940;241;96;164;land;false;forest;1
2941;207;191;192;land;false;plains;2
2942;138;155;218;land;false;desert;1
2943;244;158;218;land;false;plains;2
2944;183;237;133;land;true;forest;4
2945;149;150;238;land;true;mountain;2
2946;204;209;115;land;false;plains;2
2947;98;201;248;land;false;jungle;2
2948;233;212;168;land;true;plains;4
2949;157;111;244;land;false;desert;4
2950;203;112;194;land;true;plains;7
2951;188;232;148;land;false;plains;3
2952;248;150;182;land;false;forest;4
2953;234;126;205;land;false;mountain;5
2954;249;167;226;land;false;plains;2
2955;85;239;245;land;false;desert;4
2956;235;114;226;land;false;hills;2
2957;196;248;242;land;false;forest;1
2958;117;178;210;land;false;forest;1
2959;117;231;213;land;false;marsh;2
2960;129;224;179;land;false;jungle;2
2961;205;156;238;land;false;forest;1
2962;192;242;244;land;false;forest;4
2963;204;250;103;land;true;forest;4
2964;249;242;226;land;false;hills;5
2965;240;84;211;land;false;hills;2
2966;130;240;242;land;false;desert;1
2967;225;210;154;land;false;forest;1
2968;152;219;196;land;false;forest;3
2969;142;231;167;land;false;mountain;1
2970;164;186;186;land;false;jungle;1
2971;149;166;240;land;false;mountain;5
2972;133;153;239;land;true;forest;1
2973;246;89;242;land;false;forest;3
2974;162;203;242;land;false;forest;3
2975;220;243;43;land;false;forest;2
2976;239;199;144;land;false;forest;1
2977;45;216;248;land;false;plains;1
2978;154;156;227;land;false;forest;5
2979;192;214;185;land;false;forest;1
2980;180;137;246;land;false;forest;1
2981;45;241;215;land;false;plains;1
2982;254;193;55;land;false;plains;3
2983;254;232;47;land;true;plains;4
2984;184;249;182;land;false;hills;1
2985;165;223;190;land;false;plains;1
2986;133;214;166;land;true;forest;2
2987;113;233;225;land;true;forest;5
2988;204;234;182;land;false;forest;4
2989;203;200;210;land;false;forest;1
2990;229;205;222;land;false;forest;2
2991;252;118;235;land;false;forest;3
2992;231;226;154;land;false;forest;1
2993;181;247;210;land;false;plains;2
2994;196;249;80;land;false;forest;4
2995;246;124;192;land;false;hills;5
2996;200;245;184;land;false;forest;1
2997;241;119;186;land;false;hills;1
2998;120;241;223;land;true;plains;6
2999;209;231;140;land;false;forest;4
3000;231;237;124;land;false;plains;4
3001;252;116;214;land;false;jungle;1
3002;143;207;161;land;false;marsh;4
3003;195;185;218;land;true;forest;7
3004;224;203;138;land;false;hills;1
3005;191;241;140;land;false;plains;1
3006;232;92;234;land;false;plains;4
3007;186;246;221;land;true;forest;6
3008;248;108;167;land;false;mountain;5
3009;232;57;240;land;false;forest;2
3010;145;166;232;land;false;forest;1
3011;221;202;219;land;false;forest;1
3012;225;105;242;land;false;desert;2
3013;69;210;254;land;false;plains;1
3014;179;123;202;land;false;plains;2
3015;103;226;222;land;false;marsh;4
3016;225;206;247;land;false;hills;7
3017;178;133;210;land;false;plains;2
3018;157;206;153;land;false;plains;1
3019;119;213;246;land;false;jungle;1
3020;155;207;214;land;false;forest;1
3021;206;136;198;land;false;plains;5
3022;161;220;120;land;false;desert;4
3023;189;229;244;land;false;jungle;4
3024;145;240;151;land;false;mountain;2
3025;140;182;238;land;false;mountain;1
3026;248;80;195;land;true;forest;4
3027;159;170;246;land;false;forest;5
3028;251;184;249;land;false;mountain;5
3029;246;137;152;land;false;hills;2
3030;246;142;231;land;false;desert;1
3031;252;96;174;land;false;mountain;2
3032;203;93;210;land;false;jungle;4
3033;253;232;54;land;false;mountain;1
3034;186;247;243;land;false;plains;2
3035;182;231;188;land;false;hills;5
3036;250;202;168;land;false;hills;5
3037;247;239;18;land;false;desert;4
3038;104;200;236;land;false;jungle;3
3039;194;163;237;land;false;desert;1
3040;207;211;141;land;false;plains;2
3041;249;186;200;land;false;plains;2
3042;239;204;133;land;false;hills;1
3043;124;248;195;land;false;forest;1
3044;181;195;139;land;false;marsh;4
3045;167;215;170;land;false;plains;1
3046;144;209;202;land;false;mountain;2
3047;251;190;152;land;false;hills;5
3048;126;182;253;land;false;forest;5
3049;226;152;185;land;false;hills;5
3050;135;194;228;land;false;forest;2
3051;236;144;242;land;false;desert;4
3052;121;233;223;land;false;jungle;1
3053;167;145;230;land;true;hills;5
3054;220;136;240;land;false;plains;5
3055;111;205;229;land;false;marsh;4
3056;207;189;238;land;false;hills;5
3057;181;242;227;land;false;forest;1
3058;229;175;218;land;false;plains;1
3059;196;242;231;land;false;hills;5
3060;201;148;157;land;false;hills;1
3061;232;235;67;land;true;plains;5
3062;134;222;238;land;false;mountain;1
3063;111;224;197;land;false;plains;4
3064;154;181;237;land;true;plains;4
3065;204;203;126;land;true;plains;1
3066;230;236;143;land;false;jungle;3
3067;227;174;131;land;false;mountain;5
3068;254;233;88;land;false;mountain;1
3069;131;226;168;land;false;hills;1
3070;192;130;190;land;false;forest;1
3071;251;215;53;land;false;hills;1
3072;193;197;225;land;true;hills;5
3073;177;203;167;land;false;hills;5
3074;251;140;154;land;false;forest;7
3075;218;235;140;land;false;forest;1
3076;220;154;193;land;false;mountain;5
3077;229;217;124;land;false;plains;6
3078;193;93;219;land;false;plains;2
3079;213;251;251;land;false;forest;1
3080;243;153;141;land;false;forest;3
3081;239;212;160;land;false;hills;1
3082;82;203;228;land;false;plains;2
3083;240;167;146;land;true;forest;1
3084;115;184;225;land;false;forest;2
3085;116;248;222;land;false;mountain;3
3086;246;109;170;land;false;forest;1
3087;148;177;220;land;true;forest;3
3088;201;211;210;land;true;forest;1
3089;167;152;244;land;false;plains;6
3090;192;159;244;land;false;plains;3
3091;183;118;249;land;false;hills;4
3092;213;146;222;land;false;forest;1
3093;185;93;249;land;false;forest;2
3094;234;228;251;land;false;plains;4
3095;102;209;212;land;false;plains;4
3096;151;131;239;land;false;jungle;3
3097;166;118;253;land;true;forest;4
3098;219;109;199;land;false;mountain;5
3099;165;141;244;land;false;forest;1
3100;57;240;224;land;false;mountain;5
3101;172;240;222;land;true;plains;3
3102;221;64;222;land;false;plains;1
3103;165;237;212;land;false;forest;3
3104;151;188;247;land;true;plains;6
3105;218;166;167;land;false;desert;1
3106;242;42;247;land;true;forest;1
3107;150;217;229;land;false;forest;3
3108;209;227;196;land;false;plains;1
3109;211;88;241;land;false;forest;3
3110;60;251;213;land;false;plains;4
3111;201;212;150;land;false;jungle;1
3112;172;226;167;land;true;plains;6
3113;179;97;226;land;false;marsh;4
3114;115;199;245;land;false;forest;3
3115;209;93;249;land;false;plains;1
3116;180;118;226;land;false;mountain;2
3117;160;188;241;land;false;hills;3
3118;232;164;243;land;false;forest;1
3119;206;207;240;land;false;plains;1
3120;207;253;99;land;false;forest;1
3121;176;250;191;land;false;desert;2
3122;209;172;244;land;false;marsh;7
3123;238;246;103;land;false;desert;2
3124;249;200;237;land;false;mountain;1
3125;134;234;230;land;false;hills;1
3126;193;162;170;land;false;hills;4
3127;188;161;229;land;false;hills;1
3128;201;115;251;land;false;forest;2
3129;150;254;232;land;false;mountain;5
3130;231;119;192;land;false;plains;2
3131;233;142;154;land;true;forest;1
3132;253;31;246;land;false;forest;1
3133;227;85;204;land;false;plains;3
3134;222;225;74;land;false;desert;4
3135;149;144;223;land;false;plains;4
3136;193;161;182;land;false;hills;3
3137;249;89;164;land;true;forest;4
3138;127;162;224;land;false;plains;2
3139;89;226;246;land;false;hills;4
3140;169;204;179;land;false;forest;1
3141;143;226;173;land;false;forest;2
3142;70;216;228;land;false;jungle;1
3143;170;232;243;land;false;plains;1
3144;145;170;208;land;false;desert;1
3145;246;220;171;land;false;jungle;2
3146;217;207;152;land;false;plains;2
3147;126;250;164;land;true;mountain;3
3148;204;114;223;land;false;jungle;4
3149;177;201;252;land;false;desert;1
3150;230;149;128;land;false;forest;1
3151;117;231;225;land;false;hills;1
3152;237;108;193;land;false;mountain;3
3153;245;210;155;land;false;desert;1
3154;107;252;232;land;false;plains;4
3155;246;167;106;land;false;forest;2
3156;170;133;215;land;false;forest;2
3157;154;99;250;land;true;forest;1
3158;217;156;134;land;false;plains;1
3159;221;131;253;land;false;hills;4
3160;104;243;219;land;false;marsh;2
3161;200;146;199;land;false;jungle;4
3162;203;242;251;land;true;plains;4
3163;177;212;154;land;true;forest;2
3164;215;190;105;land;false;forest;2
3165;211;170;233;land;false;hills;5
3166;151;205;199;land;false;marsh;2
3167;100;254;172;land;false;hills;1
3168;219;160;196;land;false;hills;2
3169;104;239;172;land;false;plains;2
3170;205;210;107;land;false;hills;4
3171;188;235;154;land;true;plains;4
3172;137;188;191;land;false;marsh;4
3173;154;143;246;land;false;jungle;4
3174;111;202;198;land;false;plains;2
3175;137;222;181;land;false;plains;4
3176;228;127;190;land;true;hills;5
3177;187;131;234;land;false;forest;1
3178;243;234;29;land;false;forest;1
3179;221;243;226;land;false;mountain;1
3180;173;249;229;land;false;forest;1
3181;241;252;114;land;false;forest;1
3182;161;221;135;land;false;marsh;2
3183;225;114;216;land;false;forest;3
3184;210;133;198;land;true;plains;7
3185;89;240;252;land;false;jungle;2
3186;194;239;165;land;false;mountain;3
3187;141;201;225;land;false;hills;3
3188;242;210;252;land;false;hills;1
3189;237;45;231;land;false;mountain;5
3190;88;234;183;land;true;plains;7
3191;250;145;208;land;false;plains;2
3192;51;242;230;land;false;plains;4
3193;195;230;106;land;false;plains;4
3194;254;149;183;land;true;plains;2
3195;121;238;162;land;false;plains;1
3196;241;129;171;land;false;desert;1
3197;98;207;231;land;false;mountain;4
3198;119;226;214;land;false;plains;1
3199;148;199;232;land;false;forest;4
3200;225;214;137;land;true;plains;1
3201;109;236;251;land;false;plains;1
3202;196;181;147;land;false;forest;1
3203;134;146;244;land;false;jungle;1
3204;252;203;164;land;false;forest;1
3205;232;244;54;land;false;mountain;3
3206;80;210;237;land;true;plains;4
3207;205;113;231;land;true;hills;7
3208;218;129;245;land;false;forest;1
3209;253;229;36;land;false;desert;1
3210;215;191;112;land;false;forest;5
3211;243;225;82;land;false;forest;4
3212;153;209;211;land;false;mountain;2
3213;188;113;201;land;false;urban;3
3214;181;169;229;land;false;forest;4
3215;232;148;131;land;false;plains;1
3216;124;243;140;land;false;forest;2
3217;180;121;235;land;false;forest;4
3218;234;140;200;land;true;plains;4
3219;226;245;235;land;false;forest;4
3220;196;244;253;land;false;forest;4
3221;210;227;254;land;false;forest;2
3222;164;203;171;land;false;plains;1
3223;174;177;194;land;false;mountain;2
3224;224;245;114;land;true;plains;6
3225;170;218;117;land;true;plains;2
3226;58;197;251;land;false;forest;2
3227;93;252;190;land;false;mountain;1
3228;239;243;208;land;false;forest;1
3229;217;126;241;land;false;forest;1
3230;145;186;186;land;false;plains;3
3231;203;141;208;land;true;plains;5
3232;170;228;114;land;false;hills;4
3233;195;155;245;land;false;marsh;4
3234;149;249;160;land;false;mountain;5
3235;148;175;254;land;false;plains;1
3236;234;186;107;land;true;mountain;3
3237;218;179;113;land;false;hills;1
3238;152;222;131;land;false;forest;3
3239;241;235;37;land;false;jungle;4
3240;234;242;79;land;true;jungle;4
3241;98;234;234;land;true;plains;6
3242;206;200;246;land;false;mountain;2
3243;220;215;150;land;false;marsh;1
3244;223;238;199;land;false;mountain;2
3245;193;66;250;land;true;plains;3
3246;253;166;208;land;false;plains;1
3247;239;79;203;land;false;forest;2
3248;241;232;202;land;false;forest;1
3249;206;242;205;land;true;forest;4
3250;66;223;215;land;false;jungle;2
3251;69;247;189;land;false;forest;2
3252;111;197;193;land;false;plains;1
3253;171;246;169;land;false;mountain;2
3254;240;185;215;land;false;forest;2
3255;129;250;248;land;false;hills;4
3256;112;220;220;land;true;forest;4
3257;206;189;208;land;true;forest;4
3258;230;215;61;land;false;desert;1
3259;176;199;237;land;false;hills;4
3260;106;246;176;land;false;plains;3
3261;215;184;205;land;false;forest;1
3262;224;155;157;land;false;desert;1
3263;154;161;200;land;false;hills;2
3264;143;146;241;land;false;mountain;5
3265;163;155;227;land;true;plains;6
3266;223;252;103;land;false;plains;2
3267;222;192;112;land;false;jungle;4
3268;173;126;221;land;false;forest;1
3269;205;187;116;land;true;plains;2
3270;220;179;108;land;false;forest;1
3271;194;74;234;land;false;forest;2
3272;176;147;197;land;true;forest;1
3273;227;199;122;land;false;jungle;3
3274;246;201;145;land;true;plains;5
3275;223;250;173;land;false;forest;3
3276;241;245;77;land;true;forest;4
3277;195;230;92;land;false;jungle;1
3278;214;115;176;land;false;forest;1
3279;254;252;244;land;false;forest;5
3280;232;103;233;land;false;forest;3
3281;206;212;207;land;true;plains;3
3282;89;202;246;land;false;forest;3
3283;121;239;238;land;false;hills;5
3284;245;198;130;land;false;marsh;4
3285;164;228;213;land;false;desert;1
3286;243;172;234;land;false;plains;3
3287;212;233;76;land;false;hills;2
3288;184;93;247;land;false;plains;2
3289;167;169;230;land;false;forest;3
3290;182;161;161;land;false;forest;3
3291;226;177;207;land;false;mountain;5
3292;238;141;177;land;false;forest;1
3293;165;164;251;land;false;marsh;4
3294;213;127;233;land;false;hills;4
3295;164;141;216;land;false;forest;2
3296;226;189;226;land;false;forest;4
3297;243;226;45;land;false;marsh;4
3298;246;130;239;land;false;desert;4
3299;224;236;96;land;false;hills;5
3300;221;156;143;land;false;forest;3
3301;179;222;100;land;false;forest;4
3302;199;124;224;land;false;desert;4
3303;238;39;247;land;true;plains;1
3304;237;237;147;land;true;plains;7
3305;238;51;218;land;false;hills;4
3306;214;125;190;land;false;plains;4
3307;235;114;180;land;false;forest;3
3308;245;75;186;land;false;hills;5
3309;210;237;153;land;false;forest;3
3310;209;208;233;land;false;hills;1
3311;205;246;151;land;false;forest;1
3312;161;225;197;land;false;plains;3
3313;188;219;155;land;false;jungle;4
3314;225;148;172;land;false;forest;1
3315;209;43;252;land;true;plains;2
3316;211;155;207;land;false;marsh;7
3317;152;198;196;land;false;hills;5
3318;117;184;237;land;false;forest;1
3319;254;128;169;land;false;plains;2
3320;248;33;229;land;false;plains;2
3321;204;147;241;land;false;mountain;5
3322;179;170;187;land;false;desert;1
3323;172;208;198;land;false;desert;1
3324;242;192;153;land;false;plains;2
3325;159;232;202;land;false;mountain;5
3326;231;249;238;land;true;forest;4
3327;82;202;238;land;true;plains;3
3328;192;176;157;land;false;mountain;4
3329;244;23;236;land;false;plains;2
3330;221;240;71;land;false;jungle;1
3331;226;157;229;land;false;desert;2
3332;150;176;207;land;false;plains;1
3333;197;187;179;land;false;mountain;5
3334;175;197;200;land;true;plains;1
3335;209;219;164;land;false;marsh;7
3336;186;248;69;land;false;plains;2
3337;209;86;253;land;false;plains;1
3338;229;56;227;land;false;marsh;4
3339;174;183;249;land;false;forest;1
3340;245;220;67;land;false;jungle;1
3341;253;166;103;land;false;hills;5
3342;251;35;229;land;false;plains;6
3343;231;232;208;land;true;plains;3
3344;146;175;240;land;false;mountain;7
3345;168;228;240;land;false;hills;1
3346;226;123;169;land;false;forest;4
3347;237;228;242;land;false;marsh;2
3348;209;199;248;land;false;marsh;4
3349;213;177;184;land;false;mountain;2
3350;207;145;226;land;true;forest;2
3351;239;68;245;land;false;mountain;3
3352;181;194;178;land;true;hills;5
3353;223;243;148;land;false;desert;1
3354;242;210;172;land;false;forest;1
3355;235;186;179;land;false;mountain;3
3356;206;246;115;land;false;plains;4
3357;236;153;148;land;false;hills;5
3358;175;227;123;land;false;plains;1
3359;240;129;222;land;true;plains;1
3360;196;241;118;land;false;mountain;5
3361;177;246;192;land;true;plains;4
3362;129;198;213;land;false;forest;3
3363;70;251;211;land;false;hills;4
3364;244;211;216;land;false;forest;2
3365;169;168;178;land;false;forest;1
3366;165;153;202;land;false;marsh;2
3367;218;217;80;land;false;desert;1
3368;242;183;147;land;false;forest;4
3369;215;55;250;land;true;plains;1
3370;204;142;184;land;false;plains;6
3371;172;252;78;land;false;forest;1
3372;58;233;217;land;false;hills;1
3373;174;134;203;land;false;hills;1
3374;227;177;227;land;true;plains;3
3375;130;142;238;land;false;forest;3
3376;117;227;205;land;false;plains;2
3377;177;194;173;land;false;plains;3
3378;188;211;105;land;true;plains;2
3379;244;92;205;land;false;plains;2
3380;96;229;253;land;false;plains;4
3381;199;189;168;land;false;desert;4
3382;111;245;149;land;false;hills;5
3383;154;199;209;land;true;plains;6
3384;115;218;250;land;false;plains;1
3385;146;207;210;land;false;forest;5
3386;235;102;220;land;false;plains;3
3387;179;167;226;land;false;hills;4
3388;232;160;147;land;false;jungle;1
3389;140;218;176;land;false;forest;3
3390;197;230;179;land;false;jungle;1
3391;169;250;123;land;false;jungle;1
3392;218;230;86;land;false;hills;5
3393;244;115;199;land;false;jungle;3
3394;47;243;215;land;false;plains;1
3395;153;235;173;land;false;forest;2
3396;237;235;164;land;false;forest;1
3397;171;165;243;land;false;mountain;5
3398;238;111;169;land;false;plains;3
3399;162;165;183;land;false;forest;1
3400;121;237;253;land;false;mountain;5
3401;252;212;59;land;true;plains;6
3402;194;149;175;land;false;plains;1
3403;142;221;158;land;false;plains;2
3404;191;195;219;land;false;forest;1
3405;212;76;233;land;false;forest;1
3406;154;251;123;land;false;desert;4
3407;214;176;156;land;false;forest;1
3408;226;154;151;land;false;hills;3
3409;196;212;129;land;false;forest;1
3410;239;161;164;land;false;forest;1
3411;250;237;47;land;false;hills;1
3412;231;154;211;land;false;hills;1
3413;108;198;248;land;false;mountain;1
3414;144;148;238;land;false;mountain;1
3415;223;171;128;land;false;forest;3
3416;149;239;177;land;false;plains;2
3417;151;161;210;land;false;desert;1
3418;178;185;146;land;false;desert;1
3419;210;235;96;land;true;plains;5
3420;166;205;157;land;false;forest;7
3421;224;204;221;land;true;hills;3
3422;208;182;140;land;false;hills;5
3423;107;224;205;land;false;mountain;3
3424;169;169;234;land;false;jungle;1
3425;254;227;192;land;false;forest;1
3426;144;122;252;land;true;hills;5
3427;217;223;132;land;false;forest;3
3428;192;103;231;land;false;plains;2
3429;174;254;137;land;false;plains;1
3430;227;211;69;land;false;forest;1
3431;223;221;203;land;false;forest;1
3432;157;213;156;land;false;mountain;1
3433;247;217;48;land;false;plains;3
3434;166;228;126;land;false;mountain;1
3435;250;153;133;land;false;desert;1
3436;245;82;220;land;false;jungle;1
3437;219;199;226;land;false;mountain;3
3438;233;178;169;land;false;jungle;2
3439;133;139;229;land;false;forest;1
3440;241;73;209;land;true;plains;4
3441;189;223;162;land;false;mountain;7
3442;222;205;220;land;false;jungle;4
3443;223;119;168;land;false;plains;1
3444;209;119;224;land;false;hills;1
3445;203;221;250;land;true;forest;7
3446;107;247;252;land;false;forest;3
3447;240;241;179;land;true;forest;4
3448;184;233;188;land;false;forest;1
3449;212;239;57;land;false;plains;3
3450;247;174;238;land;false;forest;2
3451;243;83;215;land;false;mountain;5
3452;176;207;198;land;false;forest;2
3453;66;221;243;land;false;plains;6
3454;141;245;203;land;false;plains;3
3455;244;179;207;land;false;mountain;3
3456;132;145;228;land;false;forest;3
3457;189;123;196;land;false;plains;4
3458;145;173;208;land;false;mountain;3
3459;47;249;209;land;true;forest;3
3460;70;226;228;land;false;forest;2
3461;110;241;202;land;false;forest;3
3462;219;170;210;land;false;hills;2
3463;177;215;169;land;false;hills;1
3464;224;170;246;land;false;jungle;4
3465;189;139;182;land;false;forest;3
3466;251;240;153;land;false;marsh;4
3467;251;46;222;land;true;plains;6
3468;196;189;168;land;false;marsh;4
3469;143;202;242;land;false;jungle;3
3470;72;251;199;land;false;mountain;5
3471;98;233;180;land;false;forest;4
3472;223;232;251;land;false;mountain;1
3473;242;113;151;land;false;forest;2
3474;117;236;158;land;false;desert;4
3475;141;222;237;land;false;plains;2
3476;193;142;208;land;false;plains;3
3477;163;155;218;land;false;marsh;7
3478;105;192;215;land;false;desert;1
3479;169;219;176;land;false;plains;4
3480;218;223;144;land;false;mountain;3
3481;254;241;12;land;false;plains;4
3482;174;250;213;land;true;plains;3
3483;248;240;121;land;false;jungle;4
3484;251;169;120;land;false;mountain;1
3485;204;138;162;land;false;forest;7
3486;141;171;193;land;false;mountain;5
3487;215;141;251;land;false;mountain;1
3488;133;226;158;land;false;mountain;3
3489;200;220;134;land;true;forest;3
3490;212;223;82;land;false;forest;1
3491;182;246;166;land;false;desert;4
3492;227;254;190;land;false;forest;4
3493;54;214;244;land;true;jungle;1
3494;210;111;196;land;false;mountain;1
3495;173;185;192;land;false;forest;2
3496;180;158;250;land;false;forest;3
3497;193;239;130;land;false;hills;1
3498;236;246;254;land;false;forest;2
3499;218;163;229;land;false;plains;1
3500;191;242;254;land;false;mountain;1
3501;246;246;54;land;false;desert;2
3502;168;177;219;land;false;plains;4
3503;128;233;178;land;false;forest;1
3504;202;128;190;land;false;plains;1
3505;212;115;202;land;false;plains;2
3506;219;183;146;land;false;plains;2
3507;178;155;222;land;false;plains;2
3508;241;185;83;land;false;jungle;1
3509;211;222;219;land;false;marsh;4
3510;229;234;41;land;false;plains;2
3511;152;183;206;land;false;desert;1
3512;107;207;214;land;false;mountain;5
3513;216;139;205;land;false;marsh;1
3514;178;241;100;land;false;forest;4
3515;111;221;170;land;false;hills;4
3516;216;202;168;land;false;mountain;1
3517;239;160;251;land;true;plains;4
3518;241;82;179;land;false;desert;1
3519;225;241;126;land;false;forest;2
3520;208;220;252;land;false;hills;1
3521;119;211;220;land;false;hills;1
3522;178;234;134;land;false;plains;1
3523;219;156;143;land;false;mountain;5
3524;146;175;195;land;false;forest;1
3525;188;165;201;land;false;marsh;3
3526;210;224;104;land;false;mountain;5
3527;217;98;249;land;true;forest;4
3528;204;192;229;land;true;forest;1
3529;198;91;220;land;false;desert;1
3530;116;224;211;land;false;plains;2
3531;126;161;224;land;false;jungle;1
3532;229;205;198;land;false;plains;2
3533;178;170;180;land;true;forest;2
3534;238;251;15;land;false;mountain;5
3535;126;243;220;land;true;plains;5
3536;216;250;206;land;false;mountain;7
3537;161;221;251;land;false;plains;3
3538;193;157;243;land;false;plains;3
3539;243;250;129;land;true;forest;7
3540;19;246;248;land;false;mountain;3
3541;149;229;150;land;false;forest;1
3542;174;101;253;land;true;plains;6
3543;156;98;253;land;false;forest;1
3544;213;136;212;land;false;hills;3
3545;207;217;190;land;false;mountain;5
3546;252;173;246;land;true;forest;1
3547;189;142;183;land;true;plains;6
3548;221;127;210;land;false;forest;1
3549;236;145;244;land;false;plains;3
3550;254;249;181;land;false;desert;1
3551;174;184;159;land;false;forest;1
3552;186;221;146;land;false;jungle;2
3553;90;237;204;land;false;hills;5
3554;244;222;83;land;false;jungle;1
3555;157;106;247;land;true;forest;4
3556;229;201;136;land;false;plains;1
3557;254;138;227;land;false;desert;4
3558;224;205;191;land;false;plains;1
3559;220;111;180;land;false;plains;6
3560;217;111;243;land;false;forest;1
3561;233;183;128;land;false;jungle;4
3562;222;209;210;land;false;hills;1
3563;67;242;211;land;false;desert;1
3564;234;254;151;land;true;plains;5
3565;198;209;175;land;false;mountain;1
3566;242;109;239;land;false;plains;2
3567;203;233;123;land;false;marsh;4
3568;227;236;155;land;false;desert;1
3569;211;150;152;land;false;hills;1
3570;177;144;202;land;false;forest;1
3571;227;226;56;land;true;forest;4
3572;157;157;218;land;false;hills;4
3573;182;205;158;land;false;jungle;4
3574;233;143;149;land;false;jungle;3
3575;161;192;249;land;false;plains;3
3576;52;229;237;land;false;desert;4
3577;222;234;186;land;true;plains;1
3578;232;187;129;land;true;plains;7
3579;151;202;166;land;false;mountain;1
3580;237;173;244;land;true;urban;4
3581;242;125;143;land;false;mountain;1
3582;229;83;237;land;false;plains;1
3583;189;216;142;land;false;plains;3
3584;134;173;228;land;false;hills;2
3585;204;98;231;land;false;forest;1
3586;227;243;220;land;false;hills;3
3587;246;24;231;land;true;plains;3
3588;248;241;122;land;true;plains;7
3589;187;197;242;land;false;plains;7
3590;223;219;253;land;false;hills;1
3591;247;211;58;land;false;jungle;1
3592;95;223;215;land;false;desert;4
3593;228;144;196;land;false;hills;2
3594;189;242;71;land;false;marsh;7
3595;202;171;237;land;true;forest;4
3596;246;164;166;land;true;hills;5
3597;219;142;206;land;false;forest;1
3598;220;110;252;land;false;plains;2
3599;160;163;254;land;false;forest;3
3600;125;172;216;land;false;plains;2
3601;181;120;209;land;false;hills;5
3602;109;246;231;land;false;mountain;1
3603;143;230;183;land;false;hills;5
3604;204;206;149;land;false;plains;3
3605;229;144;166;land;false;jungle;4
3606;225;182;95;land;false;plains;4
3607;174;215;245;land;false;hills;2
3608;248;80;215;land;false;desert;4
3609;252;240;14;land;false;hills;3
3610;225;199;194;land;false;forest;4
3611;201;144;242;land;false;forest;5
3612;159;170;228;land;false;plains;3
3613;201;197;127;land;true;forest;5
3614;82;208;234;land;false;forest;1
3615;234;146;153;land;false;plains;1
3616;177;203;144;land;false;mountain;5
3617;103;185;243;land;false;jungle;1
3618;242;108;197;land;false;hills;5
3619;229;48;252;land;false;forest;1
3620;150;202;241;land;false;plains;2
3621;150;152;253;land;true;plains;7
3622;217;163;146;land;false;plains;2
3623;173;149;240;land;false;jungle;1
3624;238;169;97;land;false;forest;1
3625;163;210;140;land;false;jungle;3
3626;199;78;225;land;false;forest;4
3627;222;243;223;land;false;jungle;1
3628;163;144;199;land;false;jungle;2
3629;137;206;159;land;true;urban;3
3630;164;127;220;land;false;desert;1
3631;182;179;208;land;true;plains;2
3632;133;218;171;land;false;plains;2
3633;105;251;191;land;true;forest;4
3634;167;246;218;land;true;plains;6
3635;246;177;205;land;false;plains;2
3636;248;79;234;land;false;forest;1
3637;203;230;146;land;false;forest;1
3638;253;247;6;land;false;desert;1
3639;253;2;250;land;false;forest;1
3640;226;161;155;land;false;forest;4
3641;143;156;254;land;false;marsh;4
3642;176;184;188;land;false;forest;4
3643;228;245;235;land;false;plains;6
3644;170;236;102;land;true;forest;7
3645;79;211;227;land;false;forest;3
3646;166;236;168;land;false;plains;2
3647;93;200;240;land;false;mountain;5
3648;155;182;229;land;false;hills;2
3649;195;171;141;land;false;forest;1
3650;247;73;224;land;false;desert;1
3651;208;249;58;land;false;forest;3
3652;99;184;218;land;false;jungle;2
3653;112;238;217;land;false;forest;3
3654;166;216;249;land;false;forest;1
3655;162;159;246;land;false;forest;2
3656;165;249;206;land;false;jungle;2
3657;133;125;244;land;false;desert;4
3658;200;148;241;land;false;forest;1
3659;186;102;242;land;false;plains;3
3660;227;212;247;land;false;hills;1
3661;226;130;178;land;false;mountain;7
3662;254;203;48;land;false;hills;2
3663;206;182;152;land;false;hills;1
3664;241;116;194;land;false;forest;3
3665;139;242;191;land;true;forest;2
3666;210;215;226;land;false;plains;5
3667;243;161;130;land;false;forest;3
3668;220;222;100;land;false;forest;3
3669;202;221;127;land;false;plains;3
3670;175;95;245;land;false;jungle;1
3671;190;94;225;land;false;hills;3
3672;154;175;249;land;true;plains;1
3673;226;92;216;land;true;forest;3
3674;237;173;164;land;false;forest;5
3675;80;244;222;land;false;plains;5
3676;225;52;233;land;false;mountain;5
3677;30;250;222;land;false;hills;1
3678;242;136;216;land;false;forest;1
3679;216;115;183;land;false;jungle;4
3680;224;168;123;land;false;marsh;4
3681;245;203;240;land;false;plains;3
3682;158;249;246;land;false;mountain;3
3683;250;214;131;land;false;marsh;4
3684;197;108;218;land;false;forest;2
3685;197;246;231;land;false;hills;1
3686;222;37;252;land;false;forest;3
3687;222;177;248;land;false;forest;2
3688;153;154;211;land;false;mirrors_terrain;5
3689;230;249;251;land;false;forest;1
3690;199;179;193;land;false;plains;1
3691;205;209;207;land;false;plains;2
3692;213;150;188;land;false;desert;2
3693;126;182;200;land;false;marsh;2
3694;223;247;188;land;false;hills;2
3695;234;188;134;land;false;desert;1
3696;152;159;229;land;false;desert;2
3697;149;219;230;land;false;forest;4
3698;205;141;254;land;false;marsh;4
3699;173;220;196;land;true;forest;4
3700;250;180;148;land;false;plains;2
3701;193;223;165;land;false;mountain;1
3702;249;234;39;land;false;forest;2
3703;135;196;216;land;true;forest;6
3704;236;240;230;land;false;plains;2
3705;208;209;231;land;false;forest;3
3706;198;230;218;land;false;desert;4
3707;54;249;239;land;false;forest;7
3708;200;216;127;land;false;desert;2
3709;182;200;163;land;false;mountain;5
3710;124;209;238;land;false;forest;1
3711;211;229;67;land;false;plains;1
3712;220;228;196;land;false;forest;4
3713;188;235;111;land;false;hills;1
3714;243;100;179;land;false;forest;1
3715;213;188;186;land;false;plains;5
3716;213;129;166;land;false;desert;4
3717;202;202;189;land;true;jungle;4
3718;147;232;128;land;false;mountain;1
3719;185;174;240;land;false;desert;1
3720;190;254;224;land;false;hills;1
3721;194;137;195;land;false;forest;1
3722;188;143;173;land;true;jungle;4
3723;250;66;247;land;false;plains;3
3724;175;115;244;land;true;hills;5
3725;224;173;180;land;false;jungle;2
3726;228;151;146;land;false;forest;3
3727;170;204;191;land;false;mountain;5
3728;187;195;243;land;false;desert;1
3729;207;101;247;land;false;forest;1
3730;235;206;171;land;false;hills;3
3731;226;232;241;land;true;plains;2
3732;230;224;79;land;true;plains;3
3733;214;119;253;land;false;jungle;4
3734;249;124;253;land;false;hills;2
3735;173;252;186;land;false;plains;1
3736;107;206;222;land;false;forest;5
3737;197;198;208;land;false;forest;2
3738;206;214;104;land;false;forest;2
3739;252;119;220;land;false;plains;5
3740;242;174;150;land;false;forest;2
3741;209;213;140;land;false;forest;5
3742;233;173;222;land;false;forest;3
3743;196;167;197;land;false;desert;4
3744;247;224;114;land;false;plains;1
3745;180;174;239;land;false;plains;6
3746;246;113;231;land;false;plains;4
3747;218;66;220;land;false;forest;3
3748;217;205;186;land;false;desert;1
3749;157;254;96;land;false;hills;1
3750;251;174;169;land;true;plains;2
3751;205;250;169;land;false;plains;6
3752;232;140;221;land;false;marsh;4
3753;166;226;224;land;false;jungle;3
3754;241;214;129;land;false;mountain;3
3755;201;158;156;land;false;plains;1
3756;218;207;232;land;false;forest;2
3757;115;238;178;land;false;forest;1
3758;171;168;196;land;false;jungle;2
3759;232;73;234;land;false;forest;4
3760;87;239;244;land;false;plains;2
3761;224;174;189;land;false;plains;2
3762;157;165;244;land;false;plains;7
3763;254;104;178;land;false;hills;1
3764;214;124;208;land;false;forest;1
3765;176;164;206;land;false;hills;7
3766;251;165;91;land;false;plains;3
3767;229;232;122;land;false;plains;4
3768;239;196;140;land;true;forest;2
3769;215;210;197;land;true;plains;6
3770;168;189;163;land;false;marsh;3
3771;114;229;236;land;false;forest;3
3772;248;191;99;land;false;plains;1
3773;238;247;92;land;false;mountain;3
3774;150;208;163;land;false;plains;1
3775;138;244;206;land;false;hills;7
3776;177;162;248;land;false;plains;1
3777;244;152;242;land;false;plains;2
3778;249;112;251;land;false;forest;4
3779;208;137;195;land;false;forest;1
3780;254;254;19;land;false;plains;1
3781;185;250;150;land;false;jungle;2
3782;230;237;150;land;false;plains;1
3783;253;241;82;land;false;plains;2
3784;164;186;249;land;false;hills;1
3785;220;230;165;land;false;marsh;4
3786;77;220;207;land;false;plains;1
3787;240;116;206;land;false;hills;3
3788;238;105;225;land;false;hills;3
3789;194;248;245;land;false;plains;1
3790;65;251;192;land;true;plains;5
3791;28;249;243;land;false;plains;1
3792;248;123;201;land;false;plains;2
3793;83;196;251;land;true;jungle;1
3794;188;225;231;land;false;forest;2
3795;207;223;112;land;false;forest;1
3796;170;177;242;land;true;plains;2
3797;241;158;138;land;false;jungle;3
3798;102;204;251;land;false;desert;1
3799;184;100;231;land;false;hills;5
3800;225;151;211;land;false;plains;4
3801;233;246;127;land;false;forest;1
3802;248;235;117;land;true;forest;4
3803;213;100;236;land;false;urban;2
3804;243;172;191;land;false;plains;1
3805;115;208;201;land;false;forest;3
3806;177;253;250;land;false;mountain;1
3807;207;62;245;land;false;mountain;5
3808;239;249;115;land;false;plains;1
3809;119;243;194;land;false;mountain;1
3810;172;152;203;land;false;mountain;3
3811;185;217;129;land;false;hills;5
3812;196;245;124;land;false;plains;1
3813;122;157;245;land;false;plains;4
3814;203;212;126;land;false;plains;2
3815;174;234;193;land;false;forest;3
3816;194;76;236;land;true;forest;4
3817;219;225;229;land;false;forest;3
3818;254;201;233;land;false;forest;1
3819;90;204;235;land;false;forest;1
3820;170;216;140;land;true;forest;4
3821;213;177;191;land;false;forest;5
3822;215;187;236;land;false;hills;2
3823;239;156;117;land;false;plains;2
3824;231;228;159;land;true;forest;4
3825;161;128;226;land;false;hills;5
3826;143;192;249;land;false;plains;4
3827;182;174;219;land;false;desert;4
3828;109;214;244;land;false;plains;2
3829;236;232;103;land;true;forest;7
3830;246;240;87;land;false;plains;1
3831;161;140;229;land;false;desert;2
3832;251;74;187;land;false;jungle;2
3833;167;215;176;land;false;mountain;1
3834;221;183;158;land;false;forest;1
3835;194;207;185;land;true;hills;2
3836;173;246;102;land;false;plains;1
3837;250;203;213;land;false;forest;2
3838;238;92;182;land;false;hills;1
3839;220;84;217;land;false;forest;3
3840;239;100;196;land;false;desert;1
3841;153;234;179;land;true;forest;4
3842;254;152;113;land;false;forest;2
3843;241;187;80;land;true;plains;6
3844;242;252;7;land;true;forest;1
3845;210;233;155;land;false;forest;1
3846;215;245;214;land;false;hills;1
3847;210;240;79;land;false;plains;4
3848;237;138;227;land;false;hills;1
3849;244;31;253;land;false;jungle;2
3850;253;238;200;land;false;mountain;1
3851;205;200;242;land;false;forest;2
3852;190;147;247;land;false;mountain;7
3853;181;244;148;land;false;mountain;5
3854;254;163;133;land;false;forest;1
3855;104;239;235;land;false;plains;4
3856;77;254;250;land;false;jungle;1
3857;129;246;206;land;false;forest;1
3858;197;217;237;land;true;forest;1
3859;121;179;248;land;false;plains;4
3860;224;221;245;land;false;plains;4
3861;247;133;168;land;false;plains;1
3862;242;137;239;land;false;forest;1
3863;88;216;219;land;false;hills;1
3864;199;209;153;land;false;mountain;2
3865;171;232;110;land;false;plains;1
3866;32;253;241;land;false;forest;2
3867;184;232;112;land;true;plains;4
3868;182;223;225;land;false;forest;4
3869;251;207;247;land;false;plains;1
3870;92;251;162;land;true;plains;3
3871;139;194;206;land;false;forest;3
3872;250;184;181;land;false;mountain;3
3873;162;210;191;land;false;forest;1
3874;247;140;164;land;false;jungle;1
3875;37;232;239;land;false;forest;1
3876;190;240;132;land;false;forest;3
3877;223;234;83;land;true;jungle;4
3878;235;188;101;land;false;marsh;4
3879;126;203;225;land;true;plains;5
3880;230;155;135;land;false;plains;2
3881;199;208;184;land;true;jungle;4
3882;197;254;162;land;true;plains;2
3883;170;138;199;land;false;forest;1
3884;75;254;178;land;false;hills;1
3885;159;240;200;land;true;hills;3
3886;217;212;95;land;false;forest;1
3887;249;63;214;land;false;jungle;4
3888;245;205;230;land;false;forest;2
3889;182;218;207;land;false;plains;4
3890;220;195;174;land;false;plains;2
3891;200;155;229;land;false;hills;5
3892;240;209;52;land;false;mountain;1
3893;137;223;179;land;true;forest;7
3894;233;225;217;land;true;forest;6
3895;172;213;125;land;false;forest;3
3896;232;186;122;land;true;plains;7
3897;176;224;239;land;false;desert;4
3898;170;246;193;land;true;plains;6
3899;236;227;64;land;false;hills;7
3900;154;161;229;land;false;forest;1
3901;177;230;212;land;false;mountain;7
3902;250;120;196;land;false;mountain;3
3903;242;52;252;land;false;marsh;3
3904;144;253;119;land;false;plains;2
3905;171;194;244;land;false;plains;2
3906;181;235;101;land;true;plains;5
3907;120;252;162;land;false;forest;1
3908;190;221;239;land;false;hills;4
3909;147;195;165;land;false;hills;5
3910;100;235;166;land;false;plains;2
3911;219;73;245;land;true;plains;3
3912;244;161;135;land;true;plains;3
3913;154;113;244;land;false;marsh;1
3914;235;159;239;land;false;plains;2
3915;253;160;234;land;false;plains;3
3916;253;224;128;land;false;hills;4
3917;77;180;254;land;false;forest;3
3918;208;249;231;land;false;hills;1
3919;196;121;238;land;false;hills;1
3920;184;182;135;land;false;mountain;1
3921;191;188;201;land;true;plains;1
3922;210;119;206;land;false;desert;1
3923;171;223;158;land;false;jungle;1
3924;246;76;242;land;false;forest;1
3925;178;250;158;land;false;plains;1
3926;210;211;181;land;false;hills;1
3927;200;218;185;land;false;marsh;4
3928;146;130;225;land;false;forest;1
3929;183;202;210;land;true;plains;4
3930;188;125;228;land;false;desert;2
3931;142;157;222;land;false;forest;4
3932;193;254;233;land;false;forest;2
3933;181;189;152;land;false;forest;4
3934;254;234;122;land;false;hills;7
3935;222;240;215;land;false;plains;4
3936;207;93;215;land;false;mountain;5
3937;184;170;162;land;false;plains;2
3938;192;189;242;land;false;plains;1
3939;146;237;188;land;false;forest;3
3940;83;191;227;land;false;jungle;3
3941;134;247;186;land;false;forest;2
3942;219;193;211;land;false;mountain;2
3943;134;228;223;land;true;plains;3
3944;197;123;190;land;false;mountain;1
3945;164;153;196;land;false;mountain;1
3946;182;246;195;land;false;forest;1
3947;187;237;201;land;false;marsh;4
3948;210;205;165;land;false;plains;2
3949;202;239;122;land;false;forest;1
3950;186;113;227;land;true;hills;5
3951;56;228;236;land;false;plains;1
3952;235;225;58;land;false;plains;1
3953;233;187;229;land;false;forest;3
3954;144;167;244;land;false;mountain;2
3955;227;241;159;land;false;desert;1
3956;212;237;230;land;false;plains;1
3957;96;204;220;land;false;plains;3
3958;251;112;190;land;false;plains;1
3959;240;175;90;land;true;plains;6
3960;227;66;210;land;false;forest;1
3961;214;207;187;land;false;desert;2
3962;248;250;196;land;false;forest;3
3963;209;181;184;land;false;mountain;4
3964;237;186;111;land;false;jungle;4
3965;131;189;205;land;false;mountain;3
3966;197;219;241;land;false;hills;1
3967;118;243;173;land;false;forest;2
3968;247;156;98;land;false;marsh;2
3969;209;130;185;land;true;forest;6
3970;250;217;51;land;false;plains;2
3971;248;205;254;land;false;forest;1
3972;214;248;251;land;false;forest;3
3973;189;222;201;land;false;plains;2
3974;235;54;244;land;false;plains;4
3975;253;101;197;land;false;plains;1
3976;188;234;249;land;false;forest;3
3977;173;136;210;land;false;forest;2
3978;163;248;215;land;false;forest;2
3979;136;192;240;land;false;forest;1
3980;147;247;175;land;false;forest;2
3981;176;139;218;land;false;plains;3
3982;47;243;216;land;false;plains;2
3983;247;154;111;land;true;plains;5
3984;171;123;246;land;false;forest;1
3985;160;189;155;land;false;forest;7
3986;153;196;211;land;true;hills;3
3987;254;74;247;land;false;forest;5
3988;201;163;218;land;false;mountain;3
3989;150;239;146;land;false;jungle;3
3990;158;228;125;land;true;forest;4
3991;120;154;240;land;false;forest;1
3992;117;227;198;land;false;plains;3
3993;232;243;168;land;false;jungle;3
3994;244;112;239;land;false;hills;1
3995;201;247;104;land;true;plains;2
3996;175;194;154;land;false;plains;2
3997;55;226;238;land;false;forest;1
3998;206;102;219;land;false;plains;1
3999;203;249;51;land;true;hills;5
4000;195;210;236;land;false;hills;1
4001;199;227;88;land;false;hills;1
4002;254;92;165;land;false;hills;5
4003;199;246;128;land;false;jungle;3
4004;72;238;214;land;false;mountain;2
4005;137;232;139;land;false;desert;2
4006;208;123;185;land;false;desert;1
4007;254;127;179;land;false;forest;2
4008;159;215;169;land;true;forest;3
4009;248;143;244;land;false;mountain;5
4010;104;236;161;land;false;forest;1
4011;242;196;73;land;false;plains;2
4012;205;182;222;land;false;mountain;2
4013;202;150;242;land;false;forest;3
4014;212;242;59;land;false;plains;2
4015;179;233;113;land;false;forest;3
4016;246;221;183;land;false;forest;1
4017;114;205;185;land;false;hills;1
4018;128;195;244;land;false;forest;4
4019;254;146;114;land;false;plains;6
4020;194;230;155;land;true;plains;7
4021;222;152;204;land;true;forest;4
4022;245;201;64;land;true;jungle;4
4023;194;105;221;land;false;desert;1
4024;173;198;174;land;true;forest;4
4025;79;240;203;land;false;forest;2
4026;155;202;207;land;false;jungle;1
4027;242;177;155;land;false;plains;3
4028;151;206;230;land;false;forest;3
4029;244;124;133;land;false;forest;3
4030;221;185;205;land;false;hills;1
4031;221;242;143;land;true;plains;6
4032;199;154;187;land;true;plains;1
4033;227;229;251;land;true;forest;4
4034;133;214;240;land;false;plains;2
4035;240;153;203;land;false;forest;2
4036;185;170;159;land;false;forest;3
4037;79;248;211;land;false;plains;2
4038;203;245;91;land;false;forest;1
4039;227;254;218;land;false;forest;3
4040;240;251;218;land;false;hills;1
4041;248;244;74;land;false;plains;3
4042;207;151;169;land;false;plains;1
4043;106;231;237;land;false;plains;3
4044;74;211;240;land;true;forest;5
4045;207;166;199;land;true;forest;2
4046;219;106;254;land;false;plains;4
4047;131;200;199;land;false;forest;1
4048;108;201;219;land;false;forest;2
4049;220;216;112;land;false;desert;1
4050;134;241;215;land;false;plains;6
4051;225;228;55;land;false;mountain;1
4052;182;208;125;land;false;marsh;4
4053;192;128;239;land;true;plains;1
4054;230;161;231;land;false;plains;1
4055;212;198;106;land;false;jungle;2
4056;160;186;202;land;false;marsh;4
4057;173;240;126;land;false;mountain;5
4058;220;196;93;land;false;jungle;2
4059;249;50;239;land;false;plains;2
4060;90;218;216;land;false;desert;1
4061;248;193;113;land;true;plains;6
4062;225;165;221;land;true;plains;6
4063;208;253;225;land;false;forest;3
4064;118;159;236;land;false;marsh;4
4065;143;241;159;land;false;forest;3
4066;251;233;171;land;false;forest;2
4067;95;228;192;land;true;plains;4
4068;208;253;254;land;false;plains;4
4069;53;248;220;land;false;forest;3
4070;240;214;201;land;false;jungle;4
4071;198;218;108;land;false;desert;4
4072;243;198;254;land;false;plains;4
4073;133;253;145;land;false;hills;5
4074;187;232;232;land;false;plains;2
4075;232;119;174;land;false;forest;1
4076;189;239;168;land;false;mountain;3
4077;211;252;163;land;false;jungle;4
4078;149;225;207;land;false;forest;1
4079;221;159;165;land;false;desert;4
4080;242;114;186;land;false;jungle;3
4081;164;201;203;land;false;plains;3
4082;252;189;146;land;false;plains;6
4083;76;240;250;land;false;plains;1
4084;142;183;219;land;false;plains;4
4085;184;164;209;land;false;hills;4
4086;163;246;173;land;false;forest;1
4087;156;245;107;land;false;plains;2
4088;60;225;233;land;true;plains;3
4089;184;194;221;land;false;mountain;3
4090;177;227;115;land;false;forest;1
4091;208;239;175;land;false;desert;4
4092;185;231;101;land;false;plains;4
4093;217;202;221;land;false;forest;3
4094;223;251;60;land;false;mountain;5
4095;244;197;78;land;false;jungle;1
4096;232;181;156;land;false;plains;2
4097;127;230;164;land;false;forest;1
4098;95;248;171;land;false;hills;3
4099;248;67;208;land;false;mountain;4
4100;239;215;51;land;false;mountain;1
4101;196;232;108;land;false;plains;3
4102;247;238;112;land;false;hills;1
4103;214;250;188;land;false;plains;5
4104;66;228;227;land;false;forest;1
4105;165;251;183;land;false;mountain;3
4106;233;121;197;land;false;plains;2
4107;221;143;241;land;false;hills;2
4108;246;196;189;land;false;hills;4
4109;200;141;232;land;false;plains;1
4110;250;239;64;land;false;plains;3
4111;231;246;40;land;true;forest;1
4112;210;62;251;land;false;desert;1
4113;105;231;248;land;false;mountain;4
4114;220;199;246;land;false;forest;1
4115;199;102;209;land;true;plains;3
4116;170;161;218;land;false;desert;1
4117;144;222;159;land;true;hills;3
4118;114;245;208;land;false;mountain;3
4119;168;182;246;land;false;plains;1
4120;222;164;122;land;false;desert;2
4121;157;226;136;land;false;mountain;1
4122;223;237;54;land;false;forest;1
4123;244;237;112;land;false;hills;3
4124;161;252;119;land;false;hills;1
4125;92;207;210;land;false;marsh;4
4126;205;176;161;land;false;plains;2
4127;216;226;215;land;false;plains;2
4128;49;218;234;land;false;desert;1
4129;152;173;217;land;false;jungle;3
4130;170;238;162;land;false;hills;2
4131;220;244;49;land;false;plains;4
4132;170;221;126;land;true;forest;1
4133;126;254;247;land;false;forest;1
4134;236;31;236;land;false;forest;1
4135;169;86;249;land;false;forest;1
4136;194;243;153;land;false;desert;1
4137;228;168;131;land;false;jungle;1
4138;164;210;219;land;false;plains;1
4139;161;244;228;land;false;hills;4
4140;240;156;211;land;true;plains;3
4141;167;228;185;land;true;forest;4
4142;200;123;190;land;false;hills;1
4143;69;215;252;land;false;jungle;3
4144;116;202;221;land;false;plains;4
4145;133;241;237;land;false;marsh;4
4146;221;203;130;land;false;plains;1
4147;226;112;222;land;false;desert;1
4148;247;185;106;land;false;jungle;1
4149;229;146;184;land;true;forest;2
4150;170;203;202;land;false;urban;1
4151;157;145;239;land;false;plains;3
4152;155;142;208;land;false;plains;1
4153;201;122;178;land;false;plains;2
4154;215;192;186;land;false;plains;6
4155;134;214;165;land;true;plains;6
4156;253;203;48;land;false;hills;5
4157;194;251;138;land;false;plains;4
4158;190;249;153;land;false;forest;1
4159;196;123;226;land;true;forest;7
4160;250;230;158;land;false;forest;1
4161;219;235;184;land;false;forest;2
4162;250;254;65;land;false;marsh;4
4163;169;229;216;land;false;desert;1
4164;248;232;219;land;false;marsh;4
4165;201;220;229;land;false;mountain;2
4166;239;239;204;land;true;forest;7
4167;242;239;88;land;false;jungle;4
4168;240;180;161;land;false;forest;3
4169;219;212;247;land;false;plains;1
4170;251;73;221;land;true;plains;2
4171;146;167;228;land;false;forest;1
4172;189;222;90;land;false;hills;2
4173;244;145;172;land;false;desert;1
4174;218;193;128;land;false;plains;2
4175;166;126;231;land;false;jungle;1
4176;173;127;212;land;true;plains;5
4177;166;170;195;land;false;forest;1
4178;151;162;201;land;false;plains;1
4179;182;253;109;land;true;plains;3
4180;246;162;159;land;false;mountain;5
4181;249;111;167;land;true;forest;4
4182;238;194;84;land;false;jungle;3
4183;199;155;161;land;false;forest;1
4184;200;225;139;land;false;mountain;3
4185;200;199;158;land;false;plains;3
4186;210;188;245;land;false;plains;3
4187;245;137;234;land;false;desert;1
4188;153;219;216;land;false;plains;1
4189;253;147;217;land;false;forest;2
4190;240;111;254;land;false;forest;1
4191;72;251;216;land;false;plains;1
4192;164;237;125;land;true;jungle;1
4193;214;174;147;land;false;hills;1
4194;232;187;142;land;true;plains;6
4195;242;30;243;land;true;forest;3
4196;246;72;189;land;true;plains;7
4197;70;233;236;land;false;marsh;2
4198;241;227;243;land;false;jungle;4
4199;208;119;189;land;false;hills;2
4200;39;251;235;land;false;plains;4
4201;96;238;247;land;false;plains;1
4202;252;180;184;land;false;marsh;2
4203;166;195;215;land;false;desert;2
4204;252;212;157;land;false;plains;2
4205;242;83;240;land;false;desert;2
4206;120;138;247;land;false;jungle;4
4207;248;192;224;land;false;marsh;4
4208;192;159;194;land;false;forest;3
4209;198;162;237;land;false;mountain;7
4210;172;115;246;land;false;forest;1
4211;178;182;189;land;false;plains;1
4212;254;201;49;land;false;mountain;1
4213;159;163;225;land;false;forest;1
4214;135;199;215;land;false;forest;1
4215;105;217;249;land;false;plains;4
4216;56;246;239;land;false;mountain;5
4217;143;204;172;land;false;plains;1
4218;251;58;251;land;false;urban;4
4219;211;151;221;land;false;hills;4
4220;155;172;176;land;false;mountain;5
4221;252;247;141;land;false;plains;3
4222;73;244;253;land;false;forest;2
4223;199;239;185;land;false;desert;1
4224;116;189;199;land;false;forest;3
4225;204;120;188;land;false;plains;4
4226;156;103;244;land;false;plains;2
4227;163;195;147;land;false;plains;2
4228;93;240;204;land;true;plains;3
4229;248;210;210;land;false;plains;2
4230;159;181;161;land;false;marsh;2
4231;39;243;237;land;true;plains;3
4232;250;149;178;land;true;plains;1
4233;191;83;230;land;false;hills;3
4234;143;198;238;land;false;desert;2
4235;238;224;162;land;false;marsh;2
4236;193;227;181;land;true;plains;4
4237;175;103;224;land;false;jungle;1
4238;207;59;246;land;false;mountain;7
4239;145;156;210;land;false;forest;1
4240;162;175;230;land;false;hills;2
4241;137;150;253;land;false;plains;1
4242;221;126;205;land;false;forest;1
4243;210;161;202;land;false;forest;1
4244;238;214;239;land;false;hills;3
4245;182;137;219;land;false;marsh;2
4246;242;199;137;land;true;forest;2
4247;134;208;227;land;false;hills;1
4248;247;243;127;land;false;forest;3
4249;203;195;167;land;false;marsh;2
4250;171;181;224;land;false;forest;2
4251;188;245;206;land;false;plains;1
4252;253;146;194;land;false;plains;1
4253;63;215;238;land;false;forest;2
4254;222;214;82;land;false;marsh;4
4255;166;124;231;land;false;mountain;2
4256;116;189;209;land;true;plains;6
4257;229;173;249;land;false;forest;4
4258;209;96;219;land;false;hills;1
4259;232;171;222;land;false;hills;1
4260;248;254;244;land;false;plains;3
4261;209;96;241;land;false;forest;2
4262;234;237;169;land;false;hills;5
4263;229;228;245;land;false;desert;1
4264;241;168;133;land;false;forest;2
4265;234;208;135;land;false;hills;2
4266;121;177;245;land;false;plains;4
4267;201;248;201;land;false;mountain;3
4268;235;198;114;land;false;forest;1
4269;251;110;249;land;false;hills;1
4270;182;208;254;land;false;forest;1
4271;206;123;227;land;false;hills;7
4272;253;228;128;land;false;plains;1
4273;177;179;170;land;false;hills;1
4274;249;174;169;land;false;marsh;2
4275;220;196;85;land;false;mountain;5
4276;185;200;153;land;false;plains;2
4277;56;251;243;land;false;forest;1
4278;127;161;215;land;false;jungle;3
4279;222;249;240;land;false;plains;3
4280;209;108;226;land;false;forest;3
4281;217;179;183;land;false;marsh;4
4282;120;203;238;land;false;forest;1
4283;176;108;231;land;false;desert;1
4284;218;142;164;land;true;forest;4
4285;239;115;199;land;false;jungle;1
4286;158;143;200;land;false;forest;1
4287;232;167;198;land;true;forest;3
4288;240;243;213;land;false;marsh;4
4289;132;233;184;land;false;mountain;5
4290;218;248;237;land;false;hills;3
4291;170;152;213;land;false;urban;3
4292;173;191;225;land;false;forest;1
4293;228;240;143;land;false;forest;3
4294;205;192;205;land;false;plains;6
4295;241;184;132;land;false;plains;5
4296;230;170;192;land;false;forest;2
4297;174;197;151;land;false;forest;1
4298;234;253;93;land;false;mountain;1
4299;200;182;254;land;false;marsh;4
4300;131;180;212;land;false;jungle;1
4301;234;83;228;land;false;marsh;4
4302;217;234;141;land;false;jungle;3
4303;226;184;130;land;true;plains;5
4304;220;233;211;land;false;hills;5
4305;229;212;211;land;false;jungle;4
4306;173;143;223;land;true;forest;4
4307;233;247;99;land;false;forest;4
4308;161;202;185;land;false;forest;1
4309;175;205;229;land;false;hills;1
4310;218;185;249;land;true;forest;2
4311;90;249;248;land;false;plains;1
4312;180;212;177;land;false;mountain;5
4313;241;135;222;land;true;hills;1
4314;223;96;192;land;false;plains;1
4315;200;214;101;land;true;plains;1
4316;177;100;247;land;false;forest;1
4317;204;246;151;land;false;jungle;2
4318;158;185;190;land;false;forest;3
4319;254;246;60;land;false;mountain;5
4320;212;172;149;land;false;hills;1
4321;162;225;234;land;false;forest;3
4322;236;176;142;land;false;plains;2
4323;174;183;160;land;false;forest;2
4324;205;207;109;land;false;plains;6
4325;225;64;225;land;false;plains;2
4326;197;157;197;land;false;desert;1
4327;204;213;111;land;false;jungle;2
4328;151;225;182;land;false;forest;4
4329;172;137;244;land;false;forest;4
4330;254;240;234;land;false;plains;6
4331;191;226;215;land;false;forest;4
4332;132;191;185;land;false;desert;4
4333;193;191;239;land;false;desert;2
4334;233;217;104;land;false;forest;4
4335;219;138;250;land;false;plains;4
4336;104;209;251;land;false;desert;2
4337;204;250;65;land;false;forest;1
4338;86;208;238;land;false;mountain;5
4339;167;243;105;land;false;mountain;3
4340;232;191;248;land;false;desert;1
4341;233;216;76;land;false;jungle;2
4342;154;250;112;land;true;forest;4
4343;249;68;184;land;false;forest;2
4344;217;180;244;land;false;forest;2
4345;140;152;240;land;false;marsh;4
4346;208;71;237;land;false;plains;4
4347;213;130;194;land;false;forest;1
4348;245;159;116;land;false;forest;1
4349;124;242;172;land;false;desert;1
4350;167;223;155;land;false;plains;6
4351;254;236;93;land;false;plains;1
4352;110;228;176;land;false;marsh;4
4353;218;251;250;land;true;hills;5
4354;224;179;155;land;false;desert;4
4355;200;206;146;land;false;jungle;2
4356;220;205;109;land;true;forest;5
4357;69;228;226;land;false;mountain;3
4358;242;215;176;land;false;forest;1
4359;225;163;145;land;false;mirrors_terrain;1
4360;160;251;208;land;false;forest;3
4361;135;228;180;land;true;hills;5
4362;114;180;228;land;false;forest;5
4363;28;222;252;land;false;hills;1
4364;141;165;222;land;false;mountain;1
4365;182;125;249;land;false;plains;3
4366;209;213;98;land;false;plains;3
4367;238;161;168;land;false;mountain;5
4368;162;194;254;land;false;hills;1
4369;89;189;228;land;false;hills;1
4370;169;197;161;land;true;plains;6
4371;202;193;167;land;false;plains;2
4372;211;202;222;land;false;mountain;5
4373;153;225;249;land;false;desert;4
4374;216;145;221;land;false;hills;5
4375;216;198;176;land;false;marsh;2
4376;194;236;216;land;false;hills;7
4377;248;159;254;land;false;forest;2
4378;230;172;102;land;true;plains;5
4379;175;182;175;land;false;forest;4
4380;238;236;50;land;true;plains;3
4381;245;188;238;land;false;forest;1
4382;240;211;51;land;false;hills;5
4383;231;130;192;land;false;plains;2
4384;235;234;84;land;false;hills;2
4385;102;222;179;land;false;forest;1
4386;225;61;228;land;false;forest;1
4387;249;189;233;land;false;forest;2
4388;196;226;150;land;true;plains;1
4389;142;173;221;land;false;forest;3
4390;187;172;203;land;false;plains;4
4391;177;252;160;land;false;hills;3
4392;153;241;190;land;false;plains;2
4393;182;220;171;land;false;forest;2
4394;181;213;182;land;false;forest;1
4395;161;230;181;land;false;mountain;3
4396;182;149;204;land;false;desert;1
4397;248;245;117;land;false;hills;1
4398;208;213;93;land;false;plains;4
4399;123;253;163;land;false;urban;1
4400;186;236;120;land;false;forest;1
4401;226;246;52;land;true;forest;4
4402;199;176;213;land;true;forest;4
4403;224;187;215;land;false;plains;2
4404;193;140;206;land;false;hills;2
4405;105;227;194;land;false;forest;1
4406;240;201;130;land;false;desert;4
4407;254;78;204;land;false;forest;1
4408;183;197;166;land;false;desert;1
4409;65;198;242;land;false;plains;3
4410;190;145;209;land;false;jungle;2
4411;210;211;204;land;false;urban;5
4412;196;236;191;land;false;jungle;4
4413;169;163;170;land;false;forest;1
4414;248;142;241;land;false;plains;1
4415;190;142;225;land;false;mountain;3
4416;229;226;220;land;false;hills;1
4417;206;244;115;land;true;plains;6
4418;236;216;118;land;false;plains;2
4419;158;253;96;land;false;forest;1
4420;244;96;218;land;true;plains;6
4421;138;152;221;land;false;forest;1
4422;226;130;187;land;false;mountain;4
4423;246;172;108;land;false;forest;2
4424;196;208;229;land;false;forest;7
4425;209;133;249;land;false;mountain;7
4426;231;77;207;land;false;mountain;1
4427;216;182;166;land;false;desert;1
4428;247;184;252;land;false;plains;4
4429;226;88;193;land;false;forest;1
4430;228;151;226;land;false;hills;5
4431;116;221;181;land;false;forest;1
4432;106;208;196;land;false;forest;3
4433;180;239;161;land;false;jungle;2
4434;244;143;247;land;true;forest;4
4435;244;198;67;land;false;marsh;2
4436;177;167;162;land;false;plains;2
4437;151;239;111;land;false;desert;2
4438;201;238;212;land;false;plains;4
4439;223;95;185;land;false;plains;2
4440;238;179;240;land;true;forest;7
4441;173;196;159;land;false;plains;1
4442;233;219;108;land;false;plains;3
4443;67;236;249;land;false;mountain;5
4444;174;192;225;land;false;forest;4
4445;246;247;166;land;true;plains;6
4446;101;253;159;land;false;hills;4
4447;212;249;113;land;true;plains;3
4448;99;234;187;land;false;plains;3
4449;247;196;155;land;false;plains;3
4450;198;228;191;land;false;hills;2
4451;130;247;173;land;false;marsh;4
4452;205;243;250;land;false;marsh;2
4453;81;204;217;land;false;plains;4
4454;242;123;231;land;true;plains;1
4455;173;129;251;land;false;plains;3
4456;226;117;161;land;false;plains;1
4457;152;219;216;land;false;desert;2
4458;112;221;186;land;false;plains;1
4459;191;190;247;land;false;forest;2
4460;163;219;237;land;false;mountain;3
4461;153;169;225;land;true;plains;7
4462;185;215;204;land;true;plains;3
4463;254;175;238;land;true;plains;4
4464;133;221;241;land;false;hills;1
4465;251;114;156;land;false;plains;6
4466;157;156;251;land;false;hills;5
4467;174;215;121;land;false;mountain;1
4468;198;206;121;land;false;desert;2
4469;130;228;182;land;false;forest;3
4470;140;239;250;land;false;desert;1
4471;164;250;247;land;false;plains;2
4472;137;247;143;land;true;plains;6
4473;224;164;197;land;false;marsh;4
4474;216;198;172;land;false;forest;4
4475;186;181;211;land;true;forest;2
4476;217;154;194;land;false;marsh;4
4477;215;196;189;land;false;marsh;1
4478;206;225;228;land;true;forest;1
4479;216;150;165;land;false;forest;2
4480;202;205;197;land;false;jungle;3
4481;200;246;242;land;false;marsh;4
4482;220;245;248;land;true;forest;1
4483;185;165;208;land;false;desert;1
4484;201;183;166;land;true;plains;4
4485;202;131;242;land;false;jungle;1
4486;236;161;119;land;false;marsh;4
4487;243;47;231;land;true;forest;3
4488;229;197;106;land;false;jungle;2
4489;130;251;137;land;false;desert;1
4490;167;250;120;land;false;plains;2
4491;156;202;213;land;false;hills;5
4492;203;189;165;land;false;plains;1
4493;223;220;168;land;false;desert;1
4494;221;254;241;land;false;mountain;1
4495;247;188;127;land;false;marsh;4
4496;229;220;209;land;true;plains;6
4497;211;135;188;land;false;plains;1
4498;229;236;206;land;false;jungle;3
4499;113;209;231;land;false;marsh;4
4500;98;223;207;land;false;plains;6
4501;198;131;174;land;false;forest;4
4502;225;104;248;land;false;forest;2
4503;173;154;181;land;false;mountain;1
4504;97;224;194;land;false;forest;1
4505;248;153;224;land;false;forest;1
4506;239;110;175;land;false;mountain;3
4507;75;202;231;land;true;plains;2
4508;226;228;60;land;false;plains;1
4509;140;199;229;land;false;hills;1
4510;242;146;202;land;false;plains;1
4511;194;163;177;land;false;plains;3
4512;217;225;92;land;false;hills;2
4513;92;176;243;land;false;mountain;1
4514;201;246;134;land;false;forest;5
4515;249;49;234;land;true;plains;4
4516;184;133;201;land;false;mountain;5
4517;142;215;159;land;false;hills;1
4518;143;217;169;land;false;hills;1
4519;218;188;136;land;false;plains;3
4520;169;232;233;land;true;plains;7
4521;214;235;101;land;false;forest;2
4522;179;177;243;land;true;plains;3
4523;234;138;232;land;false;plains;2
4524;252;168;249;land;false;plains;1
4525;174;202;161;land;false;forest;1
4526;82;201;253;land;false;marsh;2
4527;223;57;236;land;false;plains;2
4528;198;244;123;land;false;plains;2
4529;205;192;147;land;false;forest;2
4530;112;208;243;land;false;hills;1
4531;245;177;206;land;false;mountain;1
4532;213;204;252;land;false;hills;3
4533;181;118;208;land;false;hills;1
4534;221;207;94;land;true;plains;3
4535;247;156;219;land;false;forest;4
4536;202;241;73;land;true;forest;3
4537;58;227;240;land;false;jungle;3
4538;195;220;224;land;false;desert;1
4539;137;231;182;land;false;plains;3
4540;240;114;180;land;false;plains;4
4541;63;219;234;land;false;mountain;3
4542;167;184;196;land;false;hills;5
4543;187;231;165;land;false;desert;2
4544;110;154;237;land;false;forest;3
4545;167;243;254;land;true;forest;2
4546;223;169;169;land;false;hills;1
4547;32;251;252;land;false;forest;1
4548;227;85;196;land;false;marsh;4
4549;215;216;226;land;false;forest;3
4550;207;62;249;land;false;plains;4
4551;179;219;144;land;false;forest;1
4552;219;251;80;land;false;marsh;2
4553;232;159;173;land;false;plains;2
4554;189;195;201;land;false;forest;1
4555;128;215;203;land;false;forest;2
4556;222;38;252;land;false;marsh;4
4557;224;211;241;land;false;forest;1
4558;221;93;242;land;true;forest;4
4559;79;252;215;land;false;forest;1
4560;234;111;189;land;false;plains;4
4561;157;231;144;land;false;forest;1
4562;247;76;227;land;false;mountain;5
4563;226;211;254;land;true;plains;4
4564;190;182;187;land;true;forest;4
4565;236;102;203;land;false;forest;1
4566;94;238;193;land;false;jungle;4
4567;223;145;153;land;false;hills;3
4568;101;222;184;land;false;forest;2
4569;236;96;180;land;false;hills;3
4570;183;233;129;land;false;marsh;4
4571;175;228;241;land;false;marsh;4
4572;242;152;209;land;false;marsh;4
4573;208;203;177;land;true;forest;1
4574;113;248;165;land;false;desert;4
4575;223;220;90;land;false;mountain;5
4576;203;207;122;land;false;plains;1
4577;145;160;215;land;false;plains;6
4578;139;210;230;land;false;jungle;1
4579;206;227;251;land;false;plains;7
4580;178;95;234;land;false;forest;1
4581;164;223;139;land;false;hills;4
4582;238;165;219;land;true;plains;4
4583;247;90;164;land;true;plains;6
4584;118;193;254;land;false;hills;5
4585;107;217;183;land;false;plains;1
4586;186;216;199;land;false;mountain;4
4587;199;243;184;land;true;mountain;3
4588;130;230;199;land;false;forest;4
4589;132;141;239;land;false;plains;4
4590;248;231;101;land;true;plains;5
4591;216;241;77;land;false;plains;2
4592;181;212;162;land;false;plains;1
4593;199;135;209;land;false;hills;5
4594;228;228;169;land;false;desert;4
4595;154;185;177;land;false;plains;1
4596;136;194;180;land;false;forest;2
4597;135;221;170;land;false;mountain;3
4598;209;246;185;land;false;plains;3
4599;247;84;211;land;false;plains;6
4600;245;82;229;land;false;forest;5
4601;246;165;250;land;false;plains;1
4602;250;178;153;land;false;plains;6
4603;206;159;246;land;false;forest;1
4604;201;91;251;land;false;marsh;4
4605;240;141;180;land;false;hills;4
4606;241;63;232;land;false;plains;1
4607;243;182;148;land;true;forest;3
4608;59;244;200;land;false;plains;3
4609;237;217;83;land;false;desert;1
4610;52;226;242;land;false;plains;4
4611;208;177;238;land;false;mountain;3
4612;156;163;184;land;true;plains;5
4613;133;229;150;land;false;marsh;4
4614;207;184;228;land;false;mountain;1
4615;178;152;211;land;false;marsh;2
4616;184;202;126;land;false;plains;3
4617;28;253;227;land;false;mountain;5
4618;234;100;189;land;false;jungle;1
4619;220;45;241;land;false;plains;2
4620;172;222;240;land;false;desert;4
4621;245;177;187;land;false;desert;1
4622;180;119;215;land;false;jungle;1
4623;217;185;138;land;false;plains;2
4624;193;185;176;land;true;hills;3
4625;164;177;161;land;false;forest;1
4626;62;241;248;land;false;mountain;2
4627;64;237;251;land;false;hills;3
4628;120;233;190;land;false;marsh;4
4629;82;234;234;land;false;plains;1
4630;239;227;84;land;false;jungle;2
4631;244;189;160;land;true;forest;5
4632;127;244;156;land;false;jungle;4
4633;178;212;217;land;false;plains;1
4634;250;191;208;land;false;plains;4
4635;218;247;63;land;false;forest;3
4636;103;252;246;land;false;plains;1
4637;207;191;193;land;true;hills;5
4638;249;69;251;land;false;forest;3
4639;236;114;218;land;false;jungle;4
4640;252;92;254;land;false;forest;3
4641;225;192;183;land;false;jungle;3
4642;249;190;240;land;false;hills;3
4643;171;128;213;land;false;mountain;3
4644;174;163;238;land;false;forest;3
4645;218;115;183;land;false;plains;1
4646;227;141;243;land;false;hills;1
4647;200;243;149;land;false;mountain;5
4648;233;203;229;land;false;mountain;5
4649;249;105;172;land;false;mountain;2
4650;216;198;208;land;false;desert;1
4651;158;237;120;land;false;forest;1
4652;61;232;213;land;false;mountain;3
4653;180;209;225;land;false;plains;2
4654;248;246;243;land;false;desert;1
4655;230;215;193;land;false;forest;1
4656;204;248;114;land;false;hills;4
4657;219;224;69;land;false;forest;2
4658;252;242;178;land;false;hills;1
4659;252;125;174;land;false;desert;2
4660;112;208;210;land;false;plains;1
4661;183;200;219;land;false;hills;4
4662;158;241;215;land;false;marsh;4
4663;178;105;223;land;true;plains;3
4664;177;146;191;land;false;forest;2
4665;230;196;226;land;false;forest;2
4666;229;108;218;land;true;forest;2
4667;161;178;236;land;true;plains;7
4668;159;173;231;land;false;forest;2
4669;202;229;148;land;false;plains;3
4670;238;205;78;land;false;jungle;3
4671;224;67;217;land;false;mountain;1
4672;156;226;120;land;false;plains;1
4673;157;191;234;land;false;forest;2
4674;167;243;164;land;false;forest;2
4675;89;208;221;land;false;mountain;3
4676;217;233;163;land;false;hills;3
4677;236;126;252;land;false;forest;1
4678;196;92;219;land;false;mountain;1
4679;127;242;191;land;false;mountain;1
4680;189;102;229;land;false;plains;1
4681;228;84;230;land;false;plains;2
4682;216;222;74;land;false;forest;1
4683;151;212;144;land;true;plains;7
4684;124;251;182;land;false;plains;3
4685;246;213;66;land;false;plains;2
4686;208;213;151;land;false;mountain;5
4687;232;241;146;land;false;plains;2
4688;147;229;188;land;false;plains;2
4689;247;169;249;land;false;marsh;2
4690;240;206;202;land;false;plains;6
4691;227;187;166;land;false;plains;4
4692;131;213;157;land;false;hills;5
4693;202;218;229;land;false;mountain;3
4694;39;234;250;land;false;plains;2
4695;232;161;149;land;false;forest;3
4696;243;141;196;land;false;forest;2
4697;229;230;93;land;false;plains;2
4698;193;241;227;land;false;plains;3
4699;233;199;119;land;false;forest;3
4700;182;117;219;land;false;mountain;5
4701;175;238;171;land;false;forest;2
4702;121;222;192;land;false;plains;4
4703;85;243;233;land;false;hills;1
4704;147;132;244;land;false;forest;1
4705;249;225;203;land;false;jungle;1
4706;230;253;245;land;false;forest;3
4707;223;247;141;land;false;plains;2
4708;231;184;248;land;false;plains;1
4709;107;170;236;land;false;forest;1
4710;226;150;195;land;false;desert;1
4711;177;169;178;land;false;forest;1
4712;155;148;202;land;false;jungle;1
4713;141;216;153;land;true;plains;6
4714;233;249;187;land;false;desert;2
4715;212;177;175;land;false;hills;5
4716;242;185;220;land;true;plains;4
4717;136;230;157;land;false;plains;2
4718;101;218;253;land;false;jungle;2
4719;118;248;168;land;true;forest;1
4720;176;73;254;land;false;mountain;7
4721;200;214;239;land;false;marsh;4
4722;203;235;173;land;false;jungle;4
4723;159;184;161;land;true;jungle;4
4724;226;168;126;land;false;marsh;2
4725;230;201;104;land;true;plains;6
4726;252;229;239;land;false;hills;3
4727;184;189;169;land;true;forest;4
4728;245;27;239;land;true;plains;4
4729;96;205;219;land;false;desert;4
4730;109;197;198;land;false;mountain;1
4731;95;227;225;land;false;forest;2
4732;221;214;84;land;false;mountain;5
4733;248;251;240;land;false;forest;5
4734;185;201;176;land;true;plains;1
4735;108;190;225;land;false;plains;3
4736;80;192;247;land;false;hills;3
4737;191;88;228;land;false;forest;2
4738;190;200;218;land;false;plains;3
4739;246;245;110;land;false;forest;2
4740;68;231;206;land;true;plains;2
4741;214;172;202;land;false;hills;3
4742;233;57;227;land;false;plains;1
4743;214;221;161;land;true;plains;5
4744;175;249;223;land;true;plains;6
4745;189;101;233;land;false;desert;1
4746;105;222;239;land;true;plains;1
4747;181;234;152;land;false;mountain;1
4748;237;221;57;land;false;plains;1
4749;207;245;116;land;true;plains;6
4750;199;204;226;land;true;plains;1
4751;218;126;172;land;false;mountain;3
4752;249;40;253;land;false;desert;4
4753;214;219;238;land;false;forest;3
4754;226;220;111;land;true;hills;3
4755;133;178;230;land;false;plains;4
4756;159;156;248;land;false;plains;3
4757;192;123;189;land;false;jungle;2
4758;143;122;253;land;false;plains;2
4759;153;244;213;land;false;jungle;1
4760;253;160;197;land;false;jungle;1
4761;91;188;222;land;false;mountain;5
4762;155;178;189;land;false;plains;1
4763;164;239;182;land;false;desert;2
4764;192;236;221;land;false;hills;3
4765;178;241;203;land;false;jungle;2
4766;246;212;114;land;false;jungle;4
4767;202;161;138;land;false;mountain;4
4768;234;163;179;land;true;plains;6
4769;208;225;91;land;false;plains;1
4770;150;247;196;land;false;forest;5
4771;245;107;244;land;false;mountain;5
4772;218;237;224;land;false;forest;7
4773;174;197;249;land;false;plains;2
4774;93;232;235;land;false;hills;4
4775;237;170;185;land;false;plains;2
4776;178;194;197;land;false;marsh;7
4777;213;122;254;land;false;plains;1
4778;230;205;218;land;false;mountain;2
4779;179;182;227;land;false;mountain;5
4780;244;86;244;land;false;desert;1
4781;141;242;209;land;false;plains;6
4782;221;203;124;land;false;forest;5
4783;249;143;152;land;false;hills;4
4784;232;121;246;land;false;forest;1
4785;128;251;210;land;false;mountain;3
4786;237;254;130;land;false;plains;2
4787;182;153;190;land;false;mountain;3
4788;237;102;253;land;true;plains;6
4789;254;78;203;land;true;plains;2
4790;180;154;235;land;false;desert;2
4791;54;237;253;land;false;marsh;4
4792;136;242;125;land;false;forest;3
4793;230;120;223;land;false;hills;5
4794;150;225;154;land;false;hills;5
4795;170;202;213;land;false;plains;1
4796;237;92;228;land;false;mountain;5
4797;241;249;220;land;false;forest;1
4798;240;233;219;land;false;forest;1
4799;125;251;216;land;false;plains;1
4800;246;57;244;land;true;plains;2
4801;122;220;247;land;false;forest;1
4802;112;249;222;land;false;mountain;1
4803;115;167;220;land;false;plains;1
4804;206;151;206;land;false;forest;2
4805;246;244;99;land;true;forest;4
4806;245;74;238;land;false;forest;1
4807;203;107;234;land;false;plains;3
4808;206;189;113;land;false;forest;2
4809;253;14;247;land;false;forest;1
4810;225;194;83;land;true;forest;4
4811;90;238;231;land;false;forest;1
4812;142;248;235;land;true;plains;3
4813;230;229;242;land;false;mountain;5
4814;237;160;235;land;false;desert;1
4815;166;225;161;land;false;hills;2
4816;246;31;236;land;false;plains;2
4817;170;194;149;land;false;forest;3
4818;107;199;209;land;false;forest;3
4819;208;164;223;land;true;forest;7
4820;187;153;161;land;false;plains;1
4821;150;148;214;land;false;mountain;5
4822;233;241;216;land;false;mountain;5
4823;199;84;241;land;false;jungle;3
4824;247;175;254;land;false;forest;3
4825;177;213;196;land;false;mountain;1
4826;175;209;136;land;false;forest;1
4827;80;225;254;land;false;hills;4
4828;232;229;111;land;false;forest;1
4829;243;223;111;land;false;mountain;3
4830;160;160;237;land;false;forest;2
4831;87;235;230;land;false;plains;2
4832;125;203;234;land;false;hills;1
4833;222;244;112;land;false;plains;1
4834;165;240;189;land;true;plains;5
4835;235;171;127;land;false;hills;2
4836;254;218;107;land;true;forest;7
4837;252;198;85;land;true;forest;2
4838;220;84;212;land;false;forest;3
4839;78;241;211;land;false;forest;1
4840;226;182;254;land;false;forest;3
4841;196;78;233;land;true;plains;3
4842;193;208;151;land;true;forest;7
4843;233;108;186;land;false;hills;7
4844;188;227;201;land;false;mountain;5
4845;228;249;217;land;false;desert;2
4846;121;244;146;land;false;plains;2
4847;245;152;165;land;false;forest;2
4848;110;233;219;land;false;hills;1
4849;251;161;147;land;false;desert;1
4850;121;191;215;land;false;plains;1
4851;124;184;204;land;false;mountain;1
4852;201;253;168;land;true;plains;2
4853;222;192;162;land;false;hills;3
4854;251;241;186;land;false;mountain;1
4855;114;185;251;land;false;plains;4
4856;103;204;230;land;false;forest;1
4857;246;129;243;land;true;plains;5
4858;200;138;185;land;false;forest;4
4859;244;143;190;land;false;hills;7
4860;121;210;201;land;false;mountain;2
4861;179;157;184;land;false;forest;3
4862;213;114;198;land;false;hills;2
4863;127;190;252;land;false;forest;5
4864;251;141;223;land;false;forest;2
4865;90;240;239;land;false;plains;5
4866;226;82;210;land;true;forest;3
4867;112;239;234;land;false;jungle;2
4868;229;245;177;land;false;plains;1
4869;112;234;160;land;true;plains;5
4870;171;224;216;land;false;forest;1
4871;224;232;129;land;false;plains;6
4872;243;87;250;land;false;forest;4
4873;172;115;236;land;false;hills;4
4874;73;242;197;land;false;hills;1
4875;184;138;179;land;false;desert;1
4876;171;246;126;land;false;plains;2
4877;177;224;143;land;false;hills;1
4878;182;254;219;land;false;jungle;1
4879;138;209;156;land;true;forest;1
4880;194;194;135;land;false;mountain;3
4881;119;196;193;land;false;forest;3
4882;200;148;174;land;false;hills;1
4883;47;217;252;land;false;plains;3
4884;198;202;207;land;false;mountain;5
4885;99;230;190;land;false;mountain;1
4886;129;243;129;land;false;hills;1
4887;220;239;44;land;false;desert;1
4888;159;144;232;land;false;jungle;3
4889;30;243;246;land;false;forest;2
4890;182;221;220;land;false;mountain;5
4891;246;32;224;land;false;desert;4
4892;175;187;166;land;false;forest;3
4893;237;144;149;land;true;plains;5
4894;214;182;203;land;false;plains;4
4895;200;219;232;land;false;hills;2
4896;244;150;195;land;true;plains;3
4897;233;77;197;land;true;plains;4
4898;118;194;229;land;true;forest;2
4899;76;217;229;land;false;jungle;4
4900;78;238;204;land;false;plains;1
4901;227;102;243;land;false;mountain;1
4902;189;181;196;land;false;forest;4
4903;198;243;219;land;false;plains;2
4904;209;213;132;land;false;forest;2
4905;213;244;101;land;false;hills;4
4906;237;216;146;land;false;plains;3
4907;180;200;172;land;false;forest;3
4908;148;223;213;land;false;jungle;4
4909;168;193;239;land;false;desert;4
4910;232;130;149;land;false;plains;1
4911;139;198;234;land;false;jungle;2
4912;234;173;169;land;false;mountain;5
4913;80;227;208;land;false;jungle;2
4914;224;206;84;land;false;hills;1
4915;188;250;201;land;true;plains;7
4916;236;152;243;land;true;forest;4
4917;176;132;232;land;true;forest;4
4918;143;187;222;land;false;plains;1
4919;211;233;239;land;false;marsh;2
4920;130;229;144;land;false;marsh;2
4921;78;242;196;land;false;mountain;5
4922;235;218;53;land;false;desert;1
4923;156;165;233;land;false;plains;1
4924;188;85;231;land;false;jungle;2
4925;186;244;182;land;false;marsh;3
4926;183;109;232;land;false;plains;4
4927;239;168;145;land;false;plains;3
4928;175;147;198;land;false;plains;2
4929;181;92;251;land;false;mountain;5
4930;196;168;188;land;false;plains;1
4931;207;143;218;land;false;hills;1
4932;248;84;231;land;false;mountain;3
4933;204;148;160;land;false;plains;3
4934;154;151;209;land;false;forest;2
4935;224;241;176;land;false;hills;3
4936;167;191;172;land;false;mountain;1
4937;228;186;243;land;false;plains;6
4938;245;197;91;land;false;hills;5
4939;109;204;190;land;true;plains;2
4940;226;59;244;land;false;forest;4
4941;186;248;245;land;false;desert;1
4942;203;144;241;land;false;plains;6
4943;186;237;128;land;false;marsh;2
4944;211;181;197;land;false;forest;1
4945;252;250;38;land;false;plains;7
4946;97;227;196;land;false;mountain;5
4947;157;223;160;land;false;hills;5
4948;227;146;252;land;false;forest;3
4949;198;241;168;land;false;forest;1
4950;161;237;184;land;false;hills;3
4951;169;201;185;land;false;forest;1
4952;153;233;131;land;false;forest;3
4953;212;184;226;land;false;mountain;3
4954;247;222;40;land;true;hills;3
4955;150;250;189;land;true;plains;2
4956;190;245;152;land;false;desert;1
4957;251;197;156;land;false;mountain;3
4958;141;216;240;land;false;marsh;2
4959;165;197;173;land;false;plains;1
4960;250;195;198;land;false;plains;2
4961;194;152;160;land;false;desert;1
4962;223;202;152;land;false;marsh;3
4963;151;222;179;land;false;plains;2
4964;182;97;243;land;false;forest;4
4965;161;202;191;land;false;marsh;4
4966;236;64;247;land;false;hills;1
4967;248;227;104;land;false;plains;1
4968;229;231;95;land;false;hills;2
4969;159;220;127;land;true;plains;7
4970;152;234;163;land;false;plains;2
4971;87;185;245;land;false;plains;6
4972;246;130;145;land;false;desert;4
4973;184;229;195;land;false;mountain;5
4974;218;192;128;land;true;plains;3
4975;184;150;220;land;false;plains;4
4976;198;82;241;land;true;plains;4
4977;188;134;210;land;false;hills;1
4978;222;213;104;land;false;forest;7
4979;209;220;146;land;false;forest;5
4980;142;129;242;land;false;forest;1
4981;150;253;238;land;false;forest;1
4982;227;209;141;land;false;plains;3
4983;236;16;253;land;false;desert;4
4984;119;254;134;land;false;hills;2
4985;216;194;167;land;false;forest;2
4986;198;123;246;land;false;plains;1
4987;220;247;74;land;true;plains;4
4988;252;181;91;land;false;hills;1
4989;225;213;136;land;false;forest;2
4990;133;250;253;land;true;mountain;3
4991;189;232;154;land;true;plains;3
4992;97;192;233;land;false;desert;4
4993;253;96;206;land;true;plains;4
4994;213;165;152;land;true;forest;4
4995;157;180;194;land;false;jungle;4
4996;254;245;18;land;false;forest;3
4997;241;167;147;land;true;forest;4
4998;184;237;171;land;false;forest;1
4999;232;207;77;land;true;forest;1
5000;48;212;248;land;false;forest;2
5001;202;214;223;land;false;hills;1
5002;113;238;235;land;false;jungle;4
5003;251;44;222;land;false;plains;2
5004;181;176;236;land;false;forest;1
5005;242;183;219;land;false;marsh;4
5006;239;245;120;land;false;plains;2
5007;180;199;204;land;false;hills;3
5008;205;250;182;land;false;jungle;1
5009;167;190;240;land;false;plains;2
5010;215;175;145;land;false;forest;4
5011;180;250;113;land;false;hills;5
5012;72;236;209;land;false;forest;1
5013;245;169;99;land;false;mountain;5
5014;117;243;167;land;false;mountain;1
5015;234;151;144;land;false;forest;1
5016;223;197;194;land;false;forest;3
5017;127;253;211;land;true;hills;3
5018;205;211;164;land;false;hills;5
5019;202;235;196;land;false;desert;1
5020;205;233;138;land;true;jungle;4
5021;252;140;221;land;true;plains;3
5022;222;212;165;land;false;marsh;4
5023;191;189;138;land;false;jungle;1
5024;253;220;42;land;true;plains;6
5025;149;135;225;land;true;plains;6
5026;176;219;114;land;false;hills;3
5027;242;109;242;land;true;plains;6
5028;191;254;56;land;false;plains;1
5029;215;213;170;land;false;hills;1
5030;187;173;186;land;false;forest;2
5031;184;217;131;land;false;plains;3
5032;163;180;253;land;false;forest;2
5033;165;252;212;land;false;forest;2
5034;228;225;161;land;false;plains;4
5035;225;226;160;land;false;desert;1
5036;210;151;145;land;false;jungle;3
5037;171;234;168;land;false;plains;3
5038;197;235;253;land;true;plains;2
5039;124;243;216;land;false;forest;2
5040;181;223;187;land;false;marsh;4
5041;59;248;244;land;false;forest;5
5042;122;156;229;land;false;mountain;5
5043;110;242;166;land;false;forest;7
5044;185;163;198;land;false;hills;3
5045;236;98;198;land;false;jungle;1
5046;240;198;243;land;true;plains;3
5047;133;132;246;land;false;plains;3
5048;149;186;224;land;false;forest;4
5049;236;250;88;land;false;jungle;4
5050;169;231;116;land;false;hills;2
5051;189;179;198;land;false;plains;1
5052;223;91;237;land;true;forest;5
5053;233;137;172;land;false;plains;1
5054;199;130;227;land;false;forest;1
5055;248;102;176;land;false;plains;5
5056;104;227;199;land;false;hills;1
5057;213;247;218;land;false;plains;1
5058;109;224;246;land;true;forest;6
5059;173;211;206;land;false;mountain;4
5060;165;250;165;land;false;marsh;4
5061;183;234;97;land;false;forest;2
5062;189;161;220;land;true;plains;2
5063;231;193;242;land;false;mountain;1
5064;223;236;132;land;false;forest;1
5065;187;210;219;land;true;plains;2
5066;248;206;251;land;false;marsh;2
5067;172;229;216;land;true;plains;4
5068;249;176;102;land;false;plains;2
5069;245;145;213;land;false;forest;1
5070;105;222;224;land;false;forest;1
5071;175;125;236;land;false;desert;1
5072;111;178;231;land;false;hills;4
5073;208;159;151;land;false;hills;1
5074;183;244;128;land;false;desert;1
5075;206;131;251;land;false;jungle;4
5076;220;244;167;land;false;mountain;7
5077;96;233;200;land;false;mountain;1
5078;126;245;130;land;false;mountain;5
5079;212;120;188;land;false;plains;4
5080;116;245;249;land;false;plains;6
5081;151;216;247;land;false;plains;3
5082;199;165;192;land;false;forest;1
5083;213;118;251;land;true;plains;5
5084;206;97;198;land;false;plains;3
5085;123;247;144;land;true;forest;4
5086;236;183;228;land;false;plains;3
5087;197;177;160;land;false;hills;3
5088;244;151;175;land;false;marsh;4
5089;194;196;175;land;false;desert;2
5090;250;145;133;land;true;plains;3
5091;243;171;237;land;false;mountain;5
5092;251;254;152;land;true;forest;4
5093;224;136;193;land;false;hills;1
5094;204;252;100;land;true;plains;2
5095;79;214;227;land;false;hills;4
5096;226;46;251;land;false;jungle;1
5097;228;160;115;land;false;hills;1
5098;158;188;156;land;false;mountain;5
5099;238;198;130;land;false;mountain;1
5100;208;250;214;land;false;hills;1
5101;32;251;225;land;false;forest;1
5102;249;214;51;land;false;forest;4
5103;189;120;221;land;false;plains;1
5104;192;161;245;land;false;forest;5
5105;233;190;101;land;false;jungle;1
5106;70;246;203;land;true;forest;3
5107;244;245;132;land;false;forest;1
5108;217;134;245;land;false;marsh;4
5109;252;248;96;land;true;mountain;3
5110;246;166;130;land;false;forest;1
5111;237;222;79;land;false;plains;2
5112;240;233;123;land;false;plains;2
5113;202;208;215;land;false;marsh;4
5114;198;197;183;land;false;plains;5
5115;231;81;251;land;false;plains;1
5116;236;168;102;land;false;marsh;4
5117;189;249;65;land;false;forest;1
5118;199;236;74;land;true;plains;1
5119;250;171;165;land;false;mountain;1
5120;77;249;193;land;false;plains;4
5121;205;98;241;land;false;hills;1
5122;59;209;252;land;false;mountain;5
5123;136;228;172;land;false;hills;4
5124;236;208;189;land;false;plains;3
5125;172;204;217;land;false;jungle;3
5126;251;222;103;land;false;mountain;5
5127;161;247;220;land;false;forest;4
5128;225;115;254;land;false;mountain;7
5129;107;229;214;land;false;mountain;5
5130;83;167;253;land;false;plains;4
5131;180;237;176;land;false;plains;2
5132;223;239;170;land;false;forest;1
5133;179;254;106;land;false;jungle;4
5134;72;253;189;land;false;forest;2
5135;215;247;114;land;false;forest;1
5136;238;228;249;land;false;plains;2
5137;242;165;192;land;false;mountain;3
5138;100;244;198;land;false;plains;4
5139;173;191;209;land;false;mountain;2
5140;122;157;224;land;false;plains;2
5141;155;244;182;land;false;forest;2
5142;250;201;141;land;true;plains;5
5143;221;111;248;land;false;desert;1
5144;227;111;209;land;false;desert;1
5145;253;192;98;land;false;hills;2
5146;229;202;225;land;false;forest;3
5147;183;236;89;land;false;plains;2
5148;241;154;139;land;false;plains;4
5149;217;130;177;land;false;plains;2
5150;140;245;233;land;false;plains;2
5151;254;143;193;land;false;forest;2
5152;252;250;191;land;true;forest;2
5153;216;204;137;land;true;plains;5
5154;174;197;197;land;true;hills;1
5155;235;254;22;land;false;plains;1
5156;126;198;234;land;false;mountain;5
5157;149;199;222;land;false;jungle;2
5158;223;68;219;land;false;plains;2
5159;218;128;192;land;false;mountain;1
5160;202;116;222;land;false;plains;2
5161;210;218;97;land;false;forest;1
5162;211;175;146;land;true;plains;7
5163;50;245;240;land;false;desert;1
5164;187;154;236;land;false;plains;1
5165;128;209;211;land;false;jungle;4
5166;216;212;89;land;false;jungle;1
5167;207;186;212;land;false;hills;1
5168;223;104;235;land;true;plains;1
5169;173;251;78;land;false;plains;2
5170;115;247;231;land;false;jungle;1
5171;221;90;203;land;false;forest;1
5172;247;91;239;land;false;hills;1
5173;214;253;52;land;true;plains;1
5174;253;193;170;land;true;forest;4
5175;112;194;213;land;true;plains;4
5176;235;173;207;land;false;mountain;1
5177;192;144;199;land;false;jungle;4
5178;228;159;251;land;false;forest;2
5179;237;43;226;land;false;forest;2
5180;141;245;228;land;false;desert;4
5181;254;46;216;land;false;marsh;4
5182;109;171;224;land;false;mountain;2
5183;181;207;199;land;false;mountain;1
5184;140;244;237;land;false;forest;4
5185;223;137;253;land;false;forest;1
5186;238;207;219;land;false;mountain;4
5187;227;203;236;land;false;marsh;4
5188;208;145;213;land;false;mountain;1
5189;241;138;192;land;false;mountain;3
5190;224;133;189;land;false;mountain;3
5191;224;89;244;land;false;forest;4
5192;204;87;240;land;false;mountain;5
5193;158;160;204;land;false;desert;1
5194;246;230;47;land;false;forest;2
5195;252;182;87;land;false;jungle;2
5196;208;68;225;land;false;hills;1
5197;243;174;153;land;false;forest;3
5198;219;120;198;land;false;plains;2
5199;63;243;233;land;false;forest;2
5200;201;224;245;land;false;plains;1
5201;104;239;211;land;false;jungle;4
5202;203;222;139;land;false;plains;2
5203;191;214;141;land;false;forest;4
5204;163;226;124;land;true;plains;1
5205;178;175;177;land;false;jungle;1
5206;214;112;250;land;true;plains;4
5207;237;66;207;land;true;plains;3
5208;192;183;141;land;false;forest;1
5209;202;251;239;land;false;jungle;1
5210;245;220;126;land;false;marsh;4
5211;246;125;248;land;false;jungle;2
5212;168;161;248;land;false;hills;4
5213;224;207;85;land;false;forest;1
5214;119;254;215;land;false;plains;2
5215;181;204;243;land;false;jungle;1
5216;253;121;250;land;false;plains;1
5217;224;233;68;land;false;hills;2
5218;241;206;189;land;false;mountain;2
5219;99;246;252;land;false;plains;1
5220;223;221;76;land;false;plains;4
5221;149;208;243;land;false;forest;1
5222;240;246;230;land;false;marsh;4
5223;220;230;174;land;false;forest;2
5224;225;163;228;land;false;desert;1
5225;125;193;195;land;false;desert;2
5226;138;164;248;land;false;hills;1
5227;175;190;231;land;false;desert;1
5228;147;125;254;land;false;hills;1
5229;207;236;60;land;false;mountain;7
5230;141;227;236;land;false;hills;4
5231;230;214;80;land;false;plains;1
5232;231;161;204;land;false;plains;2
5233;149;190;170;land;true;plains;2
5234;218;148;247;land;false;plains;2
5235;136;198;217;land;false;plains;1
5236;204;188;147;land;false;forest;2
5237;234;164;179;land;false;plains;2
5238;254;111;183;land;true;plains;7
5239;185;221;135;land;false;forest;2
5240;69;186;249;land;true;plains;5
5241;246;247;137;land;false;hills;1
5242;250;134;158;land;false;marsh;4
5243;229;236;81;land;false;mountain;1
5244;195;180;237;land;false;desert;4
5245;192;178;198;land;false;marsh;1
5246;242;215;220;land;false;forest;3
5247;253;185;197;land;false;plains;4
5248;247;144;230;land;false;forest;1
5249;195;245;234;land;false;hills;2
5250;199;137;211;land;false;forest;1
5251;163;222;133;land;false;jungle;1
5252;170;192;146;land;false;plains;3
5253;147;196;234;land;false;forest;5
5254;242;229;89;land;false;hills;1
5255;156;224;146;land;false;marsh;7
5256;115;236;170;land;true;forest;5
5257;77;231;217;land;false;plains;2
5258;218;183;179;land;true;plains;4
5259;143;224;237;land;false;forest;3
5260;180;124;225;land;true;plains;4
5261;247;230;196;land;false;mountain;1
5262;237;205;226;land;false;jungle;2
5263;184;160;165;land;false;plains;3
5264;222;199;224;land;true;plains;2
5265;238;254;99;land;false;desert;1
5266;110;219;228;land;false;desert;1
5267;246;207;50;land;true;forest;2
5268;184;208;247;land;true;forest;4
5269;228;134;212;land;false;mountain;5
5270;212;197;171;land;false;jungle;1
5271;225;111;165;land;false;forest;1
5272;229;154;225;land;false;marsh;4
5273;163;231;178;land;false;jungle;4
5274;198;222;170;land;true;forest;4
5275;195;214;186;land;false;forest;1
5276;251;168;157;land;false;hills;2
5277;181;225;103;land;false;plains;1
5278;233;137;252;land;false;hills;1
5279;230;121;208;land;false;plains;2
5280;196;214;171;land;false;marsh;1
5281;214;115;174;land;false;jungle;4
5282;237;164;162;land;false;jungle;2
5283;222;231;114;land;false;hills;2
5284;168;249;141;land;false;forest;2
5285;211;134;202;land;false;hills;3
5286;227;87;226;land;false;hills;5
5287;247;106;230;land;false;mountain;3
5288;91;233;192;land;false;plains;2
5289;224;228;50;land;false;plains;2
5290;177;201;140;land;true;plains;6
5291;183;187;240;land;false;jungle;2
5292;127;226;187;land;false;hills;2
5293;245;155;140;land;false;forest;3
5294;167;248;113;land;false;forest;2
5295;216;169;132;land;true;forest;2
5296;191;220;229;land;false;mountain;1
5297;234;84;236;land;false;plains;2
5298;216;202;246;land;false;jungle;1
5299;105;254;155;land;true;mountain;7
5300;123;202;198;land;false;desert;1
5301;253;162;94;land;false;hills;1
5302;206;181;119;land;false;mountain;2
5303;162;239;113;land;false;hills;1
5304;205;157;246;land;false;mountain;1
5305;175;248;230;land;false;forest;2
5306;217;250;84;land;false;hills;2
5307;103;239;253;land;false;hills;5
5308;207;92;235;land;false;desert;1
5309;195;245;228;land;false;forest;1
5310;102;246;224;land;false;desert;1
5311;215;176;180;land;false;hills;1
5312;154;248;224;land;false;forest;1
5313;254;251;5;land;false;marsh;4
5314;210;218;121;land;false;desert;1
5315;231;235;48;land;false;forest;1
5316;221;184;131;land;false;hills;4
5317;148;235;207;land;false;mountain;3
5318;238;235;99;land;true;plains;1
5319;174;198;175;land;false;forest;3
5320;145;120;244;land;false;mountain;3
5321;144;141;244;land;false;mountain;1
5322;241;245;108;land;false;forest;1
5323;253;203;250;land;true;forest;2
5324;215;241;92;land;false;forest;2
5325;156;147;215;land;false;mountain;3
5326;239;192;190;land;true;plains;3
5327;141;248;166;land;false;forest;4
5328;234;224;94;land;false;mountain;5
5329;254;98;155;land;false;forest;3
5330;241;209;72;land;false;plains;4
5331;222;251;118;land;false;plains;2
5332;233;140;180;land;false;forest;1
5333;211;114;254;land;false;jungle;2
5334;131;211;205;land;true;mountain;2
5335;239;168;197;land;false;marsh;4
5336;173;246;182;land;false;forest;4
5337;252;58;221;land;false;marsh;4
5338;227;111;221;land;false;marsh;7
5339;173;240;91;land;false;plains;3
5340;230;207;241;land;false;plains;1
5341;248;130;135;land;false;plains;1
5342;221;158;130;land;false;desert;1
5343;150;216;194;land;false;forest;1
5344;155;156;217;land;false;plains;2
5345;192;176;137;land;false;forest;1
5346;194;168;220;land;true;plains;1
5347;241;247;218;land;false;hills;4
5348;160;167;214;land;false;jungle;4
5349;171;146;190;land;false;plains;1
5350;245;196;213;land;false;plains;1
5351;76;251;212;land;true;plains;5
5352;197;232;84;land;false;marsh;4
5353;240;159;126;land;false;plains;2
5354;149;224;149;land;false;forest;1
5355;161;237;116;land;false;hills;1
5356;249;219;183;land;true;forest;7
5357;107;251;225;land;false;plains;3
5358;247;211;241;land;false;plains;4
5359;205;220;200;land;true;forest;7
5360;203;78;233;land;false;forest;1
5361;132;237;132;land;false;hills;5
5362;221;224;173;land;false;hills;1
5363;110;236;204;land;false;forest;4
5364;234;208;141;land;false;desert;4
5365;222;119;243;land;true;plains;7
5366;232;112;211;land;false;desert;1
5367;232;100;184;land;false;forest;1
5368;185;233;140;land;false;plains;1
5369;209;72;247;land;false;forest;3
5370;188;180;234;land;true;plains;3
5371;168;243;250;land;false;plains;1
5372;168;193;185;land;true;forest;2
5373;222;193;245;land;true;hills;5
5374;220;226;124;land;false;plains;2
5375;243;232;94;land;false;jungle;1
5376;178;193;158;land;false;plains;4
5377;139;251;195;land;false;plains;2
5378;172;243;92;land;false;plains;3
5379;206;169;226;land;false;plains;1
5380;161;191;199;land;false;marsh;1
5381;107;221;229;land;false;plains;2
5382;251;141;232;land;false;jungle;2
5383;199;161;233;land;false;forest;4
5384;153;233;190;land;false;plains;1
5385;156;251;113;land;true;forest;1
5386;215;197;183;land;false;desert;1
5387;247;126;197;land;false;plains;1
5388;203;176;132;land;false;plains;1
5389;162;226;176;land;false;plains;2
5390;71;245;242;land;true;plains;3
5391;180;142;225;land;false;forest;3
5392;214;245;242;land;false;forest;1
5393;134;156;234;land;false;hills;3
5394;214;135;181;land;false;desert;1
5395;248;146;245;land;false;desert;4
5396;189;247;188;land;false;hills;5
5397;213;253;102;land;true;forest;4
5398;214;239;119;land;false;plains;3
5399;100;198;207;land;false;mountain;1
5400;247;206;172;land;false;jungle;1
5401;152;247;208;land;true;forest;4
5402;201;212;247;land;false;desert;4
5403;219;251;249;land;false;forest;3
5404;183;148;232;land;false;jungle;2
5405;237;54;244;land;false;plains;2
5406;91;179;237;land;false;plains;2
5407;130;196;179;land;true;forest;1
5408;214;181;161;land;false;plains;4
5409;191;153;174;land;false;marsh;4
5410;212;244;101;land;false;desert;2
5411;254;73;186;land;false;plains;1
5412;96;193;213;land;false;plains;5
5413;253;159;133;land;false;jungle;2
5414;56;254;194;land;false;marsh;4
5415;186;226;129;land;false;forest;1
5416;153;128;239;land;false;forest;3
5417;63;253;193;land;false;plains;2
5418;131;211;245;land;true;forest;4
5419;214;173;228;land;false;forest;3
5420;207;169;143;land;false;forest;3
5421;253;22;251;land;true;plains;3
5422;211;239;151;land;false;forest;5
5423;202;216;103;land;false;plains;2
5424;160;243;133;land;false;desert;4
5425;219;108;220;land;false;hills;1
5426;252;73;179;land;true;plains;7
5427;171;209;187;land;false;mountain;3
5428;119;183;246;land;false;forest;1
5429;225;133;170;land;true;forest;7
5430;185;227;94;land;false;plains;1
5431;36;233;238;land;false;mountain;3
5432;202;183;194;land;false;hills;4
5433;224;152;168;land;false;hills;4
5434;182;134;187;land;false;plains;2
5435;133;250;251;land;false;jungle;2
5436;170;121;237;land;false;desert;2
5437;247;118;188;land;false;forest;1
5438;226;95;221;land;false;forest;2
5439;161;161;235;land;false;forest;1
5440;61;251;225;land;false;marsh;2
5441;219;161;228;land;false;forest;1
5442;225;249;103;land;false;hills;7
5443;205;69;231;land;false;mountain;1
5444;238;253;11;land;false;forest;2
5445;200;212;154;land;false;forest;2
5446;114;242;149;land;false;desert;4
5447;87;252;171;land;false;hills;2
5448;149;246;220;land;true;hills;5
5449;174;175;165;land;true;plains;7
5450;198;205;121;land;false;forest;2
5451;241;191;113;land;false;forest;3
5452;126;248;234;land;false;forest;1
5453;223;220;104;land;false;jungle;1
5454;167;87;248;land;true;plains;7
5455;215;193;195;land;false;mountain;5
5456;124;251;162;land;false;desert;1
5457;247;195;252;land;false;plains;1
5458;230;209;109;land;false;marsh;4
5459;201;120;194;land;false;forest;1
5460;227;254;200;land;false;jungle;4
5461;221;129;227;land;false;plains;6
5462;234;149;149;land;false;forest;3
5463;227;136;189;land;true;forest;7
5464;254;62;210;land;false;forest;3
5465;252;236;231;land;false;marsh;4
5466;209;247;99;land;false;jungle;1
5467;160;152;251;land;false;urban;1
5468;167;157;186;land;false;hills;2
5469;205;180;136;land;false;plains;3
5470;164;251;187;land;false;hills;5
5471;253;76;250;land;false;plains;3
5472;163;127;248;land;false;plains;6
5473;218;250;223;land;false;hills;1
5474;187;228;218;land;false;plains;3
5475;193;210;173;land;false;plains;3
5476;210;138;193;land;false;hills;4
5477;153;241;210;land;true;forest;1
5478;175;202;216;land;false;jungle;1
5479;87;207;249;land;false;jungle;4
5480;221;236;160;land;false;plains;1
5481;163;153;228;land;false;forest;3
5482;196;223;248;land;false;plains;4
5483;145;237;187;land;false;hills;5
5484;222;151;210;land;false;plains;1
5485;122;133;251;land;false;forest;2
5486;199;68;237;land;false;forest;7
5487;145;186;253;land;false;mountain;5
5488;207;191;167;land;false;mountain;2
5489;181;184;219;land;false;mountain;1
5490;247;248;224;land;false;marsh;2
5491;109;252;190;land;false;forest;1
5492;238;73;251;land;false;jungle;2
5493;175;199;243;land;false;plains;2
5494;141;196;173;land;false;desert;1
5495;185;173;189;land;false;mountain;7
5496;175;98;244;land;false;forest;1
5497;109;198;206;land;false;plains;2
5498;202;87;217;land;false;forest;1
5499;196;212;223;land;false;desert;1
5500;251;253;127;land;false;desert;1
5501;179;159;177;land;false;forest;2
5502;144;174;236;land;false;plains;1
5503;218;229;171;land;false;plains;1
5504;245;200;137;land;true;forest;4
5505;219;173;226;land;false;plains;3
5506;143;192;176;land;false;forest;1
5507;211;137;168;land;true;forest;4
5508;189;151;192;land;false;hills;1
5509;148;244;133;land;false;desert;2
5510;241;189;103;land;false;forest;4
5511;140;217;218;land;true;plains;6
5512;157;239;154;land;true;hills;7
5513;187;236;216;land;false;forest;1
5514;245;220;38;land;false;plains;6
5515;246;225;192;land;false;marsh;2
5516;229;162;191;land;false;mountain;3
5517;238;190;216;land;false;marsh;2
5518;117;229;166;land;false;desert;4
5519;197;233;111;land;false;jungle;4
5520;232;227;73;land;false;forest;1
5521;207;194;120;land;false;forest;2
5522;224;146;254;land;false;jungle;2
5523;169;238;126;land;false;marsh;4
5524;235;156;119;land;false;mountain;1
5525;82;240;246;land;true;forest;2
5526;140;240;145;land;false;marsh;4
5527;253;196;168;land;false;forest;2
5528;185;248;208;land;false;hills;4
5529;165;222;185;land;false;hills;1
5530;225;244;236;land;false;forest;2
5531;140;245;180;land;false;plains;2
5532;158;148;244;land;false;marsh;4
5533;152;172;181;land;false;desert;1
5534;132;188;215;land;false;marsh;1
5535;211;184;130;land;false;jungle;2
5536;187;237;230;land;false;forest;1
5537;131;252;233;land;false;plains;3
5538;130;215;228;land;false;forest;3
5539;224;244;229;land;false;marsh;4
5540;235;219;56;land;false;forest;1
5541;153;234;237;land;true;plains;7
5542;249;38;226;land;false;plains;1
5543;104;207;191;land;false;plains;2
5544;239;161;191;land;false;jungle;1
5545;244;135;247;land;true;mountain;3
5546;212;132;212;land;false;plains;1
5547;167;207;140;land;false;forest;3
5548;250;111;152;land;false;plains;1
5549;131;252;151;land;false;jungle;2
5550;245;32;228;land;false;plains;2
5551;190;162;239;land;false;forest;2
5552;143;186;231;land;false;mountain;1
5553;175;199;140;land;false;plains;1
5554;136;238;182;land;true;plains;4
5555;195;206;245;land;false;forest;2
5556;185;100;218;land;false;forest;3
5557;206;242;114;land;true;plains;5
5558;243;76;228;land;false;plains;3
5559;157;254;215;land;true;plains;5
5560;192;162;170;land;false;plains;3
5561;240;154;249;land;false;hills;7
5562;124;242;226;land;false;hills;4
5563;144;218;141;land;false;forest;1
5564;208;110;202;land;false;forest;1
5565;195;219;232;land;true;plains;1
5566;210;223;118;land;false;forest;1
5567;236;246;158;land;false;plains;1
5568;195;198;176;land;false;jungle;3
5569;228;61;216;land;false;hills;4
5570;213;171;188;land;false;mountain;2
5571;221;231;57;land;false;jungle;1
5572;87;203;247;land;false;jungle;3
5573;223;249;181;land;false;desert;1
5574;222;161;231;land;false;jungle;1
5575;215;152;185;land;false;jungle;1
5576;238;45;253;land;true;plains;4
5577;253;139;234;land;false;forest;2
5578;148;129;252;land;false;mountain;3
5579;144;244;239;land;false;jungle;2
5580;200;134;193;land;false;forest;1
5581;221;182;157;land;false;plains;1
5582;220;105;224;land;false;plains;4
5583;235;174;135;land;false;plains;1
5584;17;248;248;land;false;hills;5
5585;116;248;140;land;false;hills;1
5586;245;242;102;land;false;marsh;4
5587;183;246;211;land;false;plains;2
5588;156;245;131;land;false;plains;2
5589;209;134;245;land;true;plains;6
5590;248;138;178;land;false;plains;6
5591;164;139;209;land;false;forest;1
5592;180;241;177;land;true;plains;4
5593;180;161;173;land;true;hills;1
5594;251;56;237;land;false;plains;3
5595;254;213;241;land;false;mountain;1
5596;159;156;211;land;false;plains;2
5597;243;196;180;land;true;forest;6
5598;228;66;232;land;true;forest;2
5599;130;178;234;land;false;forest;4
5600;239;72;216;land;false;desert;2
5601;238;167;216;land;true;hills;3
5602;196;215;134;land;false;jungle;2
5603;209;55;253;land;true;plains;1
5604;109;231;197;land;false;forest;2
5605;226;186;148;land;true;forest;4
5606;120;241;213;land;false;desert;1
5607;110;162;233;land;false;hills;2
5608;248;226;147;land;false;plains;6
5609;246;204;119;land;true;plains;6
5610;235;141;201;land;false;hills;4
5611;219;151;225;land;false;plains;2
5612;236;243;206;land;false;forest;5
5613;99;216;238;land;false;hills;1
5614;250;180;89;land;false;plains;2
5615;233;150;153;land;false;plains;1
5616;142;153;231;land;false;mountain;1
5617;62;216;234;land;false;mountain;2
5618;177;230;163;land;false;mountain;5
5619;153;198;156;land;false;forest;2
5620;183;99;219;land;false;forest;4
5621;250;118;152;land;false;jungle;1
5622;100;250;245;land;false;plains;2
5623;233;190;161;land;true;plains;7
5624;178;198;129;land;false;jungle;4
5625;159;195;148;land;true;plains;2
5626;199;226;242;land;false;hills;1
5627;234;157;173;land;false;mountain;1
5628;222;233;208;land;false;forest;1
5629;250;254;114;land;true;plains;7
5630;239;177;212;land;false;marsh;4
5631;188;205;113;land;false;jungle;2
5632;238;233;238;land;false;mountain;4
5633;234;176;160;land;true;forest;5
5634;247;139;164;land;false;forest;1
5635;188;204;217;land;false;forest;2
5636;151;244;187;land;true;forest;2
5637;178;149;238;land;true;plains;4
5638;247;67;196;land;false;mountain;5
5639;187;224;112;land;false;mountain;1
5640;102;207;242;land;false;plains;4
5641;165;134;221;land;true;plains;5
5642;206;90;210;land;true;plains;2
5643;203;194;169;land;false;forest;3
5644;205;187;239;land;false;forest;1
5645;145;234;249;land;false;mountain;5
5646;218;158;148;land;true;jungle;4
5647;61;246;214;land;false;plains;1
5648;252;174;184;land;true;plains;3
5649;180;154;232;land;false;forest;2
5650;227;71;248;land;true;plains;7
5651;175;190;180;land;false;forest;3
5652;232;191;129;land;false;forest;1
5653;64;250;245;land;true;plains;7
5654;245;103;245;land;false;hills;3
5655;200;152;226;land;false;plains;1
5656;98;230;235;land;false;marsh;4
5657;232;139;249;land;false;forest;1
5658;235;223;82;land;false;forest;1
5659;144;190;209;land;false;forest;1
5660;92;251;240;land;true;plains;5
5661;182;210;227;land;false;hills;5
5662;232;77;244;land;true;plains;5
5663;180;130;247;land;false;jungle;3
5664;115;199;223;land;false;forest;2
5665;243;99;208;land;false;jungle;3
5666;249;93;223;land;false;mountain;3
5667;253;246;95;land;true;plains;6
5668;121;228;232;land;false;jungle;3
5669;249;198;199;land;false;plains;4
5670;107;168;245;land;false;forest;3
5671;217;238;171;land;false;jungle;1
5672;121;230;243;land;false;mountain;5
5673;197;115;199;land;false;plains;1
5674;91;243;228;land;false;plains;6
5675;131;240;231;land;true;mountain;3
5676;241;254;139;land;false;forest;2
5677;247;92;251;land;false;desert;2
5678;177;239;121;land;false;desert;2
5679;207;174;150;land;false;plains;6
5680;25;232;251;land;false;desert;4
5681;253;191;136;land;false;desert;2
5682;160;171;200;land;true;forest;4
5683;254;136;131;land;false;plains;3
5684;235;217;54;land;false;mountain;5
5685;196;182;225;land;false;plains;1
5686;115;209;188;land;false;plains;1
5687;216;130;245;land;false;mountain;5
5688;215;107;226;land;false;forest;1
5689;202;129;205;land;false;plains;2
5690;89;219;233;land;false;forest;5
5691;235;228;108;land;false;forest;2
5692;144;196;176;land;false;forest;1
5693;88;251;199;land;false;forest;1
5694;219;189;182;land;false;plains;5
5695;176;216;252;land;false;jungle;4
5696;113;186;215;land;false;plains;3
5697;234;199;195;land;false;desert;4
5698;249;138;132;land;false;forest;2
5699;238;80;227;land;false;plains;1
5700;149;114;241;land;false;hills;4
5701;193;102;250;land;false;mountain;3
5702;220;71;228;land;false;forest;2
5703;166;195;173;land;false;mountain;3
5704;239;225;161;land;false;plains;4
5705;232;185;209;land;false;plains;2
5706;93;186;235;land;false;jungle;4
5707;194;188;213;land;false;forest;1
5708;99;236;198;land;true;forest;2
5709;201;204;193;land;false;plains;1
5710;237;243;75;land;false;hills;4
5711;220;90;230;land;false;mountain;3
5712;193;87;250;land;false;plains;2
5713;224;90;223;land;false;jungle;3
5714;197;169;199;land;false;plains;2
5715;101;251;251;land;false;desert;4
5716;248;100;241;land;false;forest;1
5717;80;226;232;land;true;plains;3
5718;231;141;195;land;false;forest;4
5719;234;93;187;land;false;forest;1
5720;197;91;231;land;false;plains;4
5721;185;238;128;land;false;hills;1
5722;161;240;110;land;false;plains;3
5723;91;230;184;land;false;plains;1
5724;215;186;181;land;true;plains;1
5725;216;244;84;land;false;jungle;1
5726;243;114;197;land;false;forest;1
5727;72;251;218;land;true;forest;2
5728;229;108;175;land;true;forest;3
5729;253;201;100;land;false;mountain;2
5730;149;171;193;land;false;marsh;4
5731;210;93;236;land;false;marsh;2
5732;156;220;182;land;false;plains;2
5733;238;76;234;land;false;forest;1
5734;180;248;136;land;false;hills;1
5735;180;243;193;land;false;marsh;4
5736;214;118;235;land;false;forest;1
5737;247;80;177;land;false;plains;2
5738;253;186;156;land;false;plains;6
5739;225;254;147;land;false;plains;2
5740;239;192;110;land;false;plains;1
5741;228;241;103;land;false;mountain;1
5742;189;193;157;land;false;plains;3
5743;250;53;203;land;true;forest;4
5744;104;244;193;land;false;hills;1
5745;245;224;60;land;true;plains;1
5746;251;154;170;land;false;forest;1
5747;189;127;242;land;false;marsh;4
5748;230;208;85;land;false;forest;1
5749;227;194;81;land;false;forest;5
5750;248;229;39;land;false;forest;2
5751;122;248;131;land;false;desert;1
5752;171;140;222;land;true;jungle;4
5753;209;252;131;land;false;plains;3
5754;246;101;178;land;false;mountain;1
5755;81;236;206;land;false;plains;2
5756;54;215;234;land;false;hills;1
5757;146;233;236;land;true;plains;1
5758;242;191;239;land;false;mountain;1
5759;199;230;100;land;false;plains;2
5760;214;214;242;land;false;forest;1
5761;252;222;144;land;true;forest;4
5762;250;23;248;land;false;plains;6
5763;187;138;237;land;false;forest;1
5764;211;177;213;land;false;plains;2
5765;200;221;107;land;false;forest;4
5766;129;211;194;land;false;mountain;1
5767;154;199;202;land;false;plains;4
5768;237;114;191;land;false;plains;6
5769;208;149;213;land;false;plains;2
5770;234;157;244;land;false;marsh;4
5771;125;191;229;land;false;forest;1
5772;252;102;233;land;true;mirrors_terrain;3
5773;155;133;254;land;false;jungle;2
5774;221;188;114;land;false;mountain;2
5775;235;212;86;land;false;desert;4
5776;177;140;193;land;true;plains;1
5777;165;235;234;land;true;plains;6
5778;253;156;248;land;false;hills;1
5779;107;250;171;land;false;marsh;4
5780;122;231;163;land;false;hills;4
5781;232;125;247;land;false;plains;4
5782;246;184;98;land;true;plains;5
5783;245;176;232;land;false;desert;1
5784;221;203;205;land;true;plains;4
5785;223;232;104;land;false;desert;1
5786;121;173;212;land;false;forest;4
5787;175;189;233;land;true;plains;4
5788;193;228;181;land;false;forest;1
5789;207;152;216;land;true;plains;4
5790;175;157;173;land;false;forest;1
5791;165;160;215;land;false;marsh;4
5792;218;141;168;land;true;forest;4
5793;249;240;141;land;true;plains;3
5794;214;172;209;land;false;forest;2
5795;218;204;137;land;false;forest;3
5796;232;172;131;land;true;forest;3
5797;253;229;197;land;true;plains;3
5798;227;196;251;land;true;forest;7
5799;244;57;230;land;false;mountain;2
5800;177;241;204;land;true;mirrors_terrain;7
5801;99;229;230;land;false;mountain;3
5802;232;194;126;land;false;jungle;2
5803;136;187;235;land;false;plains;2
5804;198;163;175;land;false;hills;1
5805;168;254;91;land;false;mountain;1
5806;98;181;236;land;false;forest;3
5807;225;145;239;land;false;jungle;1
5808;254;80;254;land;true;plains;3
5809;224;252;37;land;false;forest;1
5810;64;204;241;land;false;desert;1
5811;143;231;168;land;false;desert;1
5812;120;253;215;land;false;plains;1
5813;150;249;202;land;false;forest;1
5814;207;216;241;land;false;mountain;5
5815;197;192;197;land;false;plains;1
5816;169;245;190;land;false;marsh;2
5817;211;118;246;land;false;desert;4
5818;246;159;177;land;false;plains;2
5819;253;197;193;land;true;hills;5
5820;191;91;219;land;false;forest;2
5821;244;217;185;land;false;plains;3
5822;213;235;184;land;false;forest;1
5823;82;180;251;land;false;plains;1
5824;135;244;232;land;false;plains;4
5825;239;159;245;land;true;forest;2
5826;137;145;234;land;false;hills;1
5827;224;151;180;land;false;mountain;5
5828;91;211;236;land;false;forest;1
5829;157;172;227;land;false;desert;1
5830;140;229;236;land;false;forest;3
5831;253;232;223;land;false;mountain;1
5832;186;215;169;land;true;plains;3
5833;189;190;228;land;true;hills;5
5834;172;200;253;land;false;plains;1
5835;224;238;207;land;false;forest;4
5836;224;186;101;land;false;plains;1
5837;219;117;247;land;false;forest;2
5838;164;177;192;land;false;desert;1
5839;239;114;229;land;false;plains;1
5840;246;226;117;land;false;plains;1
5841;180;182;185;land;true;plains;6
5842;169;250;251;land;true;plains;1
5843;202;212;124;land;false;jungle;1
5844;176;236;127;land;false;mountain;3
5845;245;229;124;land;false;desert;2
5846;155;235;201;land;false;plains;2
5847;161;235;230;land;false;forest;2
5848;237;212;197;land;false;marsh;2
5849;241;239;230;land;false;hills;2
5850;244;210;156;land;false;hills;2
5851;222;225;89;land;false;mountain;5
5852;165;156;230;land;false;hills;1
5853;213;166;247;land;true;forest;4
5854;181;242;188;land;false;hills;1
5855;235;170;206;land;false;plains;3
5856;238;197;186;land;false;plains;3
5857;245;200;114;land;false;hills;5
5858;237;102;233;land;false;forest;2
5859;202;219;128;land;false;hills;3
5860;220;247;209;land;false;plains;6
5861;140;156;213;land;false;plains;3
5862;180;241;252;land;true;plains;1
5863;172;172;194;land;false;mountain;1
5864;161;177;208;land;false;plains;2
5865;221;203;229;land;false;plains;2
5866;160;229;130;land;false;mountain;1
5867;241;126;207;land;false;plains;3
5868;250;101;238;land;false;mountain;5
5869;78;244;217;land;false;desert;4
5870;132;235;240;land;false;jungle;1
5871;162;254;219;land;false;marsh;4
5872;231;234;117;land;true;plains;4
5873;232;202;85;land;false;hills;1
5874;221;198;109;land;false;marsh;4
5875;190;243;205;land;false;jungle;4
5876;234;215;64;land;false;forest;2
5877;177;248;175;land;false;plains;2
5878;162;246;175;land;true;plains;3
5879;181;200;239;land;false;marsh;4
5880;253;51;251;land;false;forest;1
5881;92;203;217;land;false;forest;2
5882;135;175;226;land;true;plains;7
5883;238;126;214;land;false;mountain;1
5884;219;234;235;land;false;marsh;4
5885;128;233;210;land;false;plains;1
5886;241;195;129;land;false;marsh;4
5887;204;146;214;land;true;forest;4
5888;239;226;115;land;false;desert;2
5889;178;196;173;land;false;plains;1
5890;223;239;251;land;false;plains;2
5891;41;244;235;land;false;plains;1
5892;172;183;155;land;false;plains;1
5893;206;153;253;land;false;forest;4
5894;83;243;231;land;false;forest;3
5895;214;250;124;land;false;forest;2
5896;211;105;248;land;false;mountain;4
5897;91;210;243;land;false;mountain;3
5898;227;235;204;land;true;plains;3
5899;89;213;225;land;true;forest;4
5900;106;205;198;land;false;hills;4
5901;67;244;203;land;false;plains;2
5902;148;228;227;land;false;mountain;3
5903;123;243;183;land;false;forest;3
5904;249;91;162;land;false;plains;6
5905;181;226;108;land;false;plains;1
5906;226;214;119;land;false;plains;2
5907;254;194;216;land;false;marsh;2
5908;242;253;242;land;false;plains;4
5909;204;182;233;land;false;forest;3
5910;156;147;230;land;false;hills;5
5911;76;222;205;land;false;plains;2
5912;172;245;186;land;false;forest;3
5913;251;146;175;land;false;plains;2
5914;243;200;177;land;false;hills;2
5915;182;227;195;land;false;jungle;2
5916;185;95;240;land;false;forest;4
5917;131;205;201;land;false;plains;1
5918;133;192;214;land;false;jungle;1
5919;219;241;86;land;false;desert;1
5920;238;209;242;land;false;jungle;3
5921;149;175;204;land;false;mountain;3
5922;238;202;198;land;false;plains;1
5923;250;128;223;land;false;forest;4
5924;254;250;204;land;false;hills;5
5925;176;149;234;land;false;plains;2
5926;254;152;104;land;false;forest;2
5927;185;216;235;land;false;marsh;1
5928;148;133;246;land;true;plains;3
5929;133;127;246;land;false;mountain;5
5930;249;186;84;land;false;forest;4
5931;237;129;166;land;false;urban;1
5932;206;186;204;land;false;jungle;1
5933;229;118;215;land;false;hills;1
5934;221;171;221;land;false;marsh;2
5935;176;147;219;land;false;jungle;1
5936;204;166;209;land;false;forest;1
5937;194;225;120;land;false;jungle;4
5938;170;142;247;land;false;plains;1
5939;247;213;105;land;false;hills;5
5940;58;232;216;land;true;plains;3
5941;205;173;254;land;false;forest;5
5942;173;250;185;land;false;marsh;1
5943;233;186;184;land;false;jungle;2
5944;138;209;176;land;false;jungle;2
5945;182;199;227;land;false;hills;1
5946;241;140;236;land;false;mountain;3
5947;251;205;119;land;false;plains;1
5948;175;193;140;land;false;jungle;1
5949;196;237;208;land;true;forest;1
5950;238;70;253;land;false;forest;2
5951;215;133;193;land;false;hills;1
5952;137;173;240;land;false;forest;1
5953;222;231;153;land;false;forest;3
5954;239;161;157;land;false;forest;3
5955;249;126;148;land;false;plains;2
5956;133;180;251;land;false;desert;1
5957;181;214;179;land;true;plains;3
5958;197;232;76;land;false;plains;2
5959;249;201;123;land;false;plains;1
5960;154;253;183;land;false;forest;2
5961;146;167;207;land;true;plains;4
5962;170;192;202;land;false;plains;2
5963;243;217;97;land;false;hills;1
5964;250;225;80;land;true;plains;6
5965;204;207;111;land;false;hills;2
5966;202;214;156;land;true;forest;1
5967;251;253;117;land;false;forest;4
5968;202;202;243;land;false;plains;1
5969;253;228;72;land;false;forest;1
5970;162;194;240;land;false;mountain;5
5971;229;171;251;land;false;mountain;4
5972;247;151;232;land;false;forest;1
5973;187;237;250;land;false;forest;3
5974;238;244;169;land;false;jungle;1
5975;191;140;226;land;false;plains;1
5976;244;235;46;land;false;marsh;4
5977;156;176;242;land;false;jungle;1
5978;209;182;243;land;false;plains;2
5979;200;186;240;land;true;plains;3
5980;196;199;208;land;true;plains;1
5981;128;246;225;land;false;forest;1
5982;169;161;243;land;false;mountain;3
5983;244;75;207;land;false;plains;2
5984;163;139;225;land;false;marsh;2
5985;195;72;254;land;false;forest;3
5986;113;192;243;land;true;plains;3
5987;66;244;200;land;false;forest;1
5988;165;113;231;land;false;hills;4
5989;251;150;197;land;false;plains;6
5990;254;129;213;land;false;marsh;7
5991;72;252;254;land;false;mountain;7
5992;160;213;156;land;false;hills;4
5993;33;244;249;land;false;plains;1
5994;248;112;213;land;false;hills;1
5995;208;142;241;land;false;forest;3
5996;205;188;133;land;true;jungle;4
5997;152;197;217;land;true;forest;2
5998;138;225;184;land;false;forest;1
5999;215;130;213;land;false;mountain;3
6000;120;192;219;land;false;mountain;3
6001;246;189;152;land;false;forest;3
6002;228;157;234;land;false;marsh;4
6003;187;222;210;land;false;plains;2
6004;131;190;249;land;false;mountain;4
6005;168;184;166;land;false;plains;1
6006;61;238;241;land;false;desert;4
6007;151;234;184;land;false;plains;1
6008;232;226;162;land;false;mountain;5
6009;232;69;225;land;false;hills;5
6010;235;215;100;land;false;hills;3
6011;150;253;234;land;false;mountain;7
6012;198;222;128;land;true;plains;6
6013;216;243;61;land;false;forest;2
6014;178;220;160;land;false;forest;1
6015;154;188;208;land;false;desert;2
6016;202;252;66;land;true;forest;4
6017;98;186;235;land;false;mountain;5
6018;252;142;210;land;false;desert;1
6019;196;235;194;land;false;hills;2
6020;193;228;208;land;false;plains;3
6021;223;181;183;land;false;forest;2
6022;236;174;213;land;false;hills;2
6023;185;153;169;land;true;plains;6
6024;143;248;153;land;false;plains;1
6025;133;241;198;land;true;plains;3
6026;241;82;193;land;false;forest;4
6027;94;206;236;land;false;mountain;7
6028;220;148;231;land;false;marsh;4
6029;210;216;112;land;false;jungle;3
6030;204;184;149;land;true;forest;2
6031;146;237;164;land;false;jungle;1
6032;103;246;156;land;false;marsh;1
6033;206;98;215;land;false;forest;1
6034;117;200;231;land;false;mountain;3
6035;226;194;114;land;false;plains;3
6036;183;160;247;land;true;plains;1
6037;242;193;235;land;false;jungle;3
6038;154;202;181;land;false;hills;1
6039;199;228;142;land;false;forest;2
6040;165;251;94;land;false;forest;2
6041;235;212;95;land;true;forest;1
6042;238;238;112;land;false;mountain;1
6043;81;208;251;land;true;plains;1
6044;222;147;152;land;false;hills;1
6045;216;187;237;land;false;plains;2
6046;68;188;247;land;false;forest;3
6047;244;151;154;land;false;mountain;2
6048;236;158;151;land;false;mountain;1
6049;213;210;250;land;false;plains;4
6050;225;107;251;land;false;jungle;1
6051;252;170;235;land;false;plains;2
6052;157;139;216;land;false;mountain;3
6053;166;160;221;land;false;forest;3
6054;220;176;252;land;false;plains;2
6055;215;171;140;land;false;hills;1
6056;156;149;240;land;false;forest;1
6057;147;237;204;land;false;hills;5
6058;140;136;233;land;false;mountain;1
6059;39;239;226;land;false;plains;2
6060;253;129;225;land;false;desert;1
6061;133;174;209;land;false;plains;2
6062;213;253;234;land;false;forest;1
6063;34;239;232;land;false;plains;2
6064;79;229;232;land;false;mountain;1
6065;196;130;231;land;true;plains;5
6066;240;234;156;land;true;hills;3
6067;188;254;90;land;false;marsh;4
6068;122;153;238;land;false;hills;1
6069;39;251;222;land;false;forest;4
6070;115;233;180;land;false;jungle;4
6071;196;181;136;land;false;desert;2
6072;75;254;235;land;false;desert;4
6073;84;212;250;land;false;plains;2
6074;74;200;240;land;true;forest;6
6075;224;120;205;land;true;plains;2
6076;190;134;232;land;false;desert;4
6077;247;241;172;land;false;forest;3
6078;220;148;223;land;false;hills;5
6079;223;200;191;land;false;plains;2
6080;241;242;70;land;false;mountain;5
6081;80;215;233;land;false;desert;1
6082;197;84;230;land;false;hills;2
6083;23;249;236;land;false;forest;3
6084;158;165;233;land;false;desert;4
6085;126;204;204;land;false;desert;1
6086;208;196;227;land;true;plains;1
6087;210;99;215;land;false;plains;1
6088;189;125;218;land;false;mountain;1
6089;188;159;177;land;false;forest;3
6090;197;162;225;land;true;forest;7
6091;212;242;135;land;false;desert;1
6092;213;218;113;land;false;forest;1
6093;245;243;85;land;true;forest;3
6094;244;172;236;land;false;desert;2
6095;216;184;111;land;false;desert;2
6096;206;179;206;land;false;jungle;3
6097;242;213;71;land;false;hills;5
6098;220;80;213;land;false;mountain;3
6099;96;248;249;land;false;desert;4
6100;149;239;186;land;false;desert;1
6101;233;199;194;land;true;forest;3
6102;231;66;227;land;false;mountain;2
6103;191;198;187;land;false;hills;1
6104;219;135;205;land;true;plains;6
6105;244;78;246;land;true;plains;5
6106;188;97;236;land;false;hills;1
6107;217;99;190;land;false;plains;1
6108;172;101;244;land;false;forest;3
6109;235;136;236;land;false;mountain;2
6110;213;251;134;land;true;forest;2
6111;209;109;228;land;false;forest;7
6112;252;143;217;land;true;plains;3
6113;33;225;245;land;false;desert;1
6114;239;142;133;land;false;mountain;1
6115;247;222;148;land;false;mountain;1
6116;251;106;234;land;true;forest;4
6117;193;147;212;land;true;forest;2
6118;225;133;218;land;false;plains;5
6119;253;69;201;land;false;mountain;3
6120;213;227;65;land;false;plains;4
6121;128;198;217;land;false;plains;2
6122;241;109;179;land;false;plains;1
6123;114;213;197;land;false;hills;4
6124;165;227;218;land;false;forest;1
6125;219;240;203;land;true;plains;6
6126;218;156;149;land;false;mountain;4
6127;233;190;187;land;false;plains;1
6128;162;229;185;land;false;plains;1
6129;246;133;243;land;false;forest;1
6130;188;221;211;land;false;jungle;3
6131;216;91;239;land;false;marsh;4
6132;245;206;108;land;false;forest;1
6133;100;185;220;land;false;forest;1
6134;202;248;189;land;false;plains;2
6135;184;223;237;land;false;jungle;1
6136;77;203;231;land;true;plains;1
6137;149;174;200;land;false;jungle;3
6138;236;217;152;land;false;forest;1
6139;111;162;240;land;false;forest;2
6140;249;184;116;land;false;mountain;2
6141;140;175;206;land;false;marsh;2
6142;216;36;249;land;false;mountain;1
6143;251;152;247;land;false;plains;2
6144;227;205;215;land;false;marsh;4
6145;229;218;222;land;false;desert;1
6146;195;124;235;land;false;jungle;4
6147;190;240;76;land;false;forest;1
6148;236;207;120;land;true;hills;3
6149;91;223;207;land;false;forest;7
6150;223;168;111;land;false;plains;4
6151;238;206;242;land;false;desert;1
6152;204;217;102;land;false;forest;3
6153;55;243;205;land;true;plains;4
6154;85;250;197;land;true;plains;5
6155;199;228;245;land;true;plains;3
6156;207;193;168;land;false;forest;5
6157;251;122;128;land;false;forest;3
6158;56;222;230;land;false;forest;4
6159;225;85;236;land;false;forest;1
6160;192;235;158;land;false;forest;1
6161;249;222;86;land;false;plains;1
6162;242;154;138;land;false;hills;1
6163;178;199;172;land;false;forest;2
6164;208;228;156;land;true;plains;6
6165;189;131;217;land;false;forest;3
6166;130;243;176;land;false;plains;1
6167;234;191;203;land;false;forest;4
6168;247;155;188;land;true;plains;6
6169;198;220;149;land;false;forest;2
6170;254;246;209;land;false;jungle;4
6171;206;191;190;land;false;jungle;2
6172;93;168;254;land;false;forest;1
6173;240;108;214;land;false;forest;2
6174;234;171;162;land;false;hills;1
6175;127;238;236;land;false;jungle;1
6176;233;71;233;land;false;forest;1
6177;196;220;226;land;false;forest;1
6178;144;141;224;land;true;forest;4
6179;181;112;242;land;false;desert;2
6180;207;101;245;land;false;plains;2
6181;211;245;193;land;true;plains;5
6182;253;200;99;land;false;plains;1
6183;145;215;212;land;false;hills;5
6184;202;159;191;land;false;mountain;5
6185;224;181;240;land;false;plains;1
6186;169;211;236;land;false;mountain;1
6187;242;214;91;land;false;forest;1
6188;208;166;181;land;true;plains;3
6189;188;176;141;land;true;plains;2
6190;251;174;152;land;false;hills;1
6191;178;233;200;land;false;mountain;7
6192;181;216;191;land;false;mountain;2
6193;223;92;250;land;false;forest;1
6194;226;172;240;land;false;desert;1
6195;175;196;137;land;false;forest;1
6196;131;241;250;land;false;mountain;3
6197;137;195;241;land;false;plains;4
6198;251;213;101;land;false;marsh;2
6199;205;119;199;land;false;forest;2
6200;242;239;100;land;false;forest;1
6201;127;165;230;land;false;desert;1
6202;118;191;239;land;false;forest;4
6203;99;245;218;land;false;plains;2
6204;213;246;84;land;false;forest;1
6205;251;203;234;land;false;jungle;1
6206;190;200;168;land;false;forest;2
6207;160;228;159;land;false;jungle;1
6208;138;219;157;land;false;plains;1
6209;248;223;100;land;false;marsh;4
6210;161;136;232;land;false;forest;1
6211;140;144;229;land;false;plains;2
6212;223;244;118;land;true;plains;2
6213;44;248;215;land;false;hills;1
6214;238;191;220;land;false;forest;3
6215;229;38;251;land;false;jungle;1
6216;111;225;221;land;false;forest;1
6217;218;212;92;land;false;plains;2
6218;203;78;236;land;false;plains;1
6219;156;161;202;land;false;forest;2
6220;228;249;131;land;false;mountain;7
6221;145;233;215;land;false;forest;3
6222;249;200;93;land;false;forest;2
6223;135;117;253;land;true;plains;1
6224;196;208;108;land;false;jungle;1
6225;149;225;246;land;false;forest;2
6226;144;191;199;land;false;mountain;1
6227;164;159;249;land;false;hills;5
6228;131;197;187;land;false;mountain;5
6229;177;169;218;land;true;mountain;5
6230;121;252;227;land;false;mountain;2
6231;162;166;250;land;false;plains;1
6232;118;233;224;land;false;forest;1
6233;251;114;205;land;false;forest;2
6234;230;175;143;land;false;plains;1
6235;249;237;112;land;false;forest;1
6236;155;174;242;land;false;marsh;1
6237;209;177;173;land;false;hills;4
6238;184;217;175;land;false;plains;2
6239;230;197;225;land;true;plains;3
6240;165;211;130;land;false;forest;3
6241;168;140;247;land;false;forest;2
6242;241;166;205;land;false;marsh;4
6243;227;194;154;land;false;desert;2
6244;246;61;231;land;false;forest;4
6245;251;101;223;land;false;plains;2
6246;140;201;189;land;false;plains;3
6247;248;118;211;land;false;marsh;4
6248;224;139;154;land;false;forest;1
6249;208;139;181;land;false;jungle;1
6250;184;209;111;land;false;desert;1
6251;87;223;230;land;false;hills;3
6252;251;130;153;land;false;mountain;5
6253;244;142;207;land;false;forest;3
6254;224;165;210;land;false;desert;1
6255;124;235;232;land;true;forest;1
6256;152;174;186;land;true;jungle;4
6257;117;214;217;land;false;desert;1
6258;224;239;144;land;false;plains;4
6259;166;210;199;land;false;forest;1
6260;228;235;215;land;false;plains;2
6261;228;127;185;land;false;jungle;2
6262;201;127;190;land;false;desert;4
6263;191;94;245;land;true;plains;4
6264;217;53;253;land;false;jungle;4
6265;214;110;208;land;false;hills;1
6266;156;159;219;land;false;marsh;2
6267;140;219;241;land;true;plains;1
6268;190;215;117;land;false;forest;3
6269;213;136;237;land;true;forest;5
6270;232;244;251;land;false;plains;2
6271;140;162;241;land;false;plains;1
6272;240;205;123;land;true;plains;5
6273;221;209;72;land;false;hills;1
6274;201;254;81;land;false;plains;2
6275;107;246;182;land;false;hills;7
6276;190;232;196;land;true;forest;6
6277;150;206;215;land;false;forest;2
6278;209;231;105;land;false;forest;1
6279;100;254;246;land;false;desert;1
6280;193;246;144;land;false;desert;1
6281;192;154;236;land;true;plains;7
6282;178;216;247;land;false;plains;3
6283;229;142;216;land;false;plains;2
6284;221;92;222;land;false;hills;1
6285;112;224;253;land;true;plains;1
6286;125;180;224;land;false;hills;2
6287;251;84;173;land;true;forest;3
6288;176;203;220;land;false;forest;4
6289;217;94;196;land;false;hills;3
6290;231;215;130;land;false;plains;3
6291;242;192;79;land;false;marsh;4
6292;214;125;235;land;false;forest;2
6293;155;236;235;land;false;forest;1
6294;55;249;239;land;false;plains;1
6295;231;37;237;land;false;desert;2
6296;165;251;133;land;false;plains;2
6297;242;188;111;land;true;plains;2
6298;195;131;252;land;false;hills;4
6299;244;251;133;land;false;plains;2
6300;200;129;230;land;false;mountain;5
6301;224;208;167;land;false;hills;4
6302;81;228;209;land;false;mountain;3
6303;213;96;206;land;false;plains;2
6304;212;247;107;land;false;forest;3
6305;246;237;150;land;true;forest;4
6306;210;226;235;land;false;marsh;3
6307;162;154;232;land;false;plains;4
6308;247;129;188;land;false;plains;2
6309;238;225;167;land;false;jungle;1
6310;159;166;192;land;false;mountain;1
6311;218;190;195;land;false;marsh;4
6312;253;197;139;land;false;plains;2
6313;242;191;211;land;false;mountain;1
6314;225;239;232;land;false;forest;1
6315;171;147;194;land;false;marsh;4
6316;209;86;232;land;false;jungle;4
6317;168;99;254;land;false;hills;5
6318;198;142;243;land;true;plains;3
6319;164;85;254;land;false;forest;2
6320;81;193;249;land;false;forest;2
6321;65;212;242;land;false;mountain;4
6322;230;245;81;land;false;plains;2
6323;153;142;244;land;false;mountain;1
6324;212;237;144;land;false;forest;2
6325;103;183;253;land;false;forest;1
6326;199;181;144;land;false;hills;1
6327;118;231;202;land;false;forest;2
6328;113;160;254;land;false;desert;2
6329;236;245;126;land;false;hills;2
6330;175;241;229;land;false;forest;1
6331;184;100;232;land;false;mountain;5
6332;207;197;192;land;false;desert;1
6333;215;143;216;land;false;jungle;1
6334;249;142;157;land;false;mountain;3
6335;211;173;195;land;true;forest;1
6336;240;138;178;land;true;plains;5
6337;225;216;98;land;false;jungle;4
6338;165;211;134;land;true;plains;1
6339;105;213;185;land;true;plains;2
6340;244;253;127;land;false;plains;3
6341;245;145;163;land;false;plains;2
6342;146;212;143;land;false;desert;4
6343;237;225;217;land;false;forest;1
6344;231;106;213;land;false;urban;6
6345;218;213;197;land;false;forest;1
6346;154;239;144;land;false;jungle;1
6347;249;179;119;land;false;plains;1
6348;150;172;251;land;false;plains;1
6349;245;182;137;land;false;forest;4
6350;176;230;109;land;true;forest;1
6351;249;91;194;land;false;plains;4
6352;237;143;181;land;true;forest;4
6353;245;234;109;land;false;forest;2
6354;249;206;91;land;true;forest;7
6355;234;245;244;land;false;plains;3
6356;222;200;111;land;false;forest;1
6357;216;139;188;land;true;plains;5
6358;233;96;204;land;false;plains;6
6359;254;35;214;land;false;desert;1
6360;215;159;137;land;false;mountain;7
6361;181;187;162;land;false;mountain;3
6362;146;179;237;land;true;forest;3
6363;250;69;195;land;false;desert;1
6364;147;238;224;land;false;jungle;1
6365;216;93;224;land;true;hills;5
6366;234;209;250;land;false;desert;1
6367;154;181;196;land;false;plains;3
6368;170;214;190;land;false;hills;7
6369;76;228;221;land;false;hills;5
6370;157;171;182;land;false;desert;1
6371;225;251;165;land;false;forest;2
6372;204;253;70;land;false;mountain;1
6373;231;69;223;land;false;forest;4
6374;203;160;176;land;false;forest;3
6375;158;195;190;land;false;plains;1
6376;211;87;233;land;true;hills;7
6377;239;101;199;land;false;forest;1
6378;219;167;248;land;false;plains;3
6379;165;250;241;land;false;jungle;1
6380;235;93;244;land;false;forest;1
6381;202;243;221;land;false;plains;4
6382;244;216;196;land;true;forest;4
6383;199;249;120;land;false;marsh;2
6384;235;156;247;land;false;hills;5
6385;217;233;68;land;false;forest;1
6386;228;177;229;land;false;desert;2
6387;176;215;195;land;false;forest;1
6388;209;231;91;land;false;hills;4
6389;126;161;215;land;true;forest;4
6390;199;190;241;land;false;hills;1
6391;215;186;147;land;false;mountain;2
6392;246;233;203;land;false;forest;2
6393;28;245;230;land;false;plains;3
6394;111;252;163;land;true;forest;2
6395;138;251;158;land;false;forest;2
6396;229;146;145;land;true;mountain;5
6397;135;254;188;land;false;marsh;4
6398;230;198;200;land;false;forest;3
6399;221;236;246;land;true;plains;1
6400;86;239;238;land;false;jungle;4
6401;108;246;221;land;false;jungle;3
6402;209;120;192;land;true;plains;2
6403;216;205;202;land;false;plains;2
6404;154;229;234;land;false;mountain;1
6405;181;151;172;land;false;hills;5
6406;238;48;251;land;false;mountain;7
6407;120;237;183;land;false;forest;3
6408;196;179;171;land;true;forest;2
6409;99;168;237;land;true;plains;7
6410;146;148;230;land;true;plains;1
6411;197;248;60;land;false;forest;1
6412;242;166;201;land;false;jungle;1
6413;176;93;243;land;true;plains;3
6414;222;215;190;land;false;forest;3
6415;60;200;242;land;false;hills;5
6416;234;190;167;land;true;forest;1
6417;110;252;233;land;false;plains;7
6418;224;242;225;land;false;plains;5
6419;245;234;200;land;false;plains;3
6420;193;200;145;land;false;mountain;1
6421;243;186;84;land;false;plains;2
6422;238;159;242;land;false;plains;2
6423;252;192;132;land;false;plains;2
6424;217;215;121;land;false;forest;4
6425;247;204;199;land;false;jungle;4
6426;248;219;193;land;false;plains;2
6427;238;162;177;land;false;plains;2
6428;211;197;230;land;true;plains;7
6429;221;235;86;land;true;plains;2
6430;169;139;212;land;true;forest;4
6431;223;135;203;land;true;plains;1
6432;52;219;241;land;false;jungle;3
6433;199;62;251;land;false;forest;4
6434;153;100;254;land;false;plains;6
6435;212;170;237;land;false;desert;1
6436;193;202;243;land;true;hills;5
6437;82;224;203;land;false;forest;2
6438;236;219;228;land;false;forest;2
6439;165;121;237;land;true;hills;3
6440;232;225;113;land;false;plains;1
6441;247;100;182;land;false;jungle;2
6442;156;253;224;land;false;mountain;4
6443;251;147;113;land;false;marsh;4
6444;161;192;235;land;false;forest;3
6445;252;224;104;land;false;forest;4
6446;197;178;184;land;true;forest;4
6447;213;236;180;land;false;forest;2
6448;216;105;205;land;false;plains;4
6449;111;242;238;land;false;plains;3
6450;154;231;131;land;false;hills;3
6451;252;212;129;land;false;forest;2
6452;194;222;200;land;false;plains;3
6453;152;226;125;land;false;forest;3
6454;203;234;193;land;false;plains;1
6455;240;203;180;land;false;plains;4
6456;83;181;246;land;false;plains;1
6457;171;215;198;land;true;plains;4
6458;213;178;138;land;false;plains;2
6459;190;120;212;land;false;plains;4
6460;244;247;196;land;false;desert;2
6461;138;199;211;land;true;hills;5
6462;253;241;79;land;false;plains;2
6463;237;219;252;land;false;forest;2
6464;188;201;246;land;false;mountain;5
6465;79;204;233;land;false;forest;4
6466;153;157;247;land;true;plains;4
6467;213;97;218;land;true;forest;7
6468;232;227;205;land;false;mountain;4
6469;136;246;220;land;true;plains;5
6470;187;177;188;land;false;marsh;4
6471;223;92;224;land;false;forest;1
6472;231;194;250;land;false;forest;3
6473;201;172;177;land;false;hills;1
6474;104;147;252;land;false;plains;6
6475;217;127;189;land;true;mountain;3
6476;173;159;213;land;false;marsh;4
6477;203;193;149;land;false;forest;4
6478;172;155;251;land;false;desert;1
6479;205;128;232;land;false;plains;2
6480;200;229;135;land;false;mountain;1
6481;217;244;203;land;false;mountain;5
6482;188;169;178;land;false;plains;3
6483;91;226;205;land;false;forest;4
6484;208;226;187;land;false;desert;4
6485;70;229;203;land;true;forest;7
6486;212;190;245;land;false;jungle;3
6487;179;230;127;land;false;jungle;4
6488;246;221;42;land;false;marsh;2
6489;254;99;177;land;false;plains;2
6490;205;240;223;land;false;mountain;4
6491;192;207;127;land;false;jungle;2
6492;132;172;248;land;false;jungle;1
6493;106;180;248;land;false;forest;1
6494;148;233;247;land;false;plains;2
6495;226;170;215;land;false;forest;3
6496;215;123;238;land;false;plains;1
6497;169;254;82;land;false;hills;1
6498;209;183;110;land;false;forest;4
6499;112;203;220;land;false;forest;4
6500;223;129;212;land;true;forest;2
6501;134;155;216;land;false;forest;5
6502;60;251;216;land;false;mountain;5
6503;181;163;226;land;false;hills;4
6504;235;236;190;land;true;plains;7
6505;178;242;188;land;true;jungle;4
6506;220;151;235;land;false;hills;4
6507;249;150;202;land;false;marsh;4
6508;121;157;236;land;false;forest;7
6509;170;207;154;land;false;hills;1
6510;238;90;218;land;false;mountain;3
6511;233;223;96;land;false;plains;4
6512;171;230;137;land;true;plains;3
6513;249;152;134;land;true;forest;7
6514;241;154;140;land;true;plains;6
6515;115;182;221;land;false;plains;2
6516;197;217;103;land;false;plains;1
6517;232;115;181;land;true;plains;1
6518;244;162;130;land;false;plains;3
6519;211;207;229;land;false;jungle;1
6520;69;228;205;land;false;plains;1
6521;213;231;97;land;true;forest;6
6522;244;226;146;land;false;forest;1
6523;237;150;178;land;false;plains;4
6524;223;34;250;land;false;plains;2
6525;194;207;165;land;false;plains;1
6526;229;251;60;land;false;forest;3
6527;216;228;233;land;false;hills;2
6528;109;245;228;land;false;plains;2
6529;239;195;81;land;true;plains;5
6530;209;236;140;land;false;marsh;4
6531;209;198;99;land;false;plains;1
6532;228;136;168;land;false;marsh;4
6533;146;247;120;land;false;desert;1
6534;201;201;199;land;false;hills;7
6535;239;130;153;land;false;jungle;1
6536;105;248;210;land;true;plains;3
6537;106;236;209;land;false;plains;3
6538;187;140;228;land;false;jungle;4
6539;153;126;243;land;true;plains;3
6540;126;204;188;land;true;hills;3
6541;85;247;170;land;false;mountain;3
6542;156;227;118;land;true;plains;6
6543;164;234;144;land;false;mountain;2
6544;215;213;133;land;false;plains;3
6545;229;224;99;land;false;forest;1
6546;199;232;207;land;false;hills;4
6547;239;140;183;land;false;plains;2
6548;226;66;232;land;false;hills;3
6549;166;252;197;land;false;hills;5
6550;173;233;129;land;false;plains;1
6551;253;170;127;land;false;plains;1
6552;101;222;251;land;false;plains;2
6553;228;87;207;land;false;forest;3
6554;152;154;232;land;false;hills;2
6555;189;250;80;land;false;hills;2
6556;65;203;244;land;false;mountain;3
6557;251;244;26;land;false;mountain;1
6558;215;204;232;land;false;hills;1
6559;178;215;131;land;false;hills;1
6560;191;173;158;land;false;hills;3
6561;195;167;231;land;true;jungle;4
6562;184;171;156;land;false;hills;5
6563;153;233;183;land;false;forest;1
6564;82;249;210;land;true;forest;3
6565;136;199;228;land;false;marsh;4
6566;209;105;242;land;false;plains;2
6567;225;207;221;land;false;forest;3
6568;186;203;153;land;false;plains;1
6569;252;89;164;land;false;hills;1
6570;245;201;74;land;false;mountain;3
6571;222;144;244;land;true;forest;4
6572;157;246;148;land;false;forest;7
6573;175;147;211;land;true;plains;4
6574;181;108;219;land;false;desert;1
6575;232;144;152;land;false;forest;2
6576;101;221;229;land;false;plains;3
6577;181;94;231;land;false;forest;1
6578;190;141;194;land;false;desert;1
6579;130;207;225;land;false;hills;1
6580;226;185;142;land;true;plains;7
6581;201;122;191;land;false;hills;2
6582;220;237;175;land;false;plains;1
6583;239;235;224;land;false;hills;1
6584;218;223;131;land;false;forest;1
6585;114;251;143;land;true;plains;3
6586;198;216;197;land;false;forest;1
6587;199;196;162;land;false;jungle;1
6588;115;230;240;land;false;hills;4
6589;222;228;241;land;false;plains;2
6590;228;83;234;land;false;plains;4
6591;88;201;236;land;true;hills;5
6592;147;249;163;land;false;plains;2
6593;162;160;201;land;false;mountain;4
6594;243;161;117;land;false;jungle;2
6595;170;202;199;land;false;jungle;1
6596;143;170;225;land;false;plains;1
6597;191;94;231;land;true;plains;3
6598;156;236;209;land;false;forest;2
6599;118;179;240;land;false;mountain;3
6600;228;156;218;land;false;desert;1
6601;190;204;203;land;false;hills;4
6602;214;135;243;land;false;plains;3
6603;176;168;205;land;false;plains;2
6604;238;203;100;land;false;hills;2
6605;225;63;231;land;false;hills;1
6606;213;214;84;land;false;mountain;5
6607;231;245;236;land;true;hills;5
6608;170;200;185;land;true;forest;4
6609;190;140;214;land;true;plains;4
6610;225;106;180;land;false;forest;3
6611;199;158;204;land;false;plains;5
6612;251;159;97;land;false;mountain;4
6613;217;248;139;land;false;jungle;1
6614;139;246;200;land;false;desert;1
6615;213;208;180;land;false;desert;1
6616;204;128;239;land;false;plains;4
6617;230;38;246;land;false;forest;1
6618;249;176;178;land;false;forest;1
6619;184;193;239;land;true;forest;3
6620;88;202;213;land;false;plains;2
6621;173;219;147;land;false;forest;1
6622;205;226;149;land;false;plains;2
6623;187;110;229;land;true;plains;6
6624;172;202;132;land;true;plains;3
6625;204;238;223;land;false;plains;2
6626;147;251;137;land;false;forest;2
6627;208;203;91;land;true;forest;3
6628;188;91;250;land;false;desert;1
6629;187;203;208;land;true;plains;6
6630;67;243;203;land;false;jungle;2
6631;245;211;179;land;false;mountain;3
6632;231;89;213;land;false;desert;2
6633;245;89;174;land;false;plains;1
6634;230;254;32;land;false;desert;4
6635;248;62;222;land;false;hills;1
6636;168;213;212;land;false;mountain;1
6637;225;235;54;land;false;hills;1
6638;172;169;177;land;false;plains;1
6639;123;250;158;land;false;forest;1
6640;220;188;95;land;false;forest;1
6641;235;210;184;land;true;plains;1
6642;163;163;216;land;false;hills;5
6643;100;192;251;land;false;plains;3
6644;237;131;164;land;false;hills;4
6645;231;248;250;land;false;hills;3
6646;111;226;164;land;false;plains;1
6647;162;153;188;land;false;mountain;5
6648;235;79;244;land;false;jungle;2
6649;254;114;149;land;false;plains;4
6650;202;173;209;land;false;forest;1
6651;186;80;240;land;true;plains;5
6652;251;216;231;land;false;mountain;1
6653;132;152;254;land;false;plains;2
6654;188;228;222;land;false;desert;4
6655;228;160;150;land;false;plains;1
6656;182;232;139;land;false;hills;2
6657;161;194;195;land;true;forest;4
6658;221;243;125;land;false;forest;1
6659;172;156;216;land;false;desert;4
6660;175;152;221;land;false;forest;2
6661;158;198;189;land;true;jungle;4
6662;242;155;180;land;false;jungle;2
6663;170;232;199;land;true;plains;4
6664;11;253;241;land;false;marsh;4
6665;217;92;203;land;false;hills;1
6666;206;230;90;land;false;hills;3
6667;254;234;142;land;false;hills;5
6668;191;135;199;land;false;hills;4
6669;221;155;189;land;false;forest;2
6670;215;180;130;land;false;hills;3
6671;202;135;243;land;false;plains;1
6672;249;208;222;land;false;jungle;3
6673;205;217;168;land;false;plains;1
6674;251;168;253;land;false;plains;2
6675;102;225;246;land;false;forest;1
6676;230;235;155;land;false;plains;4
6677;131;251;133;land;false;jungle;4
6678;202;215;229;land;false;plains;1
6679;223;181;111;land;false;forest;4
6680;132;237;244;land;true;forest;4
6681;153;221;252;land;false;hills;3
6682;178;237;250;land;false;desert;4
6683;177;243;200;land;false;marsh;4
6684;186;208;204;land;true;plains;5
6685;112;208;208;land;false;plains;4
6686;229;243;180;land;false;plains;4
6687;123;249;224;land;false;plains;4
6688;202;198;214;land;false;forest;1
6689;216;103;197;land;true;plains;1
6690;32;241;249;land;true;jungle;4
6691;236;183;109;land;false;mountain;4
6692;254;105;176;land;true;forest;4
6693;226;120;223;land;false;mountain;1
6694;239;215;127;land;true;plains;7
6695;217;205;223;land;false;forest;1
6696;98;215;224;land;false;plains;1
6697;160;130;216;land;false;marsh;4
6698;235;136;251;land;false;mountain;2
6699;236;223;211;land;false;jungle;3
6700;153;156;225;land;false;forest;2
6701;197;149;177;land;true;plains;4
6702;163;200;149;land;true;plains;5
6703;253;190;133;land;true;plains;5
6704;135;205;253;land;false;hills;5
6705;148;239;204;land;false;hills;1
6706;230;81;194;land;false;marsh;4
6707;210;205;233;land;false;marsh;2
6708;65;231;213;land;false;desert;1
6709;179;165;242;land;true;hills;3
6710;195;143;200;land;true;plains;5
6711;76;245;188;land;false;hills;3
6712;251;226;68;land;false;desert;2
6713;246;238;236;land;false;plains;1
6714;190;225;209;land;false;marsh;2
6715;173;238;242;land;false;forest;1
6716;209;205;195;land;false;forest;1
6717;141;177;253;land;false;forest;1
6718;198;208;191;land;false;desert;1
6719;191;232;201;land;true;plains;6
6720;209;203;207;land;true;forest;5
6721;163;173;216;land;false;desert;1
6722;199;248;226;land;true;forest;3
6723;243;228;58;land;false;forest;2
6724;196;250;55;land;false;mountain;3
6725;67;243;226;land;true;forest;4
6726;182;237;133;land;false;plains;1
6727;187;200;218;land;false;forest;4
6728;191;104;229;land;false;hills;7
6729;246;129;238;land;false;forest;1
6730;242;212;152;land;true;plains;3
6731;104;243;164;land;false;plains;3
6732;250;239;194;land;false;forest;3
6733;253;118;195;land;false;jungle;3
6734;180;90;233;land;false;jungle;3
6735;243;228;65;land;false;hills;2
6736;252;186;108;land;false;hills;1
6737;217;204;171;land;true;jungle;4
6738;149;236;177;land;false;jungle;2
6739;249;65;245;land;false;forest;1
6740;217;130;216;land;false;plains;1
6741;169;205;176;land;false;mountain;2
6742;215;104;235;land;false;hills;5
6743;112;196;227;land;false;jungle;1
6744;115;206;195;land;false;plains;2
6745;224;218;187;land;false;hills;2
6746;165;123;245;land;false;hills;2
6747;224;191;238;land;false;hills;1
6748;90;253;160;land;false;forest;1
6749;113;239;183;land;true;plains;2
6750;174;109;244;land;false;jungle;4
6751;228;249;208;land;false;forest;2
6752;226;197;242;land;false;marsh;4
6753;254;198;97;land;false;plains;2
6754;98;189;215;land;false;mountain;1
6755;119;227;162;land;false;forest;1
6756;140;236;160;land;false;forest;1
6757;134;179;237;land;false;forest;3
6758;231;132;238;land;false;forest;5
6759;128;192;253;land;false;desert;1
6760;219;95;250;land;false;hills;1
6761;181;194;166;land;false;forest;2
6762;247;107;210;land;false;forest;1
6763;217;225;216;land;true;forest;3
6764;112;248;217;land;true;plains;3
6765;238;88;220;land;false;plains;2
6766;123;188;194;land;true;jungle;4
6767;205;233;224;land;false;hills;5
6768;210;197;248;land;false;plains;1
6769;250;202;225;land;false;plains;4
6770;187;147;235;land;false;forest;2
6771;102;202;214;land;false;plains;2
6772;147;129;244;land;false;marsh;1
6773;233;238;129;land;false;hills;7
6774;229;65;211;land;false;marsh;4
6775;167;243;232;land;false;mountain;2
6776;156;231;208;land;true;plains;5
6777;197;55;252;land;false;marsh;4
6778;225;251;231;land;false;plains;1
6779;207;233;230;land;false;plains;4
6780;200;209;150;land;false;marsh;4
6781;189;186;150;land;false;mountain;2
6782;237;206;145;land;false;desert;1
6783;251;190;82;land;false;plains;1
6784;183;232;109;land;false;jungle;1
6785;224;72;214;land;false;plains;2
6786;126;231;168;land;true;forest;2
6787;201;221;238;land;false;plains;6
6788;215;195;167;land;false;forest;1
6789;159;153;242;land;false;jungle;4
6790;227;184;184;land;false;forest;3
6791;216;103;189;land;false;plains;1
6792;138;253;252;land;false;mountain;3
6793;182;235;85;land;false;hills;5
6794;239;124;138;land;false;jungle;2
6795;49;239;224;land;false;forest;2
6796;253;212;138;land;false;forest;2
6797;174;224;241;land;false;jungle;2
6798;155;250;104;land;false;forest;1
6799;207;153;145;land;false;mountain;5
6800;226;99;181;land;false;plains;2
6801;247;190;155;land;false;desert;1
6802;157;170;231;land;true;forest;7
6803;210;230;96;land;false;forest;2
6804;251;247;248;land;false;desert;1
6805;180;248;169;land;true;plains;3
6806;244;209;148;land;false;plains;1
6807;143;210;185;land;false;marsh;4
6808;68;237;223;land;false;plains;2
6809;139;203;183;land;false;forest;2
6810;239;146;199;land;false;mountain;7
6811;250;189;67;land;true;forest;4
6812;78;235;219;land;false;mountain;5
6813;193;121;237;land;false;plains;6
6814;164;189;191;land;false;mountain;5
6815;213;185;233;land;false;plains;6
6816;236;231;47;land;true;plains;6
6817;211;244;129;land;false;plains;4
6818;251;156;233;land;false;forest;2
6819;225;240;101;land;false;jungle;3
6820;222;98;213;land;false;desert;4
6821;223;200;194;land;false;desert;2
6822;93;239;227;land;false;forest;3
6823;189;197;169;land;true;plains;3
6824;231;168;133;land;false;mountain;3
6825;173;151;237;land;false;desert;1
6826;216;173;126;land;false;forest;4
6827;135;251;225;land;false;plains;3
6828;230;107;224;land;true;forest;7
6829;202;222;151;land;false;mountain;1
6830;167;207;185;land;false;forest;1
6831;183;226;215;land;false;forest;5
6832;232;72;215;land;false;forest;3
6833;31;237;245;land;false;plains;1
6834;82;252;205;land;false;plains;2
6835;215;155;220;land;false;plains;1
6836;233;211;164;land;false;jungle;2
6837;186;246;133;land;false;forest;2
6838;232;102;167;land;false;hills;5
6839;112;228;254;land;false;plains;1
6840;89;226;229;land;false;mountain;3
6841;204;222;220;land;true;forest;4
6842;184;75;253;land;true;forest;7
6843;206;253;127;land;true;plains;7
6844;195;250;132;land;false;hills;4
6845;135;211;249;land;false;mountain;1
6846;156;146;217;land;true;jungle;4
6847;254;175;85;land;false;jungle;1
6848;199;131;172;land;false;hills;2
6849;219;170;167;land;false;forest;2
6850;214;183;114;land;false;forest;1
6851;214;103;219;land;false;mountain;5
6852;251;110;195;land;false;forest;2
6853;214;249;241;land;false;hills;4
6854;104;253;247;land;false;forest;1
6855;179;137;231;land;false;mountain;4
6856;114;227;202;land;false;forest;1
6857;177;117;241;land;false;marsh;4
6858;218;201;131;land;false;forest;3
6859;179;101;243;land;false;forest;2
6860;229;217;237;land;false;hills;2
6861;158;129;245;land;false;plains;3
6862;143;133;226;land;false;forest;2
6863;248;244;131;land;false;plains;2
6864;205;135;235;land;false;forest;1
6865;183;189;150;land;false;plains;1
6866;237;133;222;land;true;hills;7
6867;188;138;227;land;false;urban;1
6868;205;252;217;land;false;mountain;1
6869;123;236;157;land;false;plains;3
6870;218;232;111;land;false;hills;4
6871;244;249;80;land;true;plains;5
6872;222;229;141;land;false;jungle;4
6873;222;123;177;land;false;forest;2
6874;145;211;246;land;true;hills;3
6875;220;69;229;land;true;hills;5
6876;153;176;234;land;false;plains;1
6877;209;181;147;land;false;hills;1
6878;246;113;212;land;false;jungle;3
6879;218;53;245;land;false;marsh;2
6880;132;250;143;land;true;forest;7
6881;225;148;190;land;true;plains;3
6882;172;138;241;land;false;desert;1
6883;93;223;244;land;false;forest;1
6884;238;235;110;land;true;forest;5
6885;136;131;251;land;false;jungle;2
6886;162;177;199;land;false;plains;7
6887;107;249;151;land;false;hills;4
6888;28;247;242;land;false;mountain;1
6889;246;218;225;land;false;plains;1
6890;225;216;171;land;false;hills;5
6891;247;233;72;land;false;plains;4
6892;177;135;244;land;false;forest;3
6893;130;227;165;land;false;plains;1
6894;203;149;179;land;false;plains;3
6895;231;220;103;land;false;forest;1
6896;190;155;214;land;false;plains;2
6897;244;244;111;land;false;plains;2
6898;106;253;228;land;true;forest;2
6899;169;217;216;land;false;hills;1
6900;161;208;242;land;false;jungle;4
6901;170;198;196;land;false;forest;2
6902;155;189;169;land;false;plains;1
6903;189;207;231;land;false;forest;4
6904;212;179;164;land;true;plains;2
6905;195;224;176;land;false;plains;6
6906;223;241;148;land;false;jungle;3
6907;253;254;127;land;false;jungle;3
6908;136;182;206;land;false;marsh;2
6909;163;234;199;land;false;hills;5
6910;189;150;211;land;false;forest;4
6911;215;234;214;land;false;jungle;2
6912;69;206;245;land;true;hills;7
6913;190;123;234;land;true;jungle;4
6914;171;226;222;land;true;plains;3
6915;242;88;246;land;true;plains;3
6916;233;78;228;land;false;plains;1
6917;193;238;205;land;false;hills;3
6918;193;247;188;land;false;marsh;4
6919;88;199;249;land;false;mountain;3
6920;75;239;249;land;false;jungle;1
6921;202;222;245;land;false;plains;3
6922;179;133;208;land;false;forest;1
6923;132;206;175;land;true;forest;4
6924;122;217;191;land;true;plains;2
6925;243;139;152;land;false;plains;1
6926;148;250;242;land;false;plains;2
6927;225;84;208;land;false;hills;1
6928;247;228;188;land;false;plains;1
6929;149;189;232;land;false;plains;1
6930;230;212;151;land;false;desert;1
6931;201;158;162;land;false;plains;1
6932;206;214;245;land;false;forest;2
6933;165;238;133;land;false;hills;2
6934;184;238;167;land;false;hills;2
6935;243;140;220;land;false;plains;1
6936;133;234;220;land;false;plains;2
6937;253;241;27;land;false;forest;1
6938;84;229;231;land;false;plains;2
6939;70;247;210;land;false;plains;3
6940;172;222;244;land;false;forest;1
6941;244;165;178;land;false;hills;1
6942;239;224;134;land;false;plains;1
6943;212;206;200;land;false;forest;1
6944;142;138;254;land;false;forest;1
6945;207;153;189;land;false;hills;4
6946;240;216;51;land;true;plains;2
6947;176;148;181;land;false;forest;4
6948;235;119;249;land;false;jungle;4
6949;212;160;131;land;false;forest;5
6950;152;214;197;land;false;forest;1
6951;239;238;134;land;false;plains;1
6952;226;120;241;land;false;hills;2
6953;229;58;216;land;false;marsh;4
6954;217;251;202;land;false;forest;1
6955;216;126;195;land;false;plains;1
6956;160;118;236;land;true;plains;6
6957;212;239;88;land;false;jungle;4
6958;245;254;194;land;false;forest;3
6959;245;111;210;land;false;plains;3
6960;67;246;248;land;false;forest;2
6961;229;176;223;land;false;hills;3
6962;193;235;96;land;false;forest;2
6963;181;241;86;land;false;forest;4
6964;193;221;198;land;false;mountain;2
6965;247;168;192;land;false;marsh;7
6966;144;145;222;land;false;hills;5
6967;189;198;216;land;false;jungle;1
6968;183;199;127;land;false;jungle;3
6969;195;198;230;land;false;plains;2
6970;86;208;244;land;false;jungle;4
6971;145;183;250;land;false;hills;3
6972;201;186;201;land;true;hills;2
6973;232;185;119;land;false;mountain;1
6974;203;168;214;land;false;mountain;1
6975;244;163;224;land;false;mountain;1
6976;195;199;192;land;false;jungle;4
6977;218;117;246;land;false;mountain;1
6978;217;214;82;land;true;plains;3
6979;219;219;116;land;false;mountain;1
6980;148;172;201;land;true;plains;4
6981;223;250;165;land;false;forest;7
6982;160;123;218;land;false;hills;2
6983;151;237;174;land;false;desert;1
6984;165;240;222;land;false;forest;1
6985;123;181;254;land;false;forest;2
6986;223;116;201;land;false;forest;2
6987;209;238;196;land;false;hills;1
6988;128;220;228;land;true;plains;4
6989;138;124;242;land;false;forest;1
6990;87;243;200;land;false;marsh;3
6991;202;154;199;land;false;jungle;1
6992;243;180;113;land;true;forest;5
6993;203;191;241;land;false;hills;3
6994;247;254;180;land;false;forest;1
6995;239;249;145;land;true;plains;7
6996;231;171;178;land;true;jungle;4
6997;252;44;216;land;false;plains;3
6998;197;231;227;land;false;plains;4
6999;225;147;218;land;false;forest;2
7000;80;207;254;land;false;forest;4
7001;178;242;207;land;false;desert;4
7002;147;224;130;land;false;plains;3
7003;254;83;231;land;true;forest;7
7004;238;42;254;land;false;hills;1
7005;195;170;233;land;false;forest;1
7006;157;236;126;land;true;forest;5
7007;215;231;177;land;true;forest;7
7008;227;144;182;land;false;jungle;2
7009;141;232;189;land;true;plains;1
7010;247;29;254;land;false;plains;1
7011;229;121;240;land;false;forest;4
7012;144;214;242;land;false;jungle;3
7013;166;251;110;land;false;plains;2
7014;113;246;199;land;false;plains;4
7015;81;219;207;land;false;plains;3
7016;68;231;209;land;false;hills;4
7017;217;148;221;land;false;hills;7
7018;244;153;136;land;true;plains;1
7019;230;247;238;land;true;plains;1
7020;176;209;180;land;false;plains;1
7021;193;225;222;land;true;forest;2
7022;219;223;154;land;true;hills;3
7023;123;161;236;land;false;marsh;2
7024;113;209;208;land;false;hills;3
7025;196;182;197;land;false;forest;1
7026;92;202;213;land;false;hills;1
7027;171;119;225;land;false;hills;2
7028;70;227;218;land;false;marsh;4
7029;174;205;172;land;false;forest;3
7030;196;249;59;land;true;hills;5
7031;115;254;147;land;false;hills;1
7032;241;126;249;land;false;forest;4
7033;214;153;178;land;false;jungle;4
7034;206;237;150;land;false;plains;6
7035;223;225;101;land;false;forest;1
7036;213;153;245;land;false;plains;4
7037;220;143;212;land;true;plains;2
7038;153;190;254;land;false;plains;1
7039;154;203;234;land;true;forest;1
7040;214;163;208;land;false;desert;1
7041;178;223;242;land;false;desert;4
7042;230;67;242;land;true;forest;2
7043;149;138;221;land;false;hills;1
7044;192;213;242;land;false;forest;3
7045;198;184;233;land;false;hills;5
7046;230;198;217;land;false;desert;2
7047;226;112;168;land;false;forest;2
7048;222;215;220;land;true;forest;4
7049;101;219;241;land;false;forest;1
7050;217;139;214;land;false;marsh;4
7051;169;162;199;land;false;mountain;2
7052;150;240;252;land;true;forest;4
7053;251;233;113;land;false;mountain;1
7054;115;172;223;land;false;hills;3
7055;246;192;143;land;true;forest;4
7056;192;165;171;land;true;forest;6
7057;231;213;58;land;false;plains;1
7058;236;64;204;land;false;desert;4
7059;221;109;233;land;false;forest;4
7060;209;245;190;land;false;desert;1
7061;156;248;237;land;false;plains;2
7062;181;227;218;land;false;hills;7
7063;153;207;164;land;false;plains;1
7064;135;191;189;land;false;hills;1
7065;132;247;160;land;false;plains;1
7066;213;69;236;land;true;plains;6
7067;101;183;237;land;true;plains;2
7068;130;253;252;land;false;forest;7
7069;200;69;234;land;false;mountain;1
7070;65;251;214;land;false;marsh;4
7071;234;172;99;land;false;desert;2
7072;181;206;215;land;false;forest;2
7073;171;120;223;land;false;plains;1
7074;172;185;228;land;true;hills;1
7075;206;193;204;land;false;desert;1
7076;138;249;120;land;false;mountain;5
7077;105;253;154;land;false;plains;4
7078;207;246;248;land;false;hills;1
7079;236;169;105;land;false;hills;5
7080;190;136;228;land;false;plains;3
7081;242;120;178;land;false;forest;2
7082;183;179;151;land;false;forest;2
7083;146;251;166;land;false;forest;3
7084;241;222;180;land;true;forest;2
7085;196;199;144;land;false;forest;1
7086;63;248;227;land;false;mountain;1
7087;221;223;235;land;false;hills;1
7088;251;204;121;land;false;desert;4
7089;241;198;148;land;false;forest;1
7090;186;124;250;land;false;forest;1
7091;207;158;179;land;false;hills;1
7092;191;247;211;land;false;desert;1
7093;92;223;232;land;false;jungle;1
7094;179;150;242;land;false;plains;2
7095;249;106;163;land;false;forest;1
7096;250;73;201;land;true;plains;3
7097;234;236;61;land;false;hills;5
7098;181;171;250;land;false;forest;3
7099;151;246;116;land;false;jungle;4
7100;63;218;227;land;false;plains;4
7101;234;67;252;land;false;forest;1
7102;205;69;245;land;false;plains;3
7103;241;247;19;land;false;desert;4
7104;234;145;153;land;true;plains;5
7105;152;190;188;land;false;marsh;4
7106;235;189;99;land;false;jungle;3
7107;80;218;204;land;false;mountain;5
7108;246;234;64;land;false;plains;2
7109;236;87;210;land;false;desert;1
7110;137;226;237;land;false;plains;2
7111;78;217;209;land;false;hills;5
7112;76;243;238;land;false;mountain;1
7113;192;217;171;land;false;forest;7
7114;110;244;196;land;false;hills;1
7115;188;254;164;land;true;forest;3
7116;225;174;151;land;false;plains;3
7117;187;189;190;land;false;plains;2
7118;217;184;150;land;false;marsh;4
7119;142;190;197;land;true;plains;2
7120;214;253;104;land;false;desert;1
7121;227;242;226;land;false;hills;2
7122;168;211;142;land;true;forest;4
7123;254;165;251;land;false;jungle;1
7124;237;71;224;land;false;forest;2
7125;217;239;184;land;false;forest;4
7126;200;115;230;land;false;forest;1
7127;180;129;194;land;false;plains;3
7128;242;220;133;land;true;forest;4
7129;130;220;172;land;false;mountain;2
7130;236;117;219;land;false;marsh;2
7131;196;152;188;land;false;marsh;2
7132;181;246;250;land;false;forest;3
7133;235;228;184;land;false;forest;3
7134;201;253;50;land;false;forest;2
7135;248;180;201;land;false;desert;1
7136;185;208;178;land;false;desert;2
7137;254;65;248;land;false;forest;3
7138;119;201;238;land;true;plains;4
7139;204;167;138;land;false;hills;2
7140;208;230;105;land;false;desert;2
7141;187;194;226;land;false;forest;4
7142;209;82;240;land;true;plains;1
7143;253;212;151;land;false;forest;1
7144;219;225;139;land;false;plains;6
7145;190;171;248;land;true;plains;4
7146;170;210;184;land;false;plains;2
7147;163;248;209;land;false;plains;3
7148;251;165;129;land;false;marsh;4
7149;239;182;96;land;false;desert;1
7150;190;149;193;land;true;forest;7
7151;230;229;244;land;false;jungle;3
7152;190;237;174;land;false;forest;1
7153;76;240;231;land;false;plains;6
7154;115;208;222;land;false;hills;1
7155;158;243;141;land;true;plains;3
7156;109;202;224;land;false;forest;1
7157;87;252;228;land;false;plains;3
7158;135;180;223;land;false;forest;1
7159;191;172;171;land;false;hills;5
7160;235;235;46;land;false;plains;2
7161;246;60;202;land;false;mountain;1
7162;247;241;254;land;true;forest;1
7163;183;229;207;land;true;hills;5
7164;178;194;180;land;true;forest;2
7165;244;241;71;land;false;forest;1
7166;242;244;92;land;false;plains;4
7167;176;229;196;land;true;forest;1
7168;253;254;87;land;false;plains;1
7169;115;244;167;land;false;forest;1
7170;82;232;216;land;false;plains;1
7171;236;211;148;land;true;forest;4
7172;238;131;211;land;false;plains;1
7173;247;180;75;land;false;hills;1
7174;211;236;89;land;false;jungle;2
7175;207;246;217;land;false;forest;1
7176;173;216;173;land;false;hills;1
7177;240;161;197;land;true;plains;3
7178;139;124;245;land;false;desert;1
7179;108;249;220;land;true;plains;6
7180;217;185;166;land;false;plains;2
7181;96;199;244;land;false;forest;1
7182;219;98;239;land;true;plains;6
7183;204;245;78;land;false;plains;1
7184;137;155;234;land;false;mountain;5
7185;239;195;224;land;false;forest;3
7186;172;232;196;land;false;forest;7
7187;190;245;122;land;false;hills;4
7188;161;137;221;land;false;jungle;2
7189;66;254;183;land;false;forest;4
7190;237;205;74;land;false;jungle;2
7191;135;197;224;land;false;mountain;1
7192;187;231;168;land;false;forest;3
7193;200;252;184;land;false;plains;1
7194;242;204;206;land;false;forest;1
7195;251;196;164;land;false;mountain;5
7196;233;109;197;land;false;plains;6
7197;124;217;206;land;false;forest;1
7198;151;228;187;land;false;plains;6
7199;214;101;247;land;false;hills;4
7200;175;200;161;land;false;marsh;4
7201;94;172;237;land;false;hills;5
7202;230;44;235;land;false;hills;5
7203;58;254;211;land;false;mountain;2
7204;234;147;243;land;false;forest;1
7205;191;241;98;land;false;plains;1
7206;204;247;82;land;false;forest;4
7207;137;232;225;land;true;hills;2
7208;174;114;236;land;false;mountain;5
7209;138;177;207;land;true;forest;2
7210;226;79;206;land;false;jungle;2
7211;248;236;63;land;true;forest;4
7212;178;222;220;land;false;plains;1
7213;233;254;110;land;false;hills;5
7214;181;194;227;land;true;plains;5
7215;245;193;238;land;false;mountain;1
7216;230;242;151;land;false;desert;1
7217;228;186;137;land;false;marsh;2
7218;238;72;228;land;false;hills;3
7219;252;135;118;land;true;plains;3
7220;234;209;106;land;false;forest;3
7221;199;232;108;land;false;forest;1
7222;187;243;139;land;true;plains;4
7223;63;226;212;land;true;plains;2
7224;194;107;201;land;false;hills;1
7225;231;236;218;land;false;plains;2
7226;136;193;182;land;false;desert;1
7227;250;110;165;land;false;plains;3
7228;251;144;228;land;false;forest;4
7229;129;235;155;land;true;plains;4
7230;220;171;134;land;false;plains;4
7231;182;218;145;land;false;jungle;2
7232;112;226;164;land;true;plains;5
7233;207;223;207;land;false;forest;2
7234;169;130;218;land;false;hills;1
7235;231;131;251;land;false;forest;1
7236;222;211;176;land;false;mountain;3
7237;224;207;72;land;false;plains;1
7238;240;123;158;land;false;plains;3
7239;247;170;250;land;false;forest;1
7240;149;237;116;land;false;desert;1
7241;96;240;169;land;false;mountain;1
7242;159;189;154;land;false;forest;1
7243;188;127;204;land;false;plains;1
7244;169;185;230;land;true;marsh;4
7245;223;63;229;land;false;forest;3
7246;102;247;162;land;true;forest;7
7247;136;252;227;land;true;plains;5
7248;193;187;132;land;false;hills;1
7249;210;132;219;land;false;hills;1
7250;222;139;159;land;false;mountain;3
7251;249;189;89;land;false;plains;3
7252;247;197;192;land;false;plains;4
7253;101;171;244;land;false;plains;6
7254;201;223;155;land;false;forest;3
7255;186;214;188;land;false;hills;5
7256;209;114;231;land;false;plains;2
7257;100;193;214;land;false;plains;3
7258;227;125;213;land;false;hills;2
7259;237;138;162;land;false;forest;3
7260;103;212;196;land;false;marsh;4
7261;170;194;180;land;false;desert;4
7262;217;216;104;land;false;desert;4
7263;222;108;177;land;true;plains;3
7264;74;238;221;land;false;mountain;5
7265;113;230;221;land;false;hills;7
7266;180;125;226;land;true;forest;1
7267;251;209;49;land;false;forest;2
7268;206;65;238;land;false;forest;1
7269;158;183;176;land;true;plains;7
7270;188;171;192;land;true;plains;3
7271;225;98;196;land;false;plains;4
7272;236;66;203;land;false;forest;1
7273;253;238;168;land;false;hills;1
7274;169;252;156;land;false;forest;3
7275;254;72;195;land;false;forest;1
7276;201;251;176;land;true;forest;2
7277;61;215;249;land;false;jungle;4
7278;114;202;202;land;false;forest;1
7279;163;212;207;land;false;plains;4
7280;186;230;136;land;true;plains;1
7281;159;251;188;land;false;jungle;4
7282;248;185;125;land;false;plains;2
7283;221;227;164;land;false;jungle;2
7284;196;189;248;land;false;forest;5
7285;94;198;233;land;false;marsh;4
7286;112;211;249;land;false;jungle;1
7287;170;213;164;land;false;plains;1
7288;209;180;116;land;false;plains;4
7289;200;250;193;land;false;hills;3
7290;150;219;184;land;false;plains;3
7291;204;233;115;land;false;plains;2
7292;234;222;199;land;false;jungle;1
7293;108;240;223;land;false;forest;3
7294;184;209;146;land;false;jungle;1
7295;210;235;86;land;true;plains;5
7296;193;111;229;land;false;jungle;2
7297;252;111;158;land;false;jungle;1
7298;217;202;106;land;false;forest;1
7299;92;220;228;land;false;plains;2
7300;160;192;204;land;false;hills;1
7301;83;187;251;land;false;marsh;2
7302;200;241;145;land;false;hills;1
7303;236;244;64;land;false;marsh;4
7304;158;146;197;land;true;plains;1
7305;174;179;158;land;false;plains;2
7306;234;106;209;land;false;marsh;2
7307;247;160;157;land;false;jungle;3
7308;148;216;216;land;false;jungle;1
7309;206;92;244;land;false;hills;1
7310;154;233;196;land;false;mountain;4
7311;73;192;238;land;false;forest;3
7312;177;76;250;land;false;mountain;2
7313;214;119;205;land;false;plains;2
7314;105;164;233;land;false;forest;1
7315;211;181;215;land;false;plains;1
7316;230;218;216;land;false;forest;2
7317;181;251;167;land;false;hills;2
7318;110;232;231;land;false;forest;1
7319;250;215;54;land;false;jungle;1
7320;124;178;254;land;false;plains;3
7321;138;232;133;land;true;forest;4
7322;236;99;197;land;false;urban;3
7323;150;235;216;land;false;forest;2
7324;249;252;150;land;false;plains;1
7325;247;212;162;land;true;mountain;7
7326;221;227;70;land;false;desert;1
7327;215;133;246;land;false;forest;4
7328;148;199;247;land;false;hills;2
7329;244;236;42;land;true;forest;7
7330;143;111;252;land;true;forest;3
7331;225;204;184;land;false;forest;3
7332;85;254;251;land;false;plains;2
7333;229;237;181;land;false;forest;1
7334;218;70;230;land;true;plains;1
7335;220;244;46;land;true;forest;2
7336;247;46;209;land;false;jungle;1
7337;145;235;199;land;false;forest;3
7338;219;202;171;land;false;hills;4
7339;96;249;235;land;false;forest;3
7340;214;87;232;land;false;plains;2
7341;200;252;182;land;false;plains;4
7342;244;216;110;land;false;forest;4
7343;210;254;96;land;true;forest;4
7344;107;143;254;land;false;forest;3
7345;143;214;176;land;true;mountain;3
7346;242;222;243;land;false;marsh;4
7347;158;157;188;land;false;desert;2
7348;249;154;175;land;false;plains;2
7349;196;232;117;land;false;hills;4
7350;254;47;222;land;false;forest;1
7351;191;187;232;land;true;hills;1
7352;218;43;245;land;false;forest;1
7353;124;198;185;land;false;mountain;1
7354;12;249;246;land;false;jungle;4
7355;213;252;99;land;false;plains;2
7356;137;239;180;land;false;hills;3
7357;212;136;244;land;false;hills;3
7358;240;135;145;land;true;forest;2
7359;176;240;177;land;false;forest;2
7360;100;229;181;land;true;plains;3
7361;129;248;221;land;false;hills;1
7362;245;181;233;land;false;jungle;4
7363;142;207;253;land;false;forest;1
7364;170;198;228;land;false;plains;2
7365;211;110;204;land;false;desert;1
7366;232;242;246;land;true;forest;2
7367;157;164;203;land;false;forest;2
7368;151;245;196;land;false;forest;3
7369;173;243;198;land;false;mountain;5
7370;203;247;57;land;false;forest;2
7371;202;210;202;land;false;desert;4
7372;145;203;229;land;false;marsh;4
7373;220;251;233;land;false;forest;3
7374;239;104;212;land;true;plains;5
7375;63;202;240;land;false;mountain;1
7376;241;191;225;land;false;mountain;4
7377;168;125;208;land;false;hills;3
7378;223;172;119;land;false;jungle;4
7379;165;207;235;land;false;mountain;1
7380;123;226;207;land;true;forest;4
7381;125;228;187;land;false;mountain;5
7382;143;244;135;land;false;desert;1
7383;251;196;141;land;false;desert;1
7384;240;125;192;land;false;mountain;5
7385;175;133;214;land;false;plains;2
7386;193;215;100;land;false;mountain;1
7387;133;237;137;land;false;marsh;4
7388;167;208;241;land;false;marsh;2
7389;176;219;232;land;true;forest;1
7390;141;228;225;land;false;plains;3
7391;168;178;196;land;false;plains;1
7392;189;247;91;land;false;forest;3
7393;181;246;172;land;false;forest;2
7394;140;195;224;land;false;desert;2
7395;243;184;106;land;false;forest;1
7396;213;77;241;land;false;hills;5
7397;236;248;209;land;false;forest;3
7398;187;154;201;land;true;forest;4
7399;107;239;219;land;false;forest;1
7400;81;240;182;land;false;desert;1
7401;233;116;174;land;false;forest;2
7402;137;120;244;land;false;mountain;3
7403;182;159;209;land;false;forest;1
7404;108;153;244;land;false;hills;5
7405;192;130;194;land;false;forest;2
7406;213;253;129;land;true;hills;5
7407;84;241;249;land;false;jungle;1
7408;249;206;209;land;false;marsh;1
7409;119;192;232;land;false;forest;2
7410;248;117;172;land;true;plains;2
7411;114;249;198;land;false;jungle;1
7412;174;211;117;land;false;plains;3
7413;164;203;199;land;false;forest;2
7414;223;208;136;land;false;forest;1
7415;245;154;217;land;true;plains;5
7416;200;142;211;land;true;hills;5
7417;218;249;250;land;false;plains;1
7418;107;233;210;land;false;mountain;5
7419;135;207;236;land;true;forest;4
7420;97;172;235;land;true;plains;4
7421;204;184;254;land;true;urban;2
7422;235;253;210;land;true;forest;2
7423;251;238;116;land;false;plains;3
7424;193;191;194;land;false;marsh;4
7425;145;226;138;land;false;forest;2
7426;118;246;167;land;false;forest;1
7427;132;221;198;land;false;forest;2
7428;218;171;133;land;false;mountain;5
7429;155;128;229;land;false;hills;3
7430;210;234;101;land;true;plains;3
7431;251;176;235;land;false;hills;4
7432;189;213;175;land;true;forest;4
7433;253;187;91;land;false;hills;5
7434;249;230;115;land;false;forest;3
7435;248;135;189;land;false;jungle;2
7436;144;245;134;land;false;forest;4
7437;229;61;228;land;false;hills;1
7438;150;240;176;land;false;plains;1
7439;156;192;209;land;true;forest;1
7440;125;186;230;land;true;forest;2
7441;90;243;234;land;false;forest;2
7442;74;224;222;land;true;forest;6
7443;153;253;149;land;false;jungle;2
7444;221;226;122;land;true;plains;5
7445;244;46;219;land;false;hills;2
7446;214;213;140;land;false;forest;1
7447;219;125;221;land;false;forest;1
7448;148;241;140;land;false;forest;3
7449;202;235;156;land;true;plains;1
7450;238;250;64;land;false;jungle;4
7451;127;182;222;land;true;plains;6
7452;212;104;224;land;false;forest;1
7453;204;101;233;land;true;plains;4
7454;175;109;219;land;false;plains;1
7455;219;130;206;land;false;plains;3
7456;198;154;190;land;false;hills;4
7457;225;184;165;land;true;urban;1
7458;148;190;174;land;false;hills;1
7459;205;183;159;land;false;forest;1
7460;201;181;205;land;true;plains;1
7461;250;251;148;land;false;jungle;3
7462;238;180;99;land;false;mountain;1
7463;235;170;144;land;false;forest;2
7464;179;177;247;land;false;plains;1
7465;231;224;221;land;false;forest;1
7466;236;250;77;land;false;plains;2
7467;102;246;173;land;false;forest;1
7468;247;178;216;land;false;jungle;2
7469;234;243;82;land;false;forest;2
7470;177;250;146;land;true;plains;3
7471;169;234;161;land;false;hills;7
7472;118;229;249;land;false;hills;1
7473;123;201;236;land;false;forest;7
7474;199;241;94;land;false;forest;2
7475;192;237;107;land;true;forest;4
7476;187;216;198;land;false;plains;3
7477;189;249;107;land;true;plains;7
7478;114;231;235;land;false;mountain;3
7479;243;253;218;land;true;plains;1
7480;148;243;132;land;false;plains;1
7481;176;182;211;land;true;forest;4
7482;60;218;238;land;false;marsh;4
7483;180;176;232;land;false;forest;2
7484;225;207;239;land;false;plains;5
7485;214;150;217;land;false;plains;4
7486;165;246;120;land;false;hills;3
7487;218;251;226;land;false;hills;2
7488;176;203;231;land;false;marsh;4
7489;247;210;125;land;true;forest;1
7490;180;254;220;land;false;mountain;5
7491;209;145;183;land;false;plains;2
7492;170;146;196;land;false;hills;2
7493;233;151;203;land;false;hills;2
7494;200;178;199;land;false;hills;5
7495;254;213;83;land;false;hills;5
7496;238;164;174;land;false;plains;2
7497;223;219;208;land;false;mountain;2
7498;239;156;125;land;false;jungle;4
7499;251;167;135;land;false;hills;3
7500;110;167;245;land;false;forest;1
7501;209;140;155;land;false;mountain;5
7502;167;188;208;land;true;forest;7
7503;189;202;225;land;false;hills;4
7504;189;171;168;land;false;plains;3
7505;250;133;168;land;false;plains;2
7506;237;190;229;land;false;marsh;4
7507;107;156;238;land;false;mountain;2
7508;161;193;240;land;false;forest;2
7509;224;128;176;land;false;marsh;4
7510;238;222;174;land;false;hills;4
7511;194;125;183;land;false;desert;4
7512;214;233;230;land;true;forest;4
7513;243;115;206;land;false;mountain;7
7514;240;251;73;land;false;plains;1
7515;192;213;101;land;false;forest;1
7516;169;223;245;land;true;forest;2
7517;225;101;200;land;false;marsh;1
7518;219;183;130;land;true;forest;1
7519;203;164;228;land;false;marsh;2
7520;200;129;174;land;true;forest;1
7521;80;192;249;land;true;plains;1
7522;185;115;212;land;false;mountain;1
7523;245;25;245;land;false;jungle;1
7524;173;238;234;land;true;plains;6
7525;249;116;248;land;false;forest;2
7526;218;155;134;land;false;mountain;3
7527;250;144;160;land;true;forest;4
7528;80;241;249;land;false;desert;1
7529;211;199;166;land;false;hills;1
7530;220;111;193;land;false;plains;1
7531;254;227;215;land;false;jungle;1
7532;246;144;248;land;false;desert;4
7533;181;107;232;land;false;hills;1
7534;234;205;136;land;false;marsh;4
7535;251;145;219;land;false;forest;3
7536;129;193;219;land;false;forest;5
7537;178;128;247;land;false;mountain;5
7538;177;251;213;land;true;plains;4
7539;104;203;238;land;false;desert;1
7540;107;158;249;land;false;marsh;4
7541;219;84;217;land;false;forest;1
7542;184;200;145;land;false;plains;4
7543;250;184;97;land;false;hills;5
7544;249;218;72;land;false;plains;4
7545;115;165;233;land;false;mountain;3
7546;137;210;225;land;true;forest;1
7547;183;171;229;land;true;hills;1
7548;194;209;140;land;false;hills;5
7549;190;201;133;land;false;plains;1
7550;73;225;203;land;false;desert;1
7551;216;174;111;land;false;forest;1
7552;177;209;249;land;false;mountain;1
7553;208;218;82;land;false;plains;4
7554;214;223;234;land;false;plains;2
7555;179;215;187;land;false;hills;1
7556;214;219;126;land;false;marsh;4
7557;95;210;253;land;false;plains;1
7558;245;241;57;land;false;jungle;1
7559;143;188;210;land;true;plains;7
7560;188;214;130;land;false;hills;1
7561;240;198;199;land;false;plains;1
7562;127;249;191;land;true;plains;1
7563;197;185;214;land;true;forest;2
7564;156;154;215;land;false;forest;3
7565;246;203;111;land;false;plains;4
7566;99;250;188;land;false;forest;5
7567;204;129;236;land;false;hills;3
7568;162;174;201;land;false;mountain;3
7569;150;240;175;land;false;marsh;4
7570;101;170;251;land;true;plains;1
7571;238;133;133;land;true;plains;7
7572;100;227;252;land;true;plains;5
7573;86;239;200;land;false;jungle;4
7574;252;179;245;land;false;forest;1
7575;137;232;235;land;false;jungle;1
7576;202;244;75;land;false;plains;1
7577;188;104;225;land;true;forest;4
7578;199;142;219;land;false;forest;2
7579;199;193;125;land;true;forest;2
7580;236;198;168;land;false;mountain;2
7581;219;153;157;land;false;forest;5
7582;222;54;233;land;false;plains;3
7583;140;163;253;land;true;forest;4
7584;205;132;192;land;false;plains;1
7585;248;102;189;land;false;jungle;2
7586;219;192;222;land;true;jungle;1
7587;177;170;234;land;false;plains;2
7588;199;243;73;land;true;plains;5
7589;218;119;220;land;false;plains;3
7590;155;133;224;land;true;forest;4
7591;207;237;221;land;false;forest;3
7592;227;182;151;land;false;forest;1
7593;138;253;166;land;false;marsh;4
7594;249;242;33;land;false;forest;1
7595;219;216;207;land;false;forest;1
7596;218;234;179;land;false;mountain;1
7597;237;146;189;land;false;hills;1
7598;171;244;205;land;false;plains;2
7599;183;140;185;land;false;forest;1
7600;144;200;196;land;false;forest;3
7601;223;67;240;land;false;plains;2
7602;243;168;175;land;true;plains;5
7603;204;218;118;land;true;plains;4
7604;183;241;200;land;true;plains;5
7605;180;213;191;land;false;forest;2
7606;88;191;228;land;false;hills;5
7607;114;171;222;land;false;jungle;1
7608;110;179;245;land;false;desert;1
7609;198;221;187;land;false;forest;1
7610;196;171;214;land;false;plains;6
7611;235;117;157;land;false;jungle;1
7612;227;143;133;land;false;desert;1
7613;118;251;194;land;false;jungle;4
7614;218;168;226;land;true;plains;7
7615;243;237;143;land;false;jungle;1
7616;143;219;187;land;false;marsh;4
7617;211;126;228;land;false;forest;4
7618;154;110;245;land;false;hills;5
7619;179;156;168;land;true;forest;1
7620;237;225;227;land;false;jungle;1
7621;209;208;199;land;false;plains;2
7622;227;225;68;land;false;forest;4
7623;213;210;165;land;false;forest;4
7624;238;116;247;land;false;jungle;2
7625;109;226;250;land;false;hills;1
7626;161;158;242;land;false;forest;1
7627;223;207;138;land;true;forest;4
7628;111;231;211;land;false;plains;3
7629;164;234;163;land;false;mountain;3
7630;219;148;144;land;false;jungle;2
7631;184;201;254;land;false;desert;1
7632;53;219;253;land;true;forest;2
7633;218;209;122;land;false;mountain;3
7634;194;196;158;land;false;marsh;1
7635;108;211;251;land;true;plains;2
7636;199;220;213;land;false;forest;2
7637;241;248;244;land;false;plains;1
7638;245;174;251;land;false;forest;1
7639;49;231;227;land;false;forest;1
7640;247;163;236;land;false;mountain;5
7641;98;231;229;land;false;hills;4
7642;229;149;212;land;false;marsh;4
7643;159;212;190;land;false;plains;2
7644;146;248;155;land;true;forest;4
7645;106;229;217;land;false;marsh;4
7646;252;254;56;land;false;plains;2
7647;203;233;179;land;false;plains;4
7648;135;192;203;land;false;plains;1
7649;175;152;176;land;false;mountain;4
7650;142;212;155;land;false;plains;1
7651;162;177;223;land;false;jungle;1
7652;204;169;159;land;false;desert;4
7653;206;166;129;land;false;hills;1
7654;253;145;158;land;false;forest;4
7655;182;220;214;land;false;forest;1
7656;204;145;186;land;false;jungle;4
7657;218;164;216;land;false;forest;1
7658;145;243;193;land;true;plains;6
7659;230;73;236;land;false;hills;1
7660;81;246;180;land;false;forest;1
7661;241;254;8;land;true;forest;7
7662;237;189;232;land;true;mountain;3
7663;150;172;211;land;true;plains;4
7664;175;208;194;land;false;jungle;4
7665;191;105;254;land;false;mountain;1
7666;188;226;104;land;false;jungle;2
7667;111;182;230;land;true;plains;3
7668;227;235;132;land;false;forest;1
7669;253;192;130;land;false;plains;5
7670;239;242;113;land;false;plains;3
7671;197;221;121;land;false;mountain;3
7672;201;248;129;land;false;jungle;3
7673;226;104;193;land;false;plains;4
7674;187;232;215;land;true;forest;4
7675;28;248;237;land;false;hills;3
7676;228;156;126;land;false;plains;2
7677;208;187;179;land;false;forest;2
7678;241;227;155;land;false;jungle;4
7679;200;198;138;land;false;hills;3
7680;216;246;186;land;false;forest;2
7681;182;242;91;land;false;plains;6
7682;247;95;194;land;false;plains;1
7683;127;222;168;land;false;forest;2
7684;206;138;165;land;false;mountain;3
7685;195;250;236;land;false;plains;1
7686;239;92;242;land;false;plains;2
7687;247;229;242;land;false;forest;1
7688;228;85;241;land;true;forest;3
7689;226;160;213;land;false;forest;3
7690;219;158;164;land;false;forest;5
7691;221;114;215;land;false;forest;1
7692;252;247;233;land;false;plains;1
7693;199;192;204;land;false;plains;2
7694;179;253;86;land;false;desert;4
7695;202;155;198;land;false;jungle;1
7696;244;58;212;land;false;plains;1
7697;229;227;193;land;false;hills;3
7698;213;90;215;land;false;forest;1
7699;236;105;207;land;false;forest;2
7700;193;249;152;land;true;forest;3
7701;235;156;177;land;false;plains;4
7702;249;168;144;land;false;jungle;3
7703;218;148;210;land;false;forest;2
7704;242;161;198;land;false;plains;3
7705;191;207;202;land;false;forest;4
7706;162;163;234;land;false;forest;3
7707;232;224;151;land;false;hills;2
7708;159;247;106;land;false;desert;4
7709;176;239;172;land;false;forest;3
7710;78;249;241;land;false;forest;1
7711;156;205;208;land;false;forest;1
7712;156;152;206;land;false;forest;3
7713;232;204;233;land;false;hills;1
7714;128;212;166;land;false;plains;4
7715;62;222;227;land;false;forest;1
7716;176;248;89;land;true;forest;7
7717;205;184;236;land;false;hills;2
7718;120;213;190;land;false;plains;4
7719;223;224;242;land;false;plains;4
7720;222;219;127;land;true;forest;4
7721;166;208;132;land;false;plains;6
7722;73;236;244;land;false;desert;2
7723;208;226;202;land;false;mountain;5
7724;101;188;226;land;false;plains;1
7725;19;228;254;land;true;jungle;4
7726;161;210;203;land;false;plains;1
7727;236;112;170;land;false;forest;2
7728;134;189;222;land;false;forest;3
7729;130;213;218;land;false;forest;4
7730;90;243;230;land;false;forest;3
7731;152;130;240;land;false;plains;2
7732;252;119;156;land;false;plains;3
7733;154;245;107;land;true;forest;4
7734;141;146;219;land;false;plains;2
7735;152;247;123;land;true;plains;4
7736;85;236;234;land;false;mountain;5
7737;241;190;197;land;true;plains;3
7738;189;73;242;land;false;plains;2
7739;53;242;206;land;false;desert;1
7740;247;214;237;land;false;plains;1
7741;240;229;149;land;false;marsh;4
7742;181;182;158;land;false;forest;3
7743;195;181;161;land;false;hills;3
7744;111;179;243;land;false;jungle;1
7745;146;253;241;land;false;forest;2
7746;233;160;128;land;false;desert;2
7747;222;248;75;land;true;plains;7
7748;221;235;212;land;false;hills;3
7749;213;140;198;land;true;plains;6
7750;173;144;251;land;true;plains;6
7751;147;253;115;land;false;forest;7
7752;244;164;240;land;true;forest;6
7753;180;223;103;land;false;plains;1
7754;199;236;69;land;false;forest;2
7755;83;195;223;land;false;plains;1
7756;124;164;254;land;false;plains;1
7757;232;245;155;land;false;hills;5
7758;204;231;155;land;false;jungle;2
7759;213;253;50;land;false;mountain;1
7760;202;171;135;land;false;mountain;5
7761;158;174;208;land;false;hills;5
7762;212;228;111;land;false;hills;5
7763;199;202;230;land;false;forest;4
7764;193;214;234;land;false;plains;2
7765;137;251;139;land;false;plains;2
7766;16;244;253;land;false;plains;2
7767;204;208;161;land;false;desert;1
7768;231;187;232;land;false;forest;1
7769;102;252;215;land;false;forest;1
7770;231;153;217;land;false;mountain;1
7771;171;250;253;land;false;plains;2
7772;246;208;106;land;false;forest;2
7773;105;205;236;land;false;forest;1
7774;191;243;116;land;false;mountain;5
7775;252;237;58;land;true;hills;3
7776;198;178;250;land;false;hills;1
7777;139;164;227;land;false;forest;1
7778;159;254;174;land;false;forest;1
7779;160;132;247;land;false;forest;1
7780;246;221;253;land;false;plains;3
7781;105;253;245;land;false;mountain;3
7782;57;224;231;land;false;plains;2
7783;252;197;110;land;false;desert;2
7784;137;171;239;land;false;hills;5
7785;252;237;140;land;false;forest;3
7786;239;131;225;land;true;forest;3
7787;245;241;135;land;false;hills;1
7788;252;202;181;land;false;marsh;4
7789;229;241;188;land;true;plains;1
7790;194;173;214;land;false;forest;1
7791;252;215;200;land;false;jungle;2
7792;124;187;220;land;false;mountain;1
7793;212;189;110;land;false;mountain;1
7794;177;246;154;land;false;hills;1
7795;185;210;177;land;false;desert;4
7796;240;119;165;land;false;plains;1
7797;223;166;246;land;false;hills;1
7798;227;254;78;land;false;forest;1
7799;222;143;187;land;false;forest;2
7800;181;201;170;land;false;jungle;2
7801;227;238;146;land;false;forest;1
7802;189;246;151;land;true;forest;4
7803;216;158;182;land;false;jungle;2
7804;248;157;194;land;false;forest;1
7805;229;227;62;land;false;hills;1
7806;162;149;196;land;false;jungle;4
7807;213;183;132;land;false;jungle;4
7808;252;156;231;land;false;mountain;5
7809;238;168;114;land;false;forest;1
7810;210;205;242;land;false;hills;3
7811;192;221;242;land;false;jungle;3
7812;225;234;42;land;false;plains;1
7813;240;148;233;land;false;plains;6
7814;134;169;254;land;false;hills;4
7815;246;175;180;land;false;plains;2
7816;249;223;98;land;false;hills;1
7817;189;179;195;land;false;forest;2
7818;174;96;241;land;false;forest;1
7819;254;187;183;land;false;hills;4
7820;120;236;162;land;true;plains;5
7821;227;169;251;land;false;plains;4
7822;229;86;239;land;false;plains;2
7823;221;225;186;land;false;desert;4
7824;235;237;164;land;true;forest;5
7825;218;215;134;land;false;desert;1
7826;226;56;230;land;true;plains;1
7827;157;160;225;land;false;forest;2
7828;174;244;235;land;true;plains;1
7829;253;163;102;land;false;desert;1
7830;119;219;194;land;false;marsh;4
7831;246;146;136;land;false;hills;1
7832;245;220;165;land;false;mountain;5
7833;206;179;137;land;false;plains;2
7834;36;238;250;land;false;forest;3
7835;250;135;238;land;false;forest;2
7836;203;247;230;land;false;plains;1
7837;229;186;91;land;false;plains;7
7838;201;180;120;land;false;forest;2
7839;101;156;246;land;false;desert;4
7840;67;218;242;land;false;mountain;1
7841;155;131;219;land;false;forest;2
7842;173;202;240;land;false;jungle;2
7843;189;242;198;land;false;forest;2
7844;238;205;184;land;false;desert;4
7845;196;176;161;land;false;mountain;1
7846;110;165;253;land;false;forest;3
7847;195;80;243;land;false;desert;1
7848;198;205;194;land;false;forest;1
7849;165;191;156;land;false;plains;2
7850;250;129;142;land;false;desert;1
7851;140;233;156;land;false;plains;2
7852;191;219;179;land;false;plains;1
7853;194;238;156;land;false;forest;5
7854;237;76;246;land;false;plains;3
7855;186;190;205;land;false;forest;3
7856;108;214;206;land;false;forest;3
7857;244;151;202;land;false;plains;2
7858;211;198;144;land;false;jungle;1
7859;164;189;196;land;false;forest;1
7860;201;103;240;land;false;forest;3
7861;244;86;222;land;false;mountain;3
7862;189;157;202;land;false;mountain;5
7863;83;225;239;land;false;forest;2
7864;240;202;84;land;false;mountain;1
7865;241;247;225;land;false;plains;1
7866;209;53;242;land;false;forest;1
7867;43;228;237;land;true;plains;4
7868;137;181;240;land;true;jungle;4
7869;201;238;198;land;true;plains;7
7870;140;204;180;land;false;mountain;5
7871;80;238;184;land;false;plains;2
7872;189;158;251;land;false;forest;3
7873;224;172;213;land;false;plains;1
7874;189;160;156;land;false;plains;1
7875;217;132;193;land;true;plains;1
7876;189;137;249;land;false;mountain;3
7877;222;122;191;land;false;hills;3
7878;247;66;194;land;true;plains;4
7879;218;224;137;land;true;plains;2
7880;222;132;230;land;false;forest;1
7881;116;248;161;land;true;forest;1
7882;194;232;232;land;false;plains;2
7883;161;234;120;land;false;forest;2
7884;166;191;218;land;false;hills;5
7885;195;208;137;land;false;plains;5
7886;148;206;242;land;false;mountain;1
7887;224;156;141;land;false;plains;1
7888;213;215;150;land;false;desert;1
7889;169;160;183;land;false;mountain;5
7890;107;194;249;land;false;hills;2
7891;234;233;47;land;false;plains;3
7892;136;230;167;land;false;forest;1
7893;128;204;209;land;false;hills;3
7894;237;237;103;land;false;hills;1
7895;251;28;237;land;true;plains;7
7896;234;88;239;land;false;hills;3
7897;145;164;244;land;false;forest;1
7898;253;175;206;land;true;plains;3
7899;233;88;194;land;false;forest;1
7900;247;203;132;land;false;plains;2
7901;248;134;215;land;false;forest;1
7902;195;247;167;land;true;forest;5
7903;214;183;199;land;true;plains;7
7904;110;229;232;land;false;mountain;1
7905;149;158;250;land;false;mountain;3
7906;203;133;178;land;false;marsh;4
7907;226;140;176;land;true;plains;3
7908;201;174;142;land;false;plains;3
7909;172;217;143;land;true;forest;7
7910;222;218;77;land;false;forest;5
7911;232;206;247;land;false;mountain;1
7912;146;210;253;land;false;plains;1
7913;219;163;199;land;false;hills;3
7914;228;217;140;land;false;plains;1
7915;183;184;223;land;false;hills;1
7916;180;197;239;land;false;hills;2
7917;209;132;215;land;true;forest;2
7918;252;115;207;land;false;marsh;4
7919;211;229;80;land;false;desert;4
7920;199;114;242;land;false;hills;5
7921;179;167;174;land;true;plains;2
7922;197;83;240;land;false;forest;1
7923;249;64;209;land;false;forest;1
7924;95;249;236;land;true;plains;3
7925;206;245;113;land;false;plains;2
7926;135;247;231;land;false;desert;1
7927;200;145;232;land;false;marsh;4
7928;197;152;217;land;false;mountain;4
7929;241;240;23;land;false;jungle;2
7930;171;233;174;land;false;mountain;5
7931;151;214;250;land;false;desert;1
7932;223;128;174;land;false;hills;4
7933;207;102;227;land;false;forest;2
7934;113;248;215;land;true;plains;5
7935;248;66;249;land;false;plains;2
7936;218;188;152;land;false;hills;1
7937;37;221;252;land;false;mountain;5
7938;160;208;241;land;false;hills;5
7939;153;178;253;land;false;marsh;4
7940;164;207;133;land;false;hills;1
7941;214;233;232;land;false;hills;3
7942;206;144;250;land;false;mountain;2
7943;191;194;181;land;false;plains;1
7944;254;242;79;land;false;jungle;2
7945;238;187;85;land;false;forest;2
7946;219;215;223;land;false;mountain;5
7947;170;217;216;land;false;desert;2
7948;240;223;96;land;false;jungle;1
7949;167;247;237;land;false;plains;2
7950;228;86;239;land;false;hills;5
7951;182;150;201;land;false;marsh;4
7952;248;187;243;land;false;hills;1
7953;251;219;147;land;false;plains;4
7954;118;237;158;land;false;forest;1
7955;214;233;186;land;false;desert;1
7956;197;182;148;land;false;forest;3
7957;240;244;108;land;true;jungle;4
7958;228;103;243;land;true;plains;5
7959;197;210;229;land;false;marsh;4
7960;241;201;242;land;true;plains;3
7961;170;180;182;land;false;mountain;5
7962;206;225;70;land;false;plains;2
7963;233;136;145;land;false;plains;4
7964;217;242;81;land;true;plains;3
7965;239;175;195;land;false;forest;3
7966;254;179;185;land;false;forest;1
7967;236;194;106;land;false;hills;5
7968;189;216;190;land;false;mountain;1
7969;244;222;44;land;false;marsh;2
7970;244;176;170;land;false;forest;4
7971;136;246;121;land;false;desert;1
7972;184;146;199;land;true;plains;2
7973;131;225;211;land;false;forest;2
7974;73;249;230;land;false;plains;4
7975;58;247;219;land;false;plains;4
7976;199;245;233;land;false;forest;1
7977;179;135;206;land;false;jungle;1
7978;246;77;229;land;false;marsh;4
7979;217;58;254;land;false;mountain;1
7980;246;30;250;land;false;plains;1
7981;199;207;187;land;false;mountain;1
7982;253;108;179;land;false;forest;3
7983;239;54;242;land;false;hills;3
7984;183;207;239;land;false;plains;1
7985;211;195;232;land;false;forest;1
7986;145;207;169;land;true;plains;4
7987;228;134;213;land;true;plains;1
7988;223;244;134;land;false;forest;3
7989;221;203;81;land;false;forest;4
7990;79;222;244;land;false;hills;1
7991;168;146;232;land;false;forest;1
7992;199;209;167;land;false;plains;2
7993;108;235;220;land;true;plains;2
7994;216;241;254;land;false;forest;3
7995;98;170;252;land;false;jungle;1
7996;238;172;210;land;false;plains;4
7997;226;130;195;land;true;plains;7
7998;121;221;245;land;false;forest;2
7999;253;205;192;land;false;jungle;4
8000;251;131;211;land;true;forest;1
8001;157;199;145;land;true;plains;5
8002;113;207;211;land;false;desert;1
8003;249;170;195;land;false;hills;2
8004;232;195;186;land;false;mountain;2
8005;122;235;160;land;false;forest;4
8006;113;231;195;land;false;desert;1
8007;225;203;229;land;true;forest;1
8008;240;52;233;land;false;forest;1
8009;242;166;105;land;false;plains;3
8010;212;206;142;land;false;forest;1
8011;210;225;249;land;false;mountain;2
8012;159;241;161;land;false;jungle;3
8013;206;185;237;land;false;plains;1
8014;227;229;107;land;true;plains;4
8015;184;159;202;land;false;forest;3
8016;104;170;252;land;false;mountain;1
8017;172;189;197;land;false;desert;1
8018;179;242;207;land;false;plains;1
8019;229;154;168;land;false;jungle;1
8020;55;205;242;land;false;forest;2
8021;227;239;241;land;false;hills;5
8022;176;188;152;land;false;marsh;3
8023;244;89;237;land;false;jungle;1
8024;148;248;163;land;false;jungle;4
8025;235;175;169;land;false;hills;1
8026;55;224;223;land;false;plains;2
8027;248;187;155;land;false;plains;1
8028;150;242;197;land;false;hills;4
8029;242;135;208;land;true;forest;3
8030;251;254;75;land;false;plains;1
8031;250;211;236;land;true;forest;2
8032;238;172;156;land;false;desert;1
8033;183;195;154;land;false;forest;2
8034;146;158;202;land;false;forest;4
8035;216;209;254;land;false;mountain;5
8036;231;235;178;land;false;jungle;1
8037;162;172;202;land;false;jungle;4
8038;113;184;231;land;false;desert;1
8039;242;163;192;land;false;forest;3
8040;236;203;191;land;false;plains;3
8041;238;184;244;land;true;plains;3
8042;206;221;191;land;false;hills;5
8043;250;107;166;land;false;forest;4
8044;244;64;215;land;false;hills;2
8045;221;188;121;land;false;forest;1
8046;250;247;31;land;false;plains;2
8047;104;187;235;land;false;hills;4
8048;252;57;195;land;true;forest;6
8049;235;162;251;land;false;hills;4
8050;174;175;196;land;false;forest;1
8051;187;119;239;land;false;hills;1
8052;89;234;180;land;true;forest;7
8053;126;226;192;land;false;hills;2
8054;158;213;134;land;false;plains;1
8055;222;48;254;land;false;forest;4
8056;252;80;220;land;true;plains;4
8057;145;241;176;land;false;desert;1
8058;236;152;120;land;true;forest;5
8059;136;205;229;land;false;mountain;7
8060;155;216;248;land;false;marsh;4
8061;196;104;217;land;false;plains;2
8062;228;195;116;land;false;forest;3
8063;121;238;170;land;false;forest;1
8064;215;210;229;land;false;forest;2
8065;220;207;109;land;true;plains;2
8066;158;206;162;land;true;plains;2
8067;148;145;241;land;true;plains;2
8068;214;200;195;land;false;forest;1
8069;144;197;241;land;false;forest;2
8070;193;239;99;land;false;forest;4
8071;215;165;188;land;false;desert;4
8072;192;165;162;land;true;plains;3
8073;226;202;158;land;false;forest;7
8074;127;235;217;land;true;forest;4
8075;215;207;224;land;false;mountain;1
8076;204;145;241;land;false;plains;3
8077;168;252;90;land;false;hills;5
8078;150;159;209;land;false;desert;1
8079;240;139;181;land;false;forest;4
8080;209;251;187;land;false;jungle;2
8081;238;162;164;land;false;plains;6
8082;34;251;247;land;false;forest;2
8083;163;239;201;land;true;plains;6
8084;240;164;109;land;false;forest;1
8085;242;156;177;land;false;desert;1
8086;149;178;201;land;false;forest;1
8087;253;149;194;land;false;hills;1
8088;166;166;173;land;false;plains;4
8089;153;136;240;land;false;forest;2
8090;123;187;205;land;false;forest;1
8091;196;177;203;land;false;forest;2
8092;195;148;214;land;false;mountain;5
8093;190;213;238;land;false;forest;1
8094;78;210;215;land;false;plains;3
8095;185;185;196;land;false;jungle;1
8096;28;254;242;land;true;plains;5
8097;69;229;212;land;true;plains;7
8098;248;233;217;land;false;desert;4
8099;187;181;182;land;false;jungle;4
8100;128;189;249;land;false;mountain;5
8101;87;244;203;land;false;forest;3
8102;69;243;207;land;false;forest;3
8103;241;202;206;land;false;marsh;4
8104;229;239;50;land;false;mountain;3
8105;207;152;183;land;false;plains;1
8106;161;185;214;land;false;marsh;4
8107;198;230;210;land;false;mountain;3
8108;222;182;216;land;false;plains;2
8109;190;233;158;land;false;hills;2
8110;214;131;252;land;false;desert;1
8111;189;169;218;land;false;marsh;4
8112;250;59;194;land;false;mountain;4
8113;139;240;135;land;false;forest;2
8114;207;198;103;land;false;plains;1
8115;203;243;175;land;false;hills;4
8116;235;201;203;land;false;marsh;2
8117;118;230;210;land;false;forest;2
8118;235;165;199;land;false;plains;1
8119;247;120;242;land;true;plains;3
8120;233;147;219;land;false;jungle;3
8121;233;217;138;land;false;plains;4
8122;238;72;191;land;false;jungle;1
8123;204;217;188;land;false;forest;3
8124;223;227;238;land;false;jungle;2
8125;105;184;235;land;false;plains;5
8126;200;250;62;land;true;forest;4
8127;250;181;222;land;false;mountain;2
8128;202;238;204;land;false;forest;3
8129;194;148;251;land;true;plains;1
8130;220;165;247;land;false;hills;1
8131;243;209;106;land;true;plains;4
8132;106;229;198;land;false;mountain;5
8133;185;118;229;land;false;forest;7
8134;198;201;243;land;true;plains;3
8135;234;184;109;land;true;plains;1
8136;92;252;231;land;false;plains;2
8137;248;238;145;land;false;plains;2
8138;218;213;186;land;false;forest;2
8139;243;197;132;land;false;plains;2
8140;179;184;181;land;false;mountain;7
8141;178;100;227;land;false;forest;3
8142;233;117;224;land;false;marsh;4
8143;111;247;169;land;false;forest;1
8144;110;203;252;land;true;forest;4
8145;152;189;219;land;false;mountain;5
8146;221;181;112;land;true;plains;1
8147;236;233;108;land;false;mountain;3
8148;238;243;89;land;false;forest;2
8149;251;204;72;land;false;mountain;3
8150;152;175;227;land;false;plains;4
8151;199;183;130;land;false;desert;1
8152;237;214;100;land;true;plains;3
8153;186;197;165;land;true;plains;1
8154;237;190;187;land;false;jungle;1
8155;227;71;225;land;false;mountain;4
8156;194;150;212;land;false;plains;5
8157;169;190;154;land;false;hills;3
8158;206;249;250;land;false;forest;3
8159;221;231;167;land;false;desert;2
8160;239;236;149;land;true;plains;5
8161;237;254;197;land;false;forest;1
8162;49;240;253;land;false;jungle;4
8163;212;116;211;land;false;plains;3
8164;189;77;254;land;false;mountain;2
8165;163;95;244;land;false;desert;2
8166;131;139;243;land;false;forest;2
8167;171;130;231;land;false;forest;1
8168;197;195;201;land;false;jungle;2
8169;160;247;157;land;false;forest;3
8170;242;98;164;land;false;forest;3
8171;230;211;147;land;false;forest;3
8172;236;232;155;land;false;hills;4
8173;166;143;219;land;true;forest;3
8174;70;228;204;land;false;mountain;5
8175;75;254;229;land;false;mountain;3
8176;192;235;227;land;false;plains;2
8177;165;191;146;land;false;forest;1
8178;192;181;222;land;false;forest;4
8179;156;239;210;land;false;marsh;2
8180;254;239;166;land;false;forest;1
8181;236;179;188;land;false;marsh;4
8182;244;254;220;land;false;forest;2
8183;241;228;189;land;false;plains;1
8184;216;210;241;land;false;forest;2
8185;247;68;221;land;false;plains;4
8186;220;246;197;land;false;forest;3
8187;183;155;208;land;false;jungle;2
8188;240;184;84;land;false;forest;3
8189;67;232;242;land;false;hills;1
8190;199;168;156;land;false;jungle;3
8191;131;199;248;land;false;mountain;7
8192;206;87;215;land;false;plains;3
8193;251;138;120;land;false;jungle;3
8194;250;243;103;land;false;plains;6
8195;29;238;252;land;true;plains;5
8196;163;230;230;land;true;jungle;4
8197;71;251;248;land;false;mountain;3
8198;193;220;186;land;false;hills;3
8199;230;131;174;land;true;plains;6
8200;231;119;191;land;true;forest;3
8201;180;130;218;land;false;hills;5
8202;238;187;99;land;false;marsh;1
8203;165;185;176;land;false;forest;3
8204;205;253;133;land;false;mountain;1
8205;243;162;201;land;false;marsh;2
8206;202;225;178;land;false;forest;2
8207;180;184;224;land;false;plains;6
8208;160;159;238;land;false;desert;1
8209;173;224;124;land;false;hills;5
8210;173;237;226;land;false;jungle;2
8211;245;136;213;land;false;plains;4
8212;102;226;204;land;false;plains;2
8213;183;173;203;land;true;forest;4
8214;101;239;167;land;true;plains;4
8215;205;121;242;land;false;jungle;3
8216;160;202;181;land;true;plains;1
8217;235;213;70;land;true;forest;3
8218;235;247;159;land;false;jungle;1
8219;250;247;7;land;false;hills;1
8220;220;134;209;land;false;hills;2
8221;235;181;199;land;false;forest;2
8222;210;79;248;land;false;hills;4
8223;228;221;159;land;false;forest;1
8224;197;208;152;land;false;hills;2
8225;226;158;252;land;false;jungle;4
8226;113;237;177;land;true;forest;3
8227;225;94;200;land;false;forest;1
8228;251;93;208;land;true;plains;5
8229;113;253;177;land;false;plains;2
8230;151;163;199;land;true;forest;5
8231;225;231;193;land;true;plains;5
8232;130;245;152;land;false;forest;3
8233;102;203;227;land;false;forest;1
8234;191;158;239;land;true;plains;4
8235;183;196;184;land;true;plains;6
8236;205;137;217;land;false;desert;1
8237;248;130;250;land;false;hills;1
8238;222;237;117;land;false;desert;2
8239;153;231;140;land;false;forest;3
8240;208;230;214;land;true;forest;3
8241;173;186;233;land;false;forest;1
8242;87;238;180;land;false;plains;3
8243;236;115;238;land;false;hills;1
8244;237;117;179;land;false;plains;2
8245;218;97;202;land;false;desert;1
8246;218;236;181;land;false;mountain;1
8247;242;79;220;land;false;forest;3
8248;169;226;148;land;true;plains;6
8249;206;141;196;land;false;plains;4
8250;75;251;218;land;false;plains;1
8251;199;132;225;land;true;plains;1
8252;234;238;36;land;false;hills;1
8253;177;126;216;land;false;plains;1
8254;163;217;144;land;false;forest;1
8255;149;174;223;land;false;marsh;1
8256;209;182;239;land;false;forest;4
8257;244;196;254;land;false;jungle;2
8258;252;173;147;land;false;jungle;4
8259;235;196;82;land;false;jungle;4
8260;250;206;134;land;false;plains;1
8261;112;222;254;land;false;forest;3
8262;254;250;222;land;true;forest;4
8263;251;51;254;land;false;plains;3
8264;236;173;109;land;false;forest;2
8265;241;108;155;land;true;plains;3
8266;218;182;245;land;false;plains;2
8267;71;208;252;land;false;jungle;1
8268;228;236;198;land;false;plains;2
8269;253;231;56;land;true;plains;3
8270;221;196;245;land;false;forest;1
8271;228;56;226;land;false;hills;3
8272;198;169;197;land;false;plains;4
8273;84;240;230;land;false;hills;4
8274;114;240;153;land;false;forest;3
8275;162;226;213;land;false;marsh;4
8276;153;243;194;land;false;plains;1
8277;244;202;241;land;true;plains;4
8278;120;234;188;land;false;desert;4
8279;254;168;125;land;true;plains;2
8280;216;218;251;land;false;plains;2
8281;172;244;174;land;true;hills;7
8282;117;250;149;land;false;forest;3
8283;196;154;241;land;false;plains;2
8284;241;184;86;land;false;mountain;3
8285;79;210;252;land;false;marsh;1
8286;139;197;233;land;false;mountain;2
8287;182;95;252;land;false;forest;4
8288;235;252;55;land;false;jungle;1
8289;173;179;206;land;false;plains;1
8290;188;221;190;land;false;jungle;1
8291;230;181;238;land;false;forest;3
8292;192;239;222;land;false;forest;1
8293;251;53;254;land;false;marsh;4
8294;229;175;190;land;false;forest;1
8295;241;190;76;land;false;plains;1
8296;239;252;130;land;false;hills;4
8297;219;182;165;land;true;plains;7
8298;159;159;250;land;false;mountain;1
8299;253;187;217;land;false;plains;4
8300;112;198;218;land;false;hills;1
8301;253;136;142;land;false;plains;3
8302;195;175;208;land;false;forest;3
8303;242;145;203;land;false;jungle;3
8304;248;254;233;land;false;forest;1
8305;144;199;218;land;true;jungle;4
8306;232;122;187;land;false;hills;4
8307;118;234;174;land;false;forest;1
8308;205;151;147;land;true;forest;4
8309;153;124;246;land;false;jungle;4
8310;238;251;193;land;false;plains;2
8311;154;217;134;land;false;desert;1
8312;244;105;201;land;false;jungle;2
8313;240;66;209;land;true;forest;7
8314;251;173;163;land;true;forest;4
8315;218;132;203;land;false;forest;2
8316;250;204;203;land;false;forest;4
8317;187;173;181;land;false;plains;4
8318;143;131;249;land;false;forest;2
8319;243;100;210;land;false;plains;2
8320;124;246;224;land;false;plains;2
8321;209;194;184;land;false;plains;4
8322;176;235;127;land;false;plains;3
8323;89;243;251;land;false;desert;1
8324;136;202;244;land;false;hills;4
8325;176;199;183;land;false;marsh;1
8326;152;235;189;land;false;desert;4
8327;109;188;236;land;false;desert;2
8328;235;70;196;land;true;plains;3
8329;177;136;235;land;false;mountain;2
8330;226;180;152;land;false;plains;1
8331;164;215;249;land;true;jungle;1
8332;184;149;226;land;true;plains;2
8333;191;208;154;land;false;plains;3
8334;187;209;250;land;true;plains;3
8335;244;237;139;land;false;forest;1
8336;187;132;246;land;false;desert;4
8337;167;171;174;land;false;forest;5
8338;219;218;84;land;false;hills;1
8339;195;200;157;land;false;plains;1
8340;161;195;164;land;false;forest;2
8341;115;246;183;land;false;desert;1
8342;118;241;176;land;false;marsh;4
8343;97;210;241;land;false;jungle;4
8344;222;243;40;land;false;plains;1
8345;135;166;220;land;true;forest;4
8346;238;54;231;land;false;hills;4
8347;154;158;193;land;false;forest;3
8348;205;188;251;land;false;forest;1
8349;146;181;189;land;false;forest;2
8350;190;236;124;land;false;jungle;4
8351;207;77;242;land;true;forest;4
8352;213;240;242;land;true;jungle;2
8353;252;152;240;land;false;forest;4
8354;202;181;228;land;false;plains;2
8355;196;205;141;land;false;jungle;2
8356;235;80;246;land;false;marsh;2
8357;183;167;193;land;false;mountain;5
8358;229;207;190;land;false;hills;1
8359;220;134;154;land;false;forest;4
8360;226;163;214;land;true;plains;2
8361;209;207;122;land;false;plains;1
8362;241;205;159;land;false;plains;1
8363;244;228;71;land;true;plains;3
8364;25;247;230;land;false;mountain;5
8365;216;186;177;land;true;forest;7
8366;254;222;179;land;false;hills;1
8367;111;226;196;land;true;forest;7
8368;198;226;112;land;false;plains;1
8369;241;165;244;land;false;forest;2
8370;252;236;94;land;false;hills;1
8371;160;230;253;land;false;plains;4
8372;153;218;130;land;false;marsh;2
8373;190;198;120;land;false;jungle;3
8374;234;245;23;land;false;plains;4
8375;191;204;156;land;false;hills;2
8376;196;167;158;land;false;forest;2
8377;142;206;236;land;false;mountain;3
8378;149;228;135;land;false;forest;2
8379;247;156;160;land;false;plains;2
8380;177;140;208;land;false;plains;1
8381;64;239;220;land;true;plains;2
8382;164;224;190;land;false;mountain;2
8383;143;153;231;land;true;plains;3
8384;246;73;253;land;false;hills;1
8385;112;210;203;land;false;mountain;3
8386;245;223;44;land;true;forest;4
8387;216;146;157;land;false;forest;1
8388;117;190;234;land;false;jungle;1
8389;230;111;187;land;false;desert;4
8390;145;209;147;land;false;forest;1
8391;242;168;202;land;true;jungle;4
8392;219;106;234;land;false;forest;3
8393;233;127;145;land;false;plains;2
8394;183;145;252;land;false;mountain;3
8395;242;93;185;land;false;hills;3
8396;193;212;97;land;false;plains;4
8397;88;238;234;land;false;plains;1
8398;223;169;229;land;false;plains;3
8399;132;224;166;land;false;forest;2
8400;249;221;198;land;false;forest;1
8401;213;232;130;land;false;hills;1
8402;203;164;196;land;false;forest;1
8403;188;250;105;land;true;forest;4
8404;196;247;152;land;false;mountain;5
8405;251;220;64;land;false;desert;2
8406;231;64;223;land;true;plains;3
8407;210;118;191;land;false;forest;3
8408;236;137;162;land;false;plains;2
8409;183;246;218;land;false;jungle;4
8410;141;200;177;land;false;hills;2
8411;171;183;251;land;false;marsh;4
8412;234;183;225;land;false;plains;2
8413;199;239;95;land;false;marsh;4
8414;155;244;197;land;false;forest;2
8415;235;53;228;land;false;plains;4
8416;179;238;208;land;false;forest;1
8417;111;163;250;land;false;jungle;4
8418;145;245;125;land;false;forest;1
8419;231;229;186;land;false;forest;1
8420;228;171;151;land;false;forest;1
8421;140;250;237;land;false;marsh;4
8422;99;248;227;land;true;marsh;4
8423;224;94;187;land;false;forest;3
8424;131;254;217;land;false;desert;1
8425;213;211;124;land;false;plains;2
8426;192;227;228;land;false;plains;1
8427;244;211;171;land;false;mountain;2
8428;220;209;124;land;false;mountain;2
8429;68;247;233;land;false;forest;3
8430;210;229;161;land;false;plains;2
8431;141;209;182;land;false;forest;1
8432;183;144;245;land;false;forest;1
8433;155;191;249;land;false;forest;1
8434;206;199;151;land;false;forest;3
8435;205;218;251;land;true;forest;4
8436;247;239;252;land;false;hills;1
8437;180;195;170;land;false;mountain;3
8438;150;250;231;land;false;hills;1
8439;232;243;127;land;false;hills;2
8440;243;136;240;land;true;plains;4
8441;221;223;98;land;false;plains;2
8442;181;101;250;land;false;plains;2
8443;244;251;86;land;false;plains;1
8444;163;145;244;land;false;marsh;4
8445;179;196;155;land;false;hills;3
8446;231;147;159;land;false;plains;3
8447;215;171;180;land;false;jungle;2
8448;136;232;238;land;false;plains;2
8449;141;214;184;land;true;plains;5
8450;126;251;128;land;false;plains;1
8451;229;238;143;land;false;forest;4
8452;181;237;246;land;false;hills;3
8453;246;176;211;land;true;forest;6
8454;192;211;194;land;false;plains;4
8455;204;199;111;land;true;forest;1
8456;231;216;215;land;true;plains;1
8457;71;247;245;land;false;marsh;2
8458;185;160;209;land;false;hills;5
8459;170;191;213;land;true;plains;2
8460;165;198;160;land;false;jungle;1
8461;140;253;175;land;false;forest;2
8462;209;249;160;land;true;forest;7
8463;204;240;162;land;false;marsh;4
8464;187;213;103;land;false;hills;1
8465;155;159;188;land;true;plains;6
8466;225;223;124;land;false;plains;4
8467;81;212;237;land;false;urban;3
8468;104;175;242;land;true;plains;6
8469;252;138;239;land;false;hills;1
8470;171;181;208;land;true;forest;4
8471;118;217;209;land;true;forest;7
8472;121;222;214;land;false;hills;5
8473;155;247;203;land;false;forest;2
8474;144;146;238;land;false;marsh;4
8475;249;76;178;land;false;plains;2
8476;200;253;253;land;false;jungle;1
8477;210;249;161;land;false;mountain;7
8478;244;42;238;land;false;hills;1
8479;208;144;222;land;false;jungle;4
8480;131;210;212;land;false;forest;7
8481;183;228;101;land;false;mountain;1
8482;173;194;134;land;false;jungle;4
8483;153;149;243;land;false;forest;1
8484;196;139;180;land;false;forest;2
8485;139;198;176;land;false;mountain;5
8486;250;216;170;land;false;forest;4
8487;186;191;230;land;false;marsh;3
8488;174;231;150;land;false;forest;2
8489;220;144;210;land;true;plains;2
8490;231;133;143;land;true;jungle;4
8491;169;188;184;land;false;marsh;2
8492;172;223;159;land;false;desert;2
8493;210;134;179;land;false;hills;3
8494;239;202;133;land;false;jungle;2
8495;184;231;141;land;false;plains;1
8496;194;135;176;land;false;plains;1
8497;157;222;190;land;true;forest;2
8498;241;127;220;land;false;desert;4
8499;194;178;183;land;false;plains;3
8500;195;120;211;land;false;desert;1
8501;240;146;156;land;false;desert;4
8502;117;207;192;land;false;forest;1
8503;248;141;118;land;false;plains;1
8504;243;78;184;land;true;plains;5
8505;64;204;250;land;false;forest;2
8506;212;205;160;land;false;forest;1
8507;128;183;242;land;false;forest;4
8508;187;198;207;land;true;plains;3
8509;230;129;206;land;true;plains;7
8510;65;252;252;land;true;forest;7
8511;162;192;237;land;false;forest;1
8512;152;181;232;land;false;forest;1
8513;162;141;210;land;false;forest;1
8514;243;191;136;land;false;hills;3
8515;179;238;149;land;false;plains;3
8516;212;226;65;land;false;forest;2
8517;217;110;224;land;false;mountain;3
8518;187;140;225;land;false;mountain;2
8519;156;162;210;land;false;plains;2
8520;15;247;252;land;true;forest;2
8521;245;234;230;land;true;forest;4
8522;191;203;168;land;false;forest;5
8523;200;131;171;land;false;mountain;5
8524;113;191;203;land;false;plains;1
8525;223;135;242;land;false;forest;3
8526;124;230;232;land;true;forest;3
8527;188;252;231;land;false;plains;1
8528;232;209;78;land;false;plains;5
8529;197;205;192;land;false;forest;2
8530;223;129;232;land;false;hills;3
8531;230;181;108;land;true;hills;3
8532;216;213;156;land;true;plains;3
8533;243;230;170;land;true;forest;1
8534;229;230;94;land;false;hills;1
8535;191;172;175;land;false;forest;2
8536;212;231;158;land;false;plains;2
8537;254;134;236;land;false;plains;2
8538;241;103;163;land;false;urban;3
8539;243;212;214;land;false;forest;1
8540;241;45;219;land;false;plains;1
8541;165;130;209;land;false;forest;3
8542;200;237;164;land;false;forest;2
8543;118;233;253;land;false;plains;2
8544;221;167;232;land;false;jungle;4
8545;239;159;189;land;true;plains;3
8546;233;233;57;land;false;jungle;1
8547;213;205;185;land;true;plains;7
8548;237;250;250;land;false;plains;6
8549;125;215;241;land;true;urban;4
8550;166;192;158;land;false;mountain;5
8551;231;226;220;land;false;desert;1
8552;247;128;226;land;false;hills;5
8553;252;241;169;land;false;desert;1
8554;181;237;197;land;false;forest;1
8555;250;245;72;land;false;plains;1
8556;157;109;239;land;false;marsh;4
8557;241;184;204;land;false;forest;4
8558;139;212;193;land;false;plains;4
8559;94;238;173;land;false;desert;1
8560;124;161;250;land;false;mountain;5
8561;173;205;140;land;true;plains;5
8562;193;245;80;land;false;jungle;2
8563;138;211;232;land;true;mountain;3
8564;45;208;249;land;false;hills;3
8565;254;226;250;land;false;hills;3
8566;120;194;194;land;false;desert;2
8567;172;134;237;land;false;hills;1
8568;204;198;106;land;false;forest;5
8569;144;184;179;land;false;forest;3
8570;214;82;224;land;false;marsh;2
8571;229;89;210;land;false;plains;2
8572;135;202;214;land;false;jungle;1
8573;238;146;199;land;true;forest;6
8574;250;129;159;land;false;desert;4
8575;232;217;80;land;true;forest;4
8576;203;179;141;land;false;hills;5
8577;236;87;208;land;false;desert;2
8578;91;210;245;land;false;mountain;5
8579;209;221;76;land;false;plains;6
8580;226;244;78;land;true;plains;6
8581;98;166;253;land;false;hills;5
8582;198;215;144;land;false;jungle;1
8583;252;126;239;land;true;jungle;4
8584;153;196;247;land;false;forest;4
8585;192;130;189;land;false;plains;3
8586;143;233;181;land;false;forest;1
8587;172;227;224;land;false;forest;1
8588;35;231;242;land;true;forest;7
8589;199;216;249;land;false;forest;1
8590;67;252;200;land;false;plains;2
8591;118;219;193;land;false;plains;3
8592;235;122;209;land;false;mountain;3
8593;158;194;227;land;false;mountain;7
8594;252;142;241;land;false;hills;1
8595;146;229;172;land;false;forest;1
8596;237;209;77;land;false;mountain;2
8597;123;160;241;land;false;plains;3
8598;174;171;190;land;false;plains;3
8599;151;143;241;land;false;forest;1
8600;230;65;217;land;false;mountain;2
8601;206;229;188;land;false;mountain;5
8602;253;39;253;land;false;desert;4
8603;239;141;148;land;false;marsh;2
8604;126;165;231;land;false;jungle;3
8605;132;235;203;land;false;jungle;1
8606;252;187;157;land;true;plains;1
8607;88;251;164;land;false;hills;2
8608;173;195;197;land;false;forest;4
8609;193;253;72;land;false;jungle;1
8610;240;187;96;land;false;plains;3
8611;91;245;177;land;false;plains;1
8612;207;243;127;land;true;plains;4
8613;241;187;243;land;false;hills;1
8614;228;231;76;land;false;forest;4
8615;191;239;93;land;false;plains;6
8616;250;91;179;land;false;jungle;1
8617;242;98;172;land;false;hills;5
8618;249;96;161;land;false;forest;1
8619;254;195;244;land;true;plains;4
8620;191;139;241;land;false;jungle;1
8621;240;180;154;land;false;plains;2
8622;218;189;117;land;false;hills;1
8623;244;254;91;land;false;plains;2
8624;185;211;177;land;false;forest;4
8625;225;177;198;land;false;hills;4
8626;231;149;227;land;false;forest;5
8627;163;221;152;land;false;mountain;1
8628;253;214;72;land;false;forest;3
8629;98;249;169;land;false;plains;1
8630;161;202;180;land;false;plains;4
8631;87;213;246;land;false;desert;1
8632;135;194;242;land;false;plains;1
8633;168;200;252;land;false;plains;1
8634;182;151;185;land;false;mountain;1
8635;205;166;250;land;false;hills;7
8636;222;202;110;land;false;hills;4
8637;204;244;213;land;false;desert;4
8638;192;245;211;land;true;plains;5
8639;158;149;232;land;true;forest;4
8640;117;230;203;land;false;hills;2
8641;248;131;199;land;false;forest;2
8642;173;152;233;land;false;plains;2
8643;203;201;229;land;false;marsh;4
8644;115;252;140;land;false;plains;2
8645;202;225;236;land;false;plains;1
8646;247;252;80;land;true;plains;1
8647;240;68;230;land;false;plains;1
8648;138;250;220;land;false;desert;1
8649;221;148;229;land;false;plains;6
8650;187;220;221;land;false;forest;4
8651;216;138;229;land;false;desert;2
8652;233;83;193;land;false;desert;4
8653;251;195;108;land;false;forest;2
8654;214;207;238;land;true;plains;4
8655;155;141;241;land;false;plains;1
8656;122;213;167;land;false;desert;1
8657;31;253;239;land;false;plains;1
8658;233;190;150;land;false;hills;1
8659;114;181;234;land;true;forest;3
8660;178;115;238;land;false;hills;1
8661;157;129;224;land;false;forest;2
8662;139;206;196;land;false;hills;2
8663;235;53;247;land;false;forest;1
8664;246;223;210;land;false;jungle;4
8665;203;144;211;land;false;desert;1
8666;250;229;225;land;false;forest;1
8667;206;220;249;land;false;plains;3
8668;199;153;250;land;false;hills;3
8669;251;177;228;land;true;forest;4
8670;246;168;181;land;false;forest;1
8671;165;147;253;land;false;marsh;4
8672;236;206;210;land;false;marsh;4
8673;136;197;208;land;false;plains;3
8674;107;216;239;land;false;forest;1
8675;202;94;237;land;false;plains;4
8676;135;140;251;land;false;plains;1
8677;62;222;223;land;false;mountain;4
8678;110;236;209;land;false;mountain;5
8679;196;205;145;land;false;marsh;4
8680;231;181;224;land;false;mountain;5
8681;149;159;249;land;false;marsh;4
8682;250;251;55;land;false;forest;1
8683;170;159;199;land;false;plains;4
8684;250;139;201;land;false;jungle;4
8685;190;220;170;land;false;hills;5
8686;194;225;166;land;false;plains;2
8687;215;125;238;land;false;forest;4
8688;101;170;245;land;false;hills;1
8689;195;209;157;land;false;forest;3
8690;210;206;221;land;false;jungle;3
8691;207;222;149;land;false;jungle;1
8692;238;234;254;land;true;plains;3
8693;191;139;191;land;false;forest;2
8694;165;175;197;land;true;plains;2
8695;222;77;237;land;false;jungle;4
8696;218;176;126;land;true;jungle;7
8697;249;155;208;land;false;forest;2
8698;214;115;232;land;false;marsh;1
8699;89;228;191;land;false;mountain;4
8700;186;185;169;land;false;desert;1
8701;239;237;147;land;false;hills;4
8702;164;217;143;land;false;hills;1
8703;217;209;119;land;false;marsh;4
8704;134;243;148;land;false;marsh;4
8705;192;206;162;land;false;hills;2
8706;226;127;152;land;false;plains;2
8707;192;167;195;land;false;mountain;1
8708;252;192;85;land;true;forest;4
8709;246;132;150;land;false;forest;1
8710;241;153;108;land;false;forest;3
8711;222;119;165;land;false;plains;3
8712;240;70;225;land;false;plains;1
8713;179;253;122;land;false;hills;4
8714;147;232;177;land;false;marsh;4
8715;182;221;239;land;false;forest;2
8716;231;54;227;land;false;forest;2
8717;246;251;119;land;false;jungle;2
8718;144;189;228;land;false;hills;1
8719;222;187;218;land;false;mountain;3
8720;173;120;233;land;false;forest;1
8721;249;182;130;land;false;hills;1
8722;239;193;217;land;false;plains;3
8723;251;183;98;land;false;mountain;2
8724;243;183;251;land;false;hills;1
8725;239;195;79;land;false;plains;1
8726;137;207;207;land;false;plains;2
8727;250;192;234;land;false;plains;4
8728;172;221;217;land;true;plains;4
8729;177;79;245;land;false;hills;1
8730;249;126;231;land;false;forest;3
8731;164;252;252;land;false;mountain;3
8732;147;175;201;land;false;plains;2
8733;158;240;170;land;false;hills;4
8734;200;244;220;land;false;desert;1
8735;221;113;177;land;false;mountain;4
8736;250;243;127;land;false;desert;1
8737;215;120;202;land;false;jungle;1
8738;163;148;248;land;false;forest;1
8739;241;102;200;land;true;plains;5
8740;147;188;217;land;true;forest;2
8741;223;175;189;land;false;plains;2
8742;242;251;48;land;false;mountain;1
8743;254;70;234;land;false;forest;1
8744;161;248;136;land;true;hills;3
8745;98;211;218;land;false;plains;1
8746;152;249;102;land;false;mountain;5
8747;46;238;218;land;false;forest;1
8748;132;158;216;land;false;plains;1
8749;228;198;92;land;false;forest;4
8750;208;190;137;land;true;plains;3
8751;212;207;134;land;false;hills;3
8752;240;195;154;land;false;jungle;3
8753;149;228;146;land;false;forest;7
8754;213;74;237;land;false;forest;2
8755;80;226;249;land;false;plains;1
8756;251;147;138;land;true;forest;3
8757;220;122;232;land;false;forest;5
8758;175;226;132;land;true;plains;6
8759;150;192;163;land;false;forest;3
8760;211;173;165;land;false;plains;1
8761;126;189;241;land;false;marsh;2
8762;140;166;250;land;false;hills;3
8763;77;181;246;land;false;mountain;1
8764;218;135;171;land;false;forest;1
8765;226;135;167;land;false;forest;2
8766;253;187;101;land;true;plains;5
8767;173;203;217;land;false;forest;2
8768;220;238;210;land;false;plains;2
8769;249;208;119;land;false;forest;5
8770;113;188;253;land;false;forest;1
8771;243;243;123;land;false;plains;5
8772;223;233;138;land;false;plains;3
8773;136;186;229;land;true;forest;4
8774;234;148;249;land;false;jungle;4
8775;223;182;252;land;false;plains;2
8776;250;139;172;land;false;desert;1
8777;216;155;149;land;false;mountain;5
8778;204;249;214;land;true;forest;4
8779;212;202;205;land;true;plains;2
8780;214;166;163;land;true;plains;2
8781;232;130;142;land;false;forest;4
8782;223;145;201;land;false;mountain;5
8783;247;195;141;land;true;jungle;4
8784;238;239;154;land;false;forest;1
8785;121;230;223;land;true;plains;2
8786;161;235;188;land;true;plains;4
8787;249;220;245;land;false;jungle;3
8788;213;138;179;land;true;forest;1
8789;206;164;196;land;false;plains;4
8790;209;212;135;land;false;forest;2
8791;126;184;238;land;false;mountain;3
8792;246;206;50;land;false;forest;1
8793;244;110;166;land;true;plains;1
8794;210;143;178;land;false;plains;3
8795;84;240;183;land;true;plains;2
8796;207;205;212;land;false;forest;3
8797;236;193;219;land;false;marsh;4
8798;217;246;125;land;false;marsh;4
8799;200;133;247;land;false;plains;4
8800;250;122;233;land;true;plains;6
8801;220;121;218;land;false;desert;4
8802;165;225;112;land;false;forest;1
8803;204;188;247;land;false;forest;4
8804;154;235;115;land;false;mountain;7
8805;208;217;194;land;true;marsh;4
8806;207;132;190;land;true;plains;2
8807;206;88;233;land;true;forest;4
8808;181;151;219;land;false;forest;1
8809;216;204;118;land;false;forest;2
8810;164;215;233;land;false;plains;1
8811;168;233;105;land;false;forest;1
8812;145;242;225;land;false;mountain;1
8813;249;101;226;land;false;hills;2
8814;180;253;216;land;true;forest;3
8815;246;201;199;land;false;forest;3
8816;205;171;171;land;false;mountain;4
8817;162;248;167;land;false;hills;4
8818;243;242;23;land;false;forest;4
8819;171;172;187;land;true;forest;5
8820;93;249;164;land;false;hills;2
8821;223;241;158;land;false;mountain;1
8822;254;212;203;land;false;plains;2
8823;215;86;249;land;false;forest;4
8824;155;238;145;land;false;desert;2
8825;93;246;227;land;true;plains;2
8826;140;233;197;land;false;desert;2
8827;135;227;209;land;false;jungle;2
8828;250;147;254;land;false;forest;1
8829;109;227;252;land;false;hills;2
8830;207;223;250;land;false;plains;3
8831;235;219;177;land;false;plains;3
8832;113;148;243;land;false;plains;4
8833;208;246;67;land;false;plains;3
8834;235;45;251;land;false;plains;1
8835;237;103;249;land;false;forest;3
8836;249;85;203;land;false;plains;3
8837;197;133;241;land;false;jungle;4
8838;77;252;187;land;false;hills;5
8839;204;225;194;land;false;forest;1
8840;119;175;251;land;true;mountain;3
8841;229;159;186;land;false;forest;4
8842;238;120;173;land;false;plains;2
8843;240;245;17;land;false;forest;3
8844;229;171;129;land;false;forest;4
8845;160;228;236;land;false;plains;4
8846;160;165;228;land;false;jungle;3
8847;172;186;212;land;false;marsh;1
8848;184;239;243;land;false;mountain;3
8849;215;165;137;land;false;forest;1
8850;204;221;109;land;false;jungle;3
8851;209;99;233;land;false;forest;2
8852;218;155;194;land;true;forest;4
8853;152;246;107;land;false;plains;1
8854;243;205;217;land;true;forest;3
8855;220;44;246;land;true;plains;2
8856;128;162;243;land;false;mountain;1
8857;177;91;250;land;false;hills;5
8858;235;242;135;land;false;desert;4
8859;244;162;237;land;false;mountain;4
8860;253;242;107;land;false;jungle;2
8861;223;174;176;land;false;forest;4
8862;188;196;198;land;false;forest;1
8863;145;229;219;land;false;jungle;2
8864;99;221;222;land;false;forest;3
8865;244;147;232;land;true;plains;6
8866;126;231;230;land;false;hills;2
8867;108;205;217;land;false;jungle;1
8868;211;140;220;land;false;forest;1
8869;173;182;253;land;false;forest;2
8870;249;144;134;land;false;hills;3
8871;217;245;180;land;false;forest;2
8872;231;144;250;land;true;forest;4
8873;212;216;140;land;false;desert;1
8874;238;234;190;land;true;plains;1
8875;131;201;194;land;false;marsh;2
8876;27;242;238;land;false;jungle;3
8877;196;184;204;land;false;hills;2
8878;228;140;213;land;false;hills;5
8879;243;68;245;land;false;mountain;2
8880;165;225;232;land;false;plains;4
8881;236;137;197;land;false;plains;2
8882;247;150;209;land;false;mountain;5
8883;232;252;133;land;false;hills;1
8884;246;248;233;land;false;desert;1
8885;152;215;166;land;true;hills;1
8886;237;201;89;land;false;mountain;3
8887;118;218;167;land;false;mountain;1
8888;140;232;212;land;false;hills;5
8889;161;220;148;land;false;hills;3
8890;199;209;245;land;false;desert;4
8891;204;173;141;land;true;forest;1
8892;184;250;187;land;false;jungle;4
8893;179;223;197;land;false;forest;1
8894;178;131;206;land;false;plains;3
8895;156;202;233;land;false;forest;1
8896;56;202;246;land;true;forest;3
8897;103;217;184;land;false;jungle;1
8898;205;202;226;land;false;mountain;3
8899;216;110;215;land;true;plains;1
8900;212;104;192;land;false;marsh;4
8901;75;229;246;land;false;hills;1
8902;236;115;224;land;true;forest;3
8903;123;159;235;land;false;forest;2
8904;225;118;202;land;false;forest;3
8905;254;214;93;land;false;mountain;5
8906;246;119;243;land;false;forest;1
8907;247;190;80;land;true;plains;2
8908;209;220;154;land;false;mountain;3
8909;113;223;222;land;false;hills;3
8910;111;252;243;land;false;hills;1
8911;186;92;254;land;false;plains;1
8912;182;189;145;land;true;forest;6
8913;160;245;181;land;false;plains;2
8914;167;229;123;land;false;mountain;3
8915;163;193;170;land;false;plains;1
8916;252;121;253;land;false;hills;4
8917;241;113;182;land;false;hills;2
8918;64;220;242;land;false;forest;1
8919;180;207;176;land;false;mountain;5
8920;205;114;202;land;false;desert;1
8921;206;183;197;land;false;mountain;1
8922;247;219;117;land;false;hills;3
8923;186;234;200;land;false;hills;1
8924;101;192;232;land;false;plains;3
8925;249;46;225;land;false;plains;3
8926;216;83;207;land;false;plains;1
8927;121;204;221;land;true;forest;1
8928;166;111;231;land;true;mountain;3
8929;200;76;243;land;true;forest;4
8930;202;117;245;land;false;forest;1
8931;210;212;113;land;false;marsh;4
8932;249;87;186;land;false;forest;3
8933;210;191;194;land;false;forest;3
8934;231;252;172;land;false;desert;1
8935;253;46;247;land;false;hills;1
8936;137;172;223;land;false;plains;2
8937;235;158;142;land;true;plains;3
8938;238;123;244;land;false;jungle;4
8939;188;137;221;land;false;plains;2
8940;45;230;252;land;true;forest;1
8941;225;178;235;land;false;hills;1
8942;180;168;163;land;false;plains;4
8943;190;220;207;land;false;mountain;2
8944;189;143;189;land;false;plains;1
8945;167;171;190;land;true;plains;5
8946;219;86;234;land;false;plains;4
8947;248;149;162;land;false;mountain;3
8948;239;200;87;land;false;hills;1
8949;195;115;212;land;true;plains;4
8950;218;184;150;land;false;plains;6
8951;146;230;217;land;true;forest;3
8952;66;252;213;land;false;hills;4
8953;220;202;100;land;false;plains;2
8954;198;174;150;land;false;desert;1
8955;235;213;58;land;true;plains;1
8956;206;242;105;land;false;jungle;1
8957;211;241;235;land;false;mountain;5
8958;178;121;224;land;true;hills;3
8959;244;217;150;land;false;marsh;4
8960;127;226;189;land;false;hills;5
8961;187;209;125;land;false;desert;4
8962;181;248;142;land;false;marsh;4
8963;181;89;242;land;false;forest;1
8964;243;82;236;land;false;forest;1
8965;87;250;165;land;false;plains;3
8966;180;188;245;land;false;forest;4
8967;202;240;151;land;false;forest;2
8968;230;164;243;land;true;plains;3
8969;181;204;201;land;false;hills;4
8970;132;199;207;land;false;forest;2
8971;221;132;167;land;false;forest;3
8972;233;208;149;land;false;jungle;2
8973;193;185;232;land;false;hills;3
8974;248;87;248;land;false;marsh;4
8975;77;223;228;land;true;mountain;3
8976;234;230;61;land;true;plains;1
8977;234;221;74;land;false;forest;2
8978;117;147;243;land;false;jungle;4
8979;249;176;107;land;false;plains;6
8980;232;198;226;land;false;forest;2
8981;183;147;251;land;false;forest;4
8982;181;245;75;land;false;hills;4
8983;114;195;212;land;false;desert;1
8984;217;106;235;land;false;forest;1
8985;249;146;176;land;false;plains;3
8986;156;177;211;land;true;plains;3
8987;251;117;158;land;false;marsh;1
8988;129;179;237;land;false;desert;1
8989;166;195;227;land;false;jungle;1
8990;175;247;139;land;true;plains;3
8991;192;180;178;land;false;desert;1
8992;234;167;244;land;false;plains;3
8993;153;236;117;land;false;hills;1
8994;62;215;228;land;false;forest;3
8995;254;140;229;land;false;forest;1
8996;185;221;172;land;true;forest;3
8997;229;247;70;land;false;jungle;4
8998;113;201;237;land;false;hills;1
8999;214;208;205;land;false;desert;4
9000;250;136;232;land;true;plains;4
9001;163;147;214;land;false;plains;1
9002;178;252;84;land;true;hills;1
9003;65;241;222;land;false;forest;4
9004;126;252;190;land;false;marsh;4
9005;169;198;232;land;false;plains;3
9006;62;237;205;land;false;plains;3
9007;233;122;173;land;false;mountain;2
9008;194;196;160;land;true;plains;3
9009;194;205;185;land;false;forest;2
9010;236;249;231;land;false;jungle;2
9011;217;223;90;land;false;forest;1
9012;203;239;95;land;false;forest;1
9013;196;130;205;land;false;hills;3
9014;173;234;227;land;true;plains;7
9015;163;194;214;land;false;forest;4
9016;163;229;218;land;true;mountain;3
9017;170;190;245;land;false;jungle;1
9018;243;195;220;land;false;hills;5
9019;85;192;229;land;true;plains;6
9020;163;214;171;land;false;forest;1
9021;253;195;249;land;false;forest;4
9022;161;182;213;land;false;forest;3
9023;188;193;132;land;true;jungle;4
9024;210;231;216;land;true;forest;4
9025;139;216;175;land;false;forest;1
9026;167;213;200;land;true;forest;3
9027;137;205;235;land;false;plains;1
9028;182;247;219;land;false;hills;5
9029;253;166;219;land;false;marsh;7
9030;241;74;200;land;false;forest;1
9031;172;154;200;land;false;forest;3
9032;216;237;99;land;false;plains;1
9033;203;172;148;land;true;forest;4
9034;253;161;155;land;false;mountain;5
9035;166;207;190;land;true;hills;5
9036;229;222;104;land;false;plains;2
9037;210;249;77;land;false;forest;1
9038;226;177;101;land;false;jungle;4
9039;89;247;191;land;false;jungle;4
9040;136;251;250;land;false;forest;3
9041;213;196;220;land;false;forest;5
9042;235;19;247;land;false;desert;1
9043;238;178;101;land;true;forest;1
9044;245;166;253;land;false;marsh;3
9045;229;81;222;land;false;plains;3
9046;90;206;248;land;true;plains;6
9047;166;239;208;land;true;plains;4
9048;86;242;222;land;true;forest;4
9049;206;235;173;land;false;forest;2
9050;202;142;210;land;false;plains;4
9051;150;233;182;land;false;forest;4
9052;210;130;183;land;true;forest;1
9053;203;118;190;land;false;forest;1
9054;214;203;99;land;false;marsh;4
9055;225;239;111;land;true;hills;3
9056;230;198;90;land;false;hills;1
9057;245;108;148;land;false;forest;5
9058;123;222;215;land;false;hills;5
9059;242;213;168;land;false;plains;4
9060;199;123;237;land;false;hills;3
9061;153;240;250;land;false;forest;5
9062;228;198;141;land;false;plains;1
9063;153;218;177;land;false;plains;1
9064;203;113;236;land;true;hills;5
9065;126;237;246;land;false;forest;1
9066;123;194;196;land;false;mountain;1
9067;251;104;208;land;false;plains;6
9068;193;145;182;land;false;marsh;4
9069;236;227;164;land;false;forest;2
9070;236;126;242;land;false;forest;1
9071;201;232;216;land;false;forest;3
9072;197;229;155;land;false;forest;2
9073;238;235;169;land;false;plains;2
9074;194;201;191;land;false;plains;1
9075;224;132;202;land;true;jungle;4
9076;17;244;248;land;true;plains;5
9077;189;219;150;land;false;plains;1
9078;234;170;173;land;false;plains;2
9079;129;242;229;land;false;plains;4
9080;238;252;252;land;true;jungle;4
9081;167;220;165;land;false;plains;1
9082;231;133;165;land;false;jungle;3
9083;212;141;191;land;false;forest;1
9084;131;242;128;land;false;plains;4
9085;124;221;181;land;false;forest;1
9086;219;227;72;land;false;jungle;4
9087;230;215;169;land;false;mountain;3
9088;218;144;252;land;false;forest;1
9089;254;107;242;land;false;marsh;4
9090;107;227;225;land;false;mountain;7
9091;253;218;193;land;false;desert;2
9092;225;254;170;land;false;hills;1
9093;240;98;230;land;false;forest;3
9094;191;109;205;land;false;plains;2
9095;206;230;176;land;false;plains;1
9096;159;202;204;land;false;desert;1
9097;165;164;234;land;false;forest;1
9098;244;229;236;land;false;hills;1
9099;25;254;244;land;false;forest;1
9100;223;245;186;land;true;plains;3
9101;116;252;214;land;false;urban;1
9102;157;202;170;land;false;mountain;5
9103;250;231;120;land;true;plains;5
9104;158;204;208;land;false;plains;5
9105;206;180;169;land;false;hills;5
9106;243;236;147;land;false;plains;2
9107;243;175;184;land;false;forest;1
9108;175;151;213;land;false;hills;3
9109;169;205;177;land;true;forest;4
9110;178;94;230;land;false;plains;1
9111;233;222;121;land;true;forest;4
9112;236;208;151;land;false;forest;1
9113;209;253;173;land;false;plains;1
9114;152;153;252;land;false;desert;1
9115;141;153;243;land;false;desert;4
9116;205;191;121;land;true;plains;3
9117;214;108;185;land;true;forest;4
9118;137;143;245;land;false;mountain;5
9119;245;191;115;land;true;plains;3
9120;166;224;157;land;false;desert;1
9121;231;218;211;land;true;forest;4
9122;246;210;128;land;false;plains;1
9123;159;101;254;land;false;plains;3
9124;240;156;246;land;true;plains;5
9125;97;244;195;land;false;plains;2
9126;193;229;210;land;false;hills;2
9127;246;189;206;land;false;forest;1
9128;241;184;120;land;false;jungle;2
9129;237;252;202;land;false;plains;1
9130;86;252;181;land;false;forest;1
9131;172;202;182;land;false;plains;1
9132;147;221;160;land;false;plains;1
9133;130;215;161;land;false;forest;3
9134;184;132;228;land;false;hills;2
9135;233;204;122;land;true;plains;5
9136;182;174;153;land;true;plains;2
9137;116;233;198;land;false;plains;4
9138;248;178;176;land;true;forest;4
9139;184;225;145;land;true;forest;4
9140;221;227;55;land;false;plains;4
9141;110;248;232;land;false;plains;1
9142;245;212;94;land;false;plains;4
9143;138;131;249;land;false;forest;5
9144;254;233;134;land;true;forest;4
9145;250;249;99;land;false;plains;3
9146;149;195;182;land;false;forest;1
9147;229;206;85;land;false;hills;1
9148;209;219;97;land;false;desert;1
9149;171;251;217;land;false;mountain;3
9150;243;189;187;land;false;plains;4
9151;245;239;134;land;false;mountain;5
9152;153;225;160;land;true;forest;4
9153;239;249;166;land;false;forest;4
9154;251;242;89;land;false;desert;4
9155;249;192;159;land;false;plains;1
9156;206;187;219;land;false;plains;1
9157;241;154;236;land;false;marsh;3
9158;44;251;244;land;false;hills;2
9159;205;91;247;land;true;plains;2
9160;162;203;235;land;false;forest;1
9161;220;50;233;land;false;marsh;4
9162;222;130;205;land;true;plains;5
9163;214;147;171;land;false;forest;1
9164;164;191;147;land;false;plains;1
9165;190;99;219;land;false;mountain;5
9166;230;200;179;land;false;plains;4
9167;178;157;235;land;false;plains;1
9168;101;237;196;land;false;mountain;5
9169;82;247;248;land;false;plains;1
9170;182;66;253;land;false;mountain;2
9171;225;130;241;land;false;desert;1
9172;83;246;234;land;false;hills;4
9173;77;243;238;land;true;plains;7
9174;83;229;190;land;false;forest;1
9175;211;215;147;land;false;marsh;4
9176;203;185;171;land;false;plains;1
9177;173;197;206;land;false;desert;1
9178;203;132;182;land;false;jungle;2
9179;129;204;225;land;false;forest;1
9180;113;225;194;land;false;plains;3
9181;154;253;180;land;false;hills;1
9182;243;220;93;land;false;plains;2
9183;181;233;100;land;true;plains;5
9184;103;236;192;land;false;forest;4
9185;99;250;189;land;false;hills;1
9186;91;241;201;land;false;plains;1
9187;248;161;176;land;false;hills;1
9188;149;196;209;land;false;mountain;4
9189;66;224;251;land;false;plains;3
9190;133;237;221;land;false;forest;2
9191;215;104;233;land;true;plains;3
9192;212;244;45;land;false;forest;3
9193;122;171;235;land;false;hills;4
9194;245;174;142;land;false;desert;4
9195;179;247;199;land;false;forest;2
9196;226;162;208;land;false;hills;2
9197;186;200;124;land;false;plains;2
9198;145;243;127;land;true;forest;3
9199;232;187;166;land;false;mountain;1
9200;161;122;234;land;false;forest;1
9201;214;218;177;land;false;plains;6
9202;197;141;205;land;false;forest;1
9203;226;179;234;land;false;jungle;2
9204;81;214;247;land;true;plains;2
9205;245;216;105;land;true;plains;7
9206;250;200;227;land;false;mountain;7
9207;204;251;212;land;false;plains;3
9208;166;243;218;land;true;plains;2
9209;162;139;254;land;false;forest;1
9210;162;243;227;land;false;plains;2
9211;91;214;218;land;false;forest;2
9212;84;254;246;land;false;forest;2
9213;190;235;82;land;false;forest;3
9214;248;153;238;land;true;plains;4
9215;221;248;201;land;false;hills;1
9216;201;183;221;land;false;plains;2
9217;188;232;238;land;false;forest;1
9218;254;191;176;land;false;plains;2
9219;212;154;218;land;false;forest;1
9220;237;144;234;land;false;jungle;2
9221;106;224;194;land;true;forest;7
9222;128;229;215;land;false;jungle;2
9223;254;198;79;land;false;jungle;3
9224;247;229;238;land;false;plains;3
9225;146;136;236;land;false;marsh;4
9226;217;160;139;land;false;mountain;4
9227;252;85;181;land;false;desert;4
9228;70;247;193;land;true;plains;7
9229;143;177;199;land;true;forest;2
9230;246;229;183;land;true;forest;1
9231;196;187;143;land;true;plains;4
9232;173;162;214;land;false;marsh;4
9233;155;193;202;land;false;plains;1
9234;86;240;195;land;false;plains;1
9235;42;235;236;land;false;hills;3
9236;237;216;115;land;false;forest;3
9237;190;223;215;land;false;forest;1
9238;223;153;158;land;true;forest;4
9239;139;172;215;land;false;hills;4
9240;221;89;200;land;false;plains;1
9241;190;107;245;land;false;forest;7
9242;182;204;149;land;false;plains;2
9243;233;244;149;land;false;mountain;5
9244;202;114;230;land;false;hills;1
9245;137;220;153;land;false;marsh;4
9246;212;224;241;land;true;forest;4
9247;146;242;239;land;false;marsh;4
9248;246;165;119;land;false;forest;1
9249;198;161;194;land;false;forest;3
9250;124;231;219;land;true;plains;1
9251;222;183;199;land;true;forest;4
9252;252;64;206;land;false;forest;2
9253;186;248;101;land;true;plains;5
9254;223;236;168;land;false;desert;1
9255;226;244;89;land;true;forest;4
9256;241;254;205;land;true;plains;3
9257;133;220;161;land;false;forest;3
9258;224;231;62;land;true;plains;5
9259;188;116;244;land;true;plains;4
9260;125;238;171;land;true;hills;5
9261;217;114;197;land;false;jungle;4
9262;143;235;248;land;true;plains;2
9263;243;221;175;land;false;plains;6
9264;86;212;203;land;false;plains;1
9265;216;103;220;land;false;hills;5
9266;86;200;244;land;false;jungle;4
9267;231;166;113;land;false;plains;2
9268;214;132;249;land;false;marsh;1
9269;220;161;223;land;false;forest;1
9270;227;122;159;land;true;plains;1
9271;205;105;244;land;false;forest;1
9272;186;217;183;land;false;desert;4
9273;250;129;145;land;true;plains;1
9274;121;169;236;land;true;plains;4
9275;233;242;220;land;false;plains;1
9276;230;135;203;land;false;hills;1
9277;154;222;243;land;true;forest;4
9278;125;235;207;land;false;plains;4
9279;155;208;222;land;false;jungle;3
9280;241;241;161;land;false;plains;4
9281;233;213;201;land;false;mountain;5
9282;134;246;184;land;false;desert;2
9283;108;239;159;land;false;plains;1
9284;210;210;129;land;false;forest;4
9285;215;111;229;land;false;plains;3
9286;214;188;145;land;true;plains;6
9287;196;253;163;land;false;plains;2
9288;248;179;199;land;false;forest;2
9289;105;201;221;land;true;hills;3
9290;189;246;184;land;false;mountain;2
9291;220;248;243;land;true;forest;4
9292;246;229;48;land;false;forest;3
9293;243;219;247;land;false;marsh;4
9294;232;121;202;land;false;jungle;3
9295;96;201;243;land;false;desert;1
9296;206;167;202;land;true;plains;1
9297;172;136;210;land;false;mountain;4
9298;212;166;128;land;false;forest;2
9299;159;245;148;land;true;forest;2
9300;200;147;208;land;false;hills;1
9301;253;65;188;land;true;plains;6
9302;236;206;216;land;false;plains;1
9303;252;67;212;land;false;jungle;2
9304;158;238;233;land;false;hills;2
9305;113;196;197;land;false;plains;1
9306;250;150;101;land;false;desert;4
9307;224;94;231;land;false;plains;1
9308;223;152;219;land;true;plains;7
9309;57;214;233;land;true;plains;5
9310;137;196;179;land;false;marsh;1
9311;228;102;174;land;false;forest;2
9312;189;93;244;land;true;forest;2
9313;171;215;240;land;false;plains;1
9314;174;131;209;land;false;mountain;5
9315;222;193;144;land;false;jungle;1
9316;185;227;185;land;false;forest;4
9317;187;215;170;land;true;forest;1
9318;180;123;237;land;true;forest;4
9319;234;192;171;land;true;forest;4
9320;195;169;207;land;false;plains;1
9321;179;173;239;land;false;plains;1
9322;188;109;222;land;false;forest;1
9323;65;246;233;land;false;desert;4
9324;165;146;239;land;false;desert;1
9325;152;249;106;land;false;plains;1
9326;217;92;238;land;false;plains;3
9327;246;237;65;land;false;plains;2
9328;87;233;199;land;false;mountain;2
9329;246;171;187;land;false;plains;1
9330;247;218;123;land;false;hills;1
9331;214;203;121;land;true;forest;1
9332;249;172;85;land;false;forest;2
9333;235;233;180;land;false;plains;2
9334;205;228;177;land;false;jungle;2
9335;214;182;220;land;false;forest;1
9336;211;194;193;land;false;desert;1
9337;156;193;158;land;true;plains;6
9338;252;189;211;land;false;forest;3
9339;254;175;99;land;true;forest;2
9340;199;237;177;land;true;forest;3
9341;249;224;96;land;false;forest;3
9342;200;248;231;land;false;forest;4
9343;239;240;48;land;true;forest;4
9344;116;196;249;land;false;forest;1
9345;233;219;197;land;true;plains;4
9346;116;184;245;land;false;hills;5
9347;129;241;165;land;true;plains;2
9348;210;242;60;land;false;desert;1
9349;226;235;171;land;false;forest;3
9350;107;194;238;land;false;mountain;1
9351;210;148;204;land;false;forest;2
9352;225;134;142;land;false;forest;2
9353;251;172;180;land;false;plains;1
9354;229;213;115;land;true;plains;4
9355;175;244;174;land;true;forest;4
9356;238;247;197;land;false;plains;1
9357;72;243;192;land;true;plains;6
9358;231;237;99;land;false;forest;3
9359;197;186;157;land;false;mountain;3
9360;211;195;250;land;false;plains;1
9361;93;177;245;land;false;urban;1
9362;54;237;247;land;true;plains;1
9363;238;193;165;land;false;forest;1
9364;237;195;98;land;false;mountain;3
9365;157;229;247;land;false;mountain;5
9366;125;245;136;land;false;hills;3
9367;132;181;214;land;false;forest;4
9368;181;181;205;land;true;forest;1
9369;154;177;211;land;false;forest;2
9370;222;234;56;land;false;mountain;5
9371;134;191;218;land;false;mountain;5
9372;180;219;173;land;false;plains;2
9373;175;215;127;land;false;mountain;5
9374;236;184;253;land;false;jungle;2
9375;176;238;222;land;true;plains;1
9376;227;219;174;land;false;forest;1
9377;168;199;207;land;false;jungle;1
9378;105;185;211;land;false;plains;3
9379;193;148;181;land;true;plains;5
9380;221;129;241;land;true;forest;4
9381;219;234;207;land;false;jungle;3
9382;246;24;237;land;false;plains;3
9383;254;82;181;land;false;jungle;4
9384;233;244;79;land;false;plains;1
9385;204;132;206;land;true;forest;2
9386;200;157;187;land;true;plains;4
9387;208;245;98;land;false;forest;2
9388;224;204;223;land;true;plains;1
9389;224;96;249;land;true;plains;3
9390;165;251;165;land;false;forest;2
9391;164;200;169;land;true;plains;3
9392;127;206;245;land;false;hills;1
9393;221;189;128;land;false;mountain;5
9394;241;156;170;land;false;plains;3
9395;161;210;210;land;false;plains;4
9396;213;114;217;land;false;mountain;3
9397;229;130;187;land;false;forest;2
9398;242;116;147;land;false;mountain;5
9399;208;96;250;land;false;forest;1
9400;174;224;159;land;false;forest;3
9401;223;214;180;land;true;plains;6
9402;183;216;161;land;false;forest;1
9403;131;213;167;land;false;hills;4
9404;244;199;187;land;false;forest;4
9405;165;178;188;land;false;forest;3
9406;127;254;237;land;false;plains;2
9407;239;175;226;land;true;forest;4
9408;186;192;231;land;true;plains;7
9409;168;181;174;land;true;forest;5
9410;215;160;234;land;false;plains;2
9411;186;203;234;land;false;hills;1
9412;226;238;84;land;false;mountain;5
9413;249;75;248;land;false;jungle;2
9414;187;171;217;land;true;plains;6
9415;171;170;176;land;false;plains;1
9416;241;244;99;land;false;desert;1
9417;148;241;121;land;true;forest;4
9418;227;209;159;land;false;plains;1
9419;226;203;216;land;false;plains;3
9420;245;113;193;land;false;plains;4
9421;244;154;154;land;false;mountain;2
9422;189;174;212;land;true;plains;3
9423;70;229;235;land;true;plains;5
9424;199;101;217;land;true;forest;4
9425;195;253;174;land;false;hills;1
9426;225;148;163;land;false;mountain;5
9427;147;250;220;land;false;forest;5
9428;252;186;98;land;true;plains;7
9429;202;197;134;land;false;plains;1
9430;222;204;100;land;true;plains;6
9431;192;207;233;land;false;hills;1
9432;140;240;159;land;false;desert;2
9433;250;35;245;land;false;jungle;3
9434;145;160;236;land;true;plains;1
9435;143;234;220;land;false;forest;5
9436;166;128;232;land;false;forest;2
9437;196;144;229;land;false;desert;4
9438;245;29;241;land;false;plains;1
9439;181;229;116;land;false;plains;2
9440;163;125;224;land;true;forest;2
9441;144;173;230;land;false;forest;2
9442;138;139;248;land;true;plains;7
9443;95;195;230;land;false;plains;4
9444;129;222;189;land;false;hills;5
9445;174;225;164;land;true;forest;4
9446;188;254;145;land;false;mountain;7
9447;162;198;239;land;false;forest;3
9448;163;184;218;land;false;forest;1
9449;175;237;113;land;false;desert;4
9450;227;101;227;land;false;forest;2
9451;234;222;185;land;false;plains;1
9452;254;214;227;land;false;jungle;3
9453;247;118;224;land;false;plains;4
9454;250;249;188;land;false;hills;5
9455;222;252;121;land;false;hills;2
9456;251;200;214;land;false;mountain;5
9457;188;186;158;land;false;plains;4
9458;231;92;202;land;false;jungle;4
9459;237;152;153;land;false;jungle;1
9460;250;165;197;land;false;marsh;1
9461;179;120;216;land;false;mountain;5
9462;234;251;181;land;true;jungle;1
9463;219;248;239;land;false;hills;4
9464;177;149;193;land;false;desert;4
9465;209;160;176;land;false;desert;1
9466;223;148;138;land;true;forest;1
9467;174;206;229;land;false;plains;1
9468;238;225;58;land;true;forest;4
9469;178;152;250;land;true;plains;4
9470;190;153;190;land;false;plains;3
9471;167;247;162;land;false;forest;3
9472;159;168;222;land;false;plains;1
9473;144;241;172;land;false;plains;6
9474;234;243;56;land;false;forest;1
9475;184;213;235;land;false;plains;1
9476;99;167;246;land;false;jungle;1
9477;71;254;186;land;false;marsh;4
9478;160;243;104;land;true;forest;1
9479;160;251;230;land;false;plains;1
9480;3;254;252;land;false;forest;1
9481;155;209;158;land;false;plains;3
9482;131;202;183;land;false;hills;4
9483;105;241;229;land;false;marsh;4
9484;201;228;107;land;false;plains;4
9485;212;116;247;land;true;plains;3
9486;79;216;230;land;false;mountain;2
9487;224;48;233;land;true;forest;1
9488;251;156;246;land;false;desert;1
9489;163;145;222;land;false;mountain;2
9490;242;184;251;land;false;plains;2
9491;149;230;173;land;false;plains;1
9492;200;143;211;land;false;forest;3
9493;181;210;140;land;false;forest;2
9494;181;185;202;land;true;plains;3
9495;166;145;232;land;false;mountain;5
9496;164;204;200;land;false;mountain;5
9497;190;155;164;land;false;desert;2
9498;210;163;164;land;false;marsh;2
9499;142;220;147;land;false;jungle;4
9500;222;112;201;land;false;desert;4
9501;239;70;247;land;false;jungle;4
9502;37;220;247;land;false;mountain;5
9503;230;56;229;land;true;plains;3
9504;192;126;218;land;true;plains;3
9505;125;133;251;land;false;plains;2
9506;211;250;55;land;false;mountain;5
9507;223;212;191;land;true;plains;5
9508;217;197;247;land;false;jungle;4
9509;242;232;35;land;true;plains;5
9510;224;241;126;land;false;forest;5
9511;253;64;206;land;false;plains;3
9512;248;162;146;land;true;forest;7
9513;249;209;171;land;false;forest;5
9514;162;160;233;land;false;plains;1
9515;251;150;173;land;false;hills;2
9516;135;198;214;land;false;marsh;4
9517;241;224;225;land;true;forest;7
9518;182;152;218;land;false;forest;3
9519;252;205;55;land;false;plains;2
9520;234;145;147;land;true;forest;4
9521;229;240;114;land;false;jungle;2
9522;196;155;178;land;false;marsh;2
9523;220;254;250;land;true;plains;1
9524;128;198;206;land;true;forest;3
9525;249;96;219;land;true;plains;1
9526;179;254;169;land;false;plains;2
9527;168;182;242;land;false;plains;1
9528;159;156;216;land;false;forest;1
9529;138;235;232;land;true;plains;2
9530;251;251;148;land;false;plains;3
9531;243;191;121;land;false;mountain;3
9532;93;251;202;land;false;hills;5
9533;244;250;14;land;false;forest;1
9534;176;211;173;land;true;plains;7
9535;247;190;162;land;false;hills;5
9536;237;215;153;land;false;hills;1
9537;245;180;101;land;true;jungle;1
9538;221;238;92;land;true;forest;7
9539;190;176;252;land;false;mountain;5
9540;202;165;226;land;false;mountain;1
9541;205;209;144;land;false;plains;2
9542;158;254;143;land;false;jungle;4
9543;106;165;248;land;false;mountain;1
9544;130;210;180;land;false;hills;5
9545;242;208;231;land;false;forest;1
9546;240;200;85;land;false;forest;2
9547;229;246;148;land;false;plains;1
9548;185;126;213;land;false;hills;2
9549;219;135;192;land;true;plains;1
9550;88;214;229;land;true;hills;1
9551;180;218;240;land;false;jungle;3
9552;202;136;172;land;false;forest;1
9553;182;251;157;land;false;forest;2
9554;135;239;245;land;false;forest;1
9555;244;145;145;land;false;forest;2
9556;151;145;223;land;false;plains;1
9557;225;162;169;land;false;plains;2
9558;225;133;181;land;false;plains;1
9559;221;242;107;land;false;hills;1
9560;216;249;159;land;false;jungle;1
9561;135;215;204;land;false;hills;4
9562;254;55;224;land;false;plains;1
9563;107;246;187;land;false;forest;4
9564;245;97;251;land;false;plains;2
9565;158;249;229;land;true;plains;3
9566;217;138;149;land;false;plains;3
9567;234;85;226;land;false;forest;3
9568;250;172;201;land;true;plains;3
9569;234;63;212;land;false;forest;1
9570;251;121;199;land;false;forest;3
9571;249;143;144;land;false;plains;6
9572;183;156;219;land;false;forest;3
9573;193;175;177;land;false;desert;1
9574;237;208;60;land;false;forest;2
9575;182;225;167;land;false;plains;1
9576;70;220;212;land;false;mountain;1
9577;142;212;191;land;true;plains;3
9578;198;245;112;land;false;forest;2
9579;238;170;153;land;false;desert;1
9580;253;249;198;land;false;mountain;3
9581;201;253;106;land;false;desert;1
9582;208;122;205;land;false;marsh;4
9583;253;253;96;land;false;desert;4
9584;254;246;182;land;false;desert;1
9585;125;237;240;land;false;jungle;2
9586;162;100;246;land;false;plains;3
9587;141;221;238;land;false;forest;1
9588;49;244;251;land;false;hills;1
9589;248;154;133;land;true;jungle;4
9590;253;76;234;land;false;forest;1
9591;166;214;156;land;false;forest;3
9592;230;127;249;land;false;hills;1
9593;206;141;215;land;false;hills;3
9594;126;245;228;land;false;hills;4
9595;226;221;193;land;false;jungle;3
9596;141;118;248;land;true;plains;2
9597;156;160;241;land;false;mountain;5
9598;249;166;199;land;false;desert;4
9599;159;251;107;land;false;jungle;2
9600;246;168;92;land;false;forest;4
9601;172;174;211;land;false;jungle;4
9602;233;183;223;land;false;forest;3
9603;120;156;253;land;false;hills;4
9604;162;210;155;land;false;hills;3
9605;133;152;240;land;false;forest;1
9606;223;227;157;land;false;hills;1
9607;229;92;234;land;false;forest;3
9608;114;241;192;land;false;forest;3
9609;207;231;155;land;false;plains;4
9610;166;238;176;land;true;plains;7
9611;239;187;205;land;false;hills;1
9612;242;196;211;land;false;forest;1
9613;237;212;210;land;false;forest;1
9614;137;160;223;land;false;marsh;4
9615;50;248;229;land;false;jungle;2
9616;144;205;218;land;false;mountain;1
9617;216;188;190;land;true;mountain;2
9618;155;184;227;land;false;marsh;1
9619;204;190;218;land;false;hills;1
9620;102;229;236;land;false;desert;4
9621;208;190;241;land;false;hills;1
9622;156;169;228;land;false;jungle;2
9623;253;77;228;land;false;forest;2
9624;218;125;187;land;false;plains;1
9625;156;227;215;land;false;forest;4
9626;210;117;201;land;false;plains;2
9627;213;236;162;land;false;jungle;1
9628;212;229;220;land;false;mountain;3
9629;149;164;198;land;false;plains;1
9630;253;137;180;land;false;plains;2
9631;102;250;163;land;false;forest;1
9632;250;169;197;land;false;marsh;4
9633;253;204;185;land;false;marsh;3
9634;201;225;182;land;false;forest;4
9635;238;234;215;land;true;plains;3
9636;145;252;116;land;false;forest;1
9637;229;164;222;land;false;desert;1
9638;247;174;220;land;true;plains;4
9639;154;192;161;land;false;hills;5
9640;233;227;248;land;false;marsh;4
9641;253;5;250;land;false;jungle;2
9642;236;195;118;land;false;plains;2
9643;251;122;225;land;false;plains;4
9644;217;235;161;land;false;mountain;3
9645;197;244;106;land;true;forest;2
9646;230;177;181;land;false;plains;3
9647;124;246;169;land;false;mountain;3
9648;254;236;11;land;false;plains;5
9649;243;184;78;land;false;desert;1
9650;243;139;124;land;false;mountain;5
9651;240;24;250;land;true;plains;4
9652;171;102;231;land;false;mountain;2
9653;218;69;243;land;false;desert;1
9654;165;192;227;land;true;forest;4
9655;172;254;121;land;false;forest;1
9656;239;145;171;land;false;desert;1
9657;235;233;75;land;false;jungle;1
9658;240;149;116;land;false;plains;1
9659;200;190;138;land;false;plains;1
9660;230;79;250;land;false;mountain;5
9661;182;208;111;land;false;desert;4
9662;238;111;246;land;false;plains;2
9663;172;173;230;land;true;forest;1
9664;89;211;226;land;false;jungle;4
9665;184;230;90;land;false;jungle;2
9666;156;171;231;land;false;mountain;2
9667;75;194;240;land;true;forest;2
9668;229;233;115;land;false;forest;1
9669;231;211;71;land;false;mountain;5
9670;201;242;152;land;false;forest;2
9671;68;213;236;land;false;plains;1
9672;239;16;254;land;false;jungle;4
9673;242;165;149;land;false;marsh;4
9674;91;215;217;land;false;forest;1
9675;234;252;151;land;false;hills;5
9676;206;221;243;land;false;forest;3
9677;160;117;228;land;false;desert;4
9678;232;145;252;land;false;forest;2
9679;217;173;239;land;true;plains;1
9680;164;156;227;land;false;plains;1
9681;157;204;194;land;false;forest;3
9682;70;205;247;land;false;plains;2
9683;185;216;117;land;false;plains;1
9684;162;244;143;land;false;forest;2
9685;240;250;159;land;false;desert;4
9686;239;39;254;land;false;marsh;4
9687;194;161;241;land;false;forest;3
9688;75;205;223;land;false;mountain;1
9689;155;129;218;land;false;forest;4
9690;233;102;226;land;false;plains;4
9691;184;165;191;land;false;plains;2
9692;160;155;228;land;true;plains;3
9693;136;248;183;land;true;plains;5
9694;213;140;224;land;false;forest;7
9695;221;137;168;land;false;hills;5
9696;241;94;175;land;true;plains;5
9697;245;207;216;land;false;hills;3
9698;243;125;206;land;false;jungle;3
9699;246;229;133;land;false;mountain;3
9700;65;221;237;land;false;forest;3
9701;232;211;236;land;false;mountain;1
9702;213;209;243;land;false;marsh;2
9703;132;142;249;land;false;hills;4
9704;193;215;165;land;false;forest;2
9705;204;225;192;land;false;hills;1
9706;224;167;203;land;false;hills;1
9707;198;241;73;land;false;forest;3
9708;110;188;204;land;false;jungle;3
9709;241;68;241;land;false;forest;3
9710;96;188;237;land;true;forest;4
9711;236;205;136;land;false;mountain;3
9712;247;156;214;land;false;forest;2
9713;95;239;245;land;false;plains;4
9714;15;249;248;land;false;hills;2
9715;147;174;231;land;true;desert;4
9716;201;197;162;land;false;plains;2
9717;175;216;179;land;false;mountain;1
9718;171;127;235;land;false;forest;7
9719;189;240;91;land;true;plains;1
9720;238;202;235;land;false;hills;1
9721;102;186;219;land;true;plains;3
9722;162;226;174;land;false;plains;1
9723;189;155;242;land;false;plains;3
9724;200;228;114;land;false;plains;2
9725;245;173;133;land;true;forest;4
9726;186;142;253;land;true;plains;7
9727;253;136;232;land;false;plains;2
9728;228;86;228;land;false;hills;1
9729;140;231;226;land;false;forest;1
9730;139;239;138;land;false;mountain;3
9731;238;216;250;land;false;forest;1
9732;197;234;148;land;false;forest;1
9733;229;139;182;land;false;plains;6
9734;250;225;84;land;false;mountain;5
9735;204;212;216;land;false;plains;2
9736;239;93;230;land;false;forest;3
9737;229;245;35;land;false;hills;1
9738;175;149;251;land;false;forest;4
9739;188;240;204;land;false;mountain;1
9740;232;157;156;land;false;mountain;1
9741;135;235;178;land;true;forest;4
9742;99;251;251;land;true;forest;1
9743;201;192;227;land;false;forest;5
9744;251;143;235;land;false;plains;2
9745;188;138;198;land;false;forest;2
9746;153;223;192;land;false;jungle;4
9747;190;129;218;land;false;plains;5
9748;85;202;228;land;false;plains;2
9749;130;162;224;land;false;forest;1
9750;48;235;233;land;false;desert;1
9751;129;246;254;land;true;plains;1
9752;237;136;220;land;true;forest;4
9753;180;193;178;land;false;plains;1
9754;178;224;143;land;false;forest;4
9755;137;219;190;land;false;forest;3
9756;77;210;243;land;false;forest;3
9757;232;196;98;land;false;marsh;4
9758;189;251;148;land;false;mountain;3
9759;229;189;119;land;false;mountain;4
9760;115;241;195;land;true;plains;3
9761;192;120;210;land;true;forest;4
9762;227;248;212;land;false;forest;2
9763;166;93;243;land;false;mountain;4
9764;201;129;226;land;false;mountain;5
9765;208;88;213;land;false;mountain;7
9766;248;220;225;land;false;marsh;2
9767;158;206;248;land;false;plains;4
9768;189;175;167;land;true;plains;4
9769;188;184;181;land;false;hills;1
9770;251;97;221;land;false;jungle;2
9771;136;212;226;land;false;forest;4
9772;221;216;94;land;false;forest;3
9773;137;244;155;land;false;plains;3
9774;240;230;70;land;false;plains;2
9775;183;225;240;land;false;hills;2
9776;252;99;253;land;false;forest;4
9777;214;237;78;land;false;plains;4
9778;232;179;110;land;false;mountain;2
9779;209;249;85;land;false;forest;1
9780;224;57;240;land;false;plains;1
9781;232;134;194;land;false;forest;2
9782;196;221;240;land;true;plains;5
9783;183;195;126;land;true;forest;1
9784;93;225;198;land;true;plains;3
9785;83;238;222;land;true;plains;2
9786;239;232;117;land;false;forest;1
9787;224;195;209;land;true;plains;5
9788;165;137;207;land;true;marsh;4
9789;190;72;250;land;true;plains;4
9790;249;95;249;land;false;hills;2
9791;81;252;240;land;false;forest;3
9792;231;151;120;land;false;marsh;2
9793;33;247;248;land;false;plains;2
9794;202;168;161;land;false;plains;1
9795;241;105;227;land;true;jungle;4
9796;218;252;185;land;true;jungle;1
9797;245;242;165;land;false;plains;6
9798;221;83;228;land;false;mountain;1
9799;198;246;251;land;false;forest;1
9800;216;235;240;land;false;forest;1
9801;178;211;219;land;false;hills;1
9802;194;215;107;land;true;hills;2
9803;204;169;212;land;true;plains;3
9804;119;224;212;land;false;plains;1
9805;164;179;223;land;false;forest;2
9806;197;208;117;land;false;marsh;4
9807;177;110;232;land;false;forest;1
9808;176;219;120;land;true;forest;1
9809;215;149;226;land;true;forest;1
9810;223;98;207;land;true;plains;1
9811;162;212;142;land;false;plains;1
9812;252;235;54;land;false;plains;2
9813;248;162;211;land;true;forest;4
9814;209;241;109;land;false;plains;2
9815;122;249;207;land;false;mountain;1
9816;188;191;209;land;false;plains;2
9817;238;225;210;land;false;hills;5
9818;151;179;231;land;true;plains;1
9819;130;177;199;land;false;mountain;5
9820;169;234;141;land;false;forest;4
9821;194;62;246;land;false;plains;3
9822;226;234;81;land;false;forest;3
9823;244;220;180;land;false;hills;4
9824;151;218;152;land;false;forest;4
9825;208;165;250;land;false;plains;4
9826;166;149;250;land;false;forest;3
9827;106;235;221;land;false;plains;2
9828;219;67;236;land;false;plains;5
9829;248;135;228;land;true;plains;3
9830;231;190;248;land;false;forest;2
9831;242;214;52;land;false;forest;1
9832;239;215;175;land;false;forest;1
9833;186;193;135;land;true;plains;4
9834;145;224;163;land;false;plains;1
9835;201;202;186;land;true;forest;7
9836;147;124;238;land;false;jungle;4
9837;193;123;204;land;true;forest;3
9838;74;205;253;land;false;jungle;3
9839;123;165;242;land;false;mountain;3
9840;248;217;63;land;false;forest;1
9841;206;169;236;land;false;plains;2
9842;184;248;84;land;true;plains;3
9843;213;152;247;land;false;forest;4
9844;252;240;126;land;false;forest;1
9845;157;155;210;land;false;forest;3
9846;245;131;247;land;false;plains;1
9847;235;221;100;land;false;jungle;1
9848;229;196;121;land;false;mountain;5
9849;143;182;176;land;false;mountain;5
9850;216;185;247;land;true;plains;5
9851;168;244;200;land;false;hills;5
9852;236;242;168;land;true;hills;5
9853;120;240;173;land;false;hills;5
9854;251;83;174;land;true;plains;5
9855;161;161;243;land;true;plains;5
9856;115;243;162;land;true;plains;5
9857;121;196;231;land;true;plains;3
9858;231;159;166;land;false;mountain;3
9859;73;238;238;land;false;hills;3
9860;247;100;175;land;false;hills;3
9861;210;145;173;land;true;hills;3
9862;242;159;230;land;true;hills;3
9863;183;186;156;land;false;mountain;3
9864;185;212;128;land;true;hills;3
9865;241;246;236;land;true;hills;3
9866;25;252;231;land;false;mountain;3
9867;236;155;240;land;true;mountain;3
9868;216;175;123;land;false;mountain;5
9869;246;139;202;land;true;hills;3
9870;235;146;189;land;true;hills;3
9871;178;207;164;land;true;plains;5
9872;252;248;106;land;true;hills;3
9873;227;234;247;land;true;plains;5
9874;233;240;118;land;true;plains;3
9875;179;184;148;land;true;plains;3
9876;151;229;223;land;true;plains;3
9877;250;167;169;land;true;plains;5
9878;228;249;132;land;true;plains;3
9879;190;184;253;land;true;plains;5
9880;247;192;217;land;true;hills;3
9881;246;223;192;land;false;hills;3
9882;202;250;246;land;true;plains;5
9883;222;213;202;land;true;plains;3
9884;242;100;166;land;false;hills;3
9885;134;172;222;land;true;plains;3
9886;185;122;249;land;true;plains;5
9887;240;216;229;land;true;plains;5
9888;93;241;178;land;true;plains;3
9889;199;181;129;land;false;mountain;3
9890;214;204;127;land;true;plains;3
9891;134;235;149;land;true;plains;3
9892;180;232;220;land;true;plains;5
9893;109;244;166;land;true;plains;3
9894;139;164;226;land;true;plains;5
9895;200;246;122;land;true;plains;3
9896;160;221;167;land;true;plains;5
9897;222;218;226;land;true;plains;3
9898;110;153;246;land;true;plains;3
9899;183;157;252;land;true;plains;3
9900;176;158;221;land;true;plains;3
9901;229;254;151;land;true;plains;3
9902;218;60;224;land;true;plains;3
9903;253;152;114;land;true;plains;5
9904;199;151;218;land;true;plains;3
9905;191;238;188;land;true;plains;3
9906;252;207;177;land;true;plains;3
9907;243;194;103;land;true;plains;3
9908;137;233;200;land;false;hills;3
9909;226;247;254;land;true;plains;3
9910;254;169;78;land;true;plains;3
9911;170;179;225;land;true;plains;5
9912;236;214;189;land;true;plains;3
9913;133;197;221;land;true;plains;3
9914;181;155;199;land;true;plains;3
9915;180;163;212;land;true;plains;5
9916;130;206;244;land;true;hills;3
9917;86;172;245;land;false;plains;3
9918;240;190;224;land;false;hills;5
9919;204;220;125;land;true;plains;3
9920;137;252;136;land;false;mountain;3
9921;205;217;195;land;true;plains;3
9922;111;172;220;land;true;hills;3
9923;237;149;198;land;false;mountain;3
9924;250;134;149;land;true;plains;3
9925;194;253;155;land;true;plains;3
9926;184;149;225;land;true;plains;3
9927;251;179;83;land;true;plains;3
9928;125;236;147;land;true;plains;3
9929;246;128;148;land;true;plains;5
9930;167;245;105;land;true;plains;3
9931;246;194;220;land;true;plains;3
9932;157;248;105;land;true;plains;5
9933;146;252;252;land;true;plains;5
9934;173;196;248;land;true;forest;3
9935;188;71;244;land;true;plains;3
9936;203;243;234;land;false;mountain;3
9937;165;219;192;land;true;plains;5
9938;200;239;198;land;false;mountain;5
9939;254;87;205;land;false;mountain;5
9940;131;164;232;land;true;plains;3
9941;246;216;169;land;false;mountain;5
9942;234;223;103;land;true;plains;5
9943;241;198;133;land;true;forest;3
9944;253;117;188;land;true;plains;5
9945;152;138;225;land;true;plains;5
9946;190;213;149;land;true;plains;3
9947;246;176;130;land;true;hills;3
9948;153;252;100;land;true;plains;3
9949;185;200;149;land;false;mountain;5
9950;131;184;203;land;true;plains;5
9951;174;203;213;land;true;plains;5
9952;235;138;234;land;true;plains;5
9953;118;231;165;land;false;hills;3
9954;241;132;139;land;true;plains;5
9955;220;119;234;land;true;plains;3
9956;220;164;140;land;false;hills;3
9957;218;216;253;land;false;mountain;3
9958;229;86;188;land;true;hills;5
9959;213;86;222;land;true;plains;5
9960;245;83;194;land;false;hills;3
9961;167;242;182;land;true;plains;5
9962;251;190;113;land;true;plains;3
9963;217;174;135;land;true;forest;3
9964;174;194;211;land;true;plains;3
9965;208;196;133;land;true;plains;3
9966;168;184;215;land;false;mountain;5
9967;164;176;180;land;false;hills;5
9968;212;141;178;land;false;hills;5
9969;128;238;230;land;true;plains;3
9970;213;228;203;land;true;plains;5
9971;225;244;206;land;true;plains;5
9972;158;215;247;land;true;hills;3
9973;188;210;133;land;true;hills;5
9974;195;158;230;land;true;plains;5
9975;249;230;227;land;true;plains;5
9976;219;210;89;land;true;plains;5
9977;84;253;196;land;true;plains;5
9978;45;246;220;land;false;plains;3
9979;230;225;232;land;true;plains;5
9980;212;244;253;land;false;hills;5
9981;246;139;131;land;false;plains;5
9982;238;177;89;land;false;hills;5
9983;137;243;168;land;true;plains;3
9984;110;250;148;land;true;plains;5
9985;216;194;135;land;false;hills;3
9986;200;157;189;land;true;plains;5
9987;146;188;218;land;true;plains;5
9988;162;231;195;land;false;hills;3
9989;158;225;239;land;true;hills;3
9990;196;64;242;land;false;mountain;3
9991;223;116;180;land;true;plains;5
9992;129;164;209;land;false;hills;3
9993;115;195;254;land;true;plains;3
9994;220;141;172;land;false;hills;5
9995;161;242;110;land;true;hills;3
9996;139;183;224;land;true;plains;3
9997;226;176;116;land;true;plains;5
9998;224;241;79;land;true;plains;5
9999;246;56;204;land;false;plains;5
10000;152;234;225;land;false;plains;3
10001;237;161;139;land;true;plains;5
10002;240;120;162;land;false;plains;5
10003;225;163;247;land;false;hills;5
10004;237;229;108;land;false;hills;3
10005;152;239;142;land;true;hills;3
10006;182;171;253;land;true;plains;5
10007;249;71;250;land;true;plains;3
10008;137;235;205;land;true;plains;5
10009;171;208;218;land;false;hills;5
10010;161;250;214;land;false;plains;5
10011;236;217;161;land;false;mountain;5
10012;253;159;187;land;false;mountain;3
10013;217;240;160;land;true;plains;5
10014;252;253;16;land;true;forest;3
10015;193;172;147;land;true;plains;5
10016;204;214;119;land;false;hills;3
10017;232;96;208;land;false;hills;5
10018;126;235;217;land;true;plains;5
10019;222;207;106;land;false;mountain;5
10020;237;196;162;land;true;hills;5
10021;254;224;245;land;false;hills;3
10022;223;193;189;land;false;mountain;3
10023;217;154;141;land;false;hills;3
10024;93;254;253;land;true;hills;5
10025;244;149;241;land;true;mountain;5
10026;240;223;242;land;false;hills;5
10027;254;212;93;land;false;hills;5
10028;62;239;213;land;false;plains;5
10029;155;231;234;land;false;hills;5
10030;181;183;224;land;false;hills;5
10031;253;89;244;land;false;hills;3
10032;241;218;220;land;true;plains;3
10033;124;214;206;land;true;mountain;5
10034;241;166;233;land;false;mountain;3
10035;211;108;218;land;true;hills;3
10036;198;250;205;land;false;mountain;3
10037;205;243;117;land;true;mountain;3
10038;196;234;236;land;false;hills;5
10039;171;249;171;land;false;hills;5
10040;160;217;125;land;false;mountain;3
10041;101;254;150;land;true;plains;5
10042;213;100;253;land;false;hills;5
10043;251;151;121;land;true;hills;5
10044;181;213;193;land;false;hills;5
10045;242;168;138;land;false;hills;5
10046;247;244;195;land;false;mountain;3
10047;154;199;189;land;true;plains;3
10048;249;251;82;land;true;plains;5
10049;236;179;86;land;true;plains;5
10050;236;153;165;land;false;mountain;3
10051;124;211;167;land;false;hills;3
10052;191;241;137;land;false;mountain;3
10053;174;217;166;land;false;mountain;5
10054;89;204;243;land;false;hills;5
10055;219;166;231;land;false;hills;5
10056;105;195;201;land;false;hills;5
10057;207;244;164;land;true;plains;5
10058;208;214;224;land;true;plains;5
10059;219;216;205;land;false;mountain;3
10060;246;77;239;land;false;mountain;5
10061;155;130;238;land;false;hills;5
10062;229;199;114;land;false;mountain;3
10063;184;217;110;land;false;forest;3
10064;230;195;100;land;false;mountain;3
10065;248;125;239;land;false;hills;5
10066;216;192;212;land;true;hills;5
10067;168;129;210;land;false;hills;5
10068;219;167;168;land;false;hills;5
10069;218;63;224;land;false;mountain;5
10070;246;89;192;land;false;mountain;5
10071;133;193;187;land;false;mountain;5
10072;234;184;216;land;false;mountain;3
10073;146;144;245;land;false;mountain;5
10074;220;206;234;land;true;plains;5
10075;235;200;167;land;false;hills;3
10076;111;227;180;land;false;hills;3
10077;189;240;226;land;true;mountain;3
10078;211;169;253;land;false;mountain;3
10079;245;112;249;land;false;mountain;5
10080;187;250;168;land;true;plains;3
10081;153;223;229;land;false;mountain;3
10082;183;219;165;land;false;mountain;3
10083;228;222;104;land;false;mountain;3
10084;216;235;176;land;false;mountain;5
10085;123;249;200;land;true;hills;5
10086;157;218;236;land;true;hills;3
10087;163;206;226;land;false;hills;3
10088;247;15;254;land;true;forest;3
10089;81;215;232;land;true;plains;3
10090;230;235;124;land;false;hills;3
10091;144;233;217;land;true;forest;3
10092;210;228;118;land;false;hills;5
10093;171;218;203;land;false;mountain;5
10094;132;204;230;land;true;forest;3
10095;148;206;197;land;false;mountain;5
10096;149;212;217;land;true;hills;3
10097;252;149;171;land;false;mountain;5
10098;135;243;164;land;false;mountain;3
10099;253;241;8;land;false;mountain;3
10100;245;230;218;land;false;mountain;3
10101;133;185;186;land;false;mountain;3
10102;178;218;180;land;false;mountain;5
10103;216;116;214;land;false;hills;5
10104;196;100;213;land;false;forest;3
10105;172;222;232;land;false;hills;5
10106;237;145;237;land;true;plains;3
10107;116;234;248;land;true;hills;5
10108;84;232;219;land;false;mountain;5
10109;206;219;182;land;false;mountain;5
10110;159;174;193;land;false;mountain;3
10111;96;160;245;land;true;forest;3
10112;187;136;216;land;true;forest;3
10113;193;191;244;land;true;plains;3
10114;218;222;143;land;false;mountain;5
10115;217;118;189;land;true;plains;3
10116;241;172;152;land;false;hills;5
10117;231;221;57;land;true;hills;3
10118;234;129;174;land;false;mountain;3
10119;91;253;252;land;false;mountain;5
10120;131;194;226;land;false;forest;3
10121;223;168;252;land;false;mountain;5
10122;83;239;190;land;false;hills;3
10123;199;222;102;land;false;mountain;3
10124;215;146;149;land;false;mountain;5
10125;195;144;248;land;false;mountain;5
10126;125;212;192;land;true;plains;3
10127;226;212;159;land;false;mountain;5
10128;183;206;238;land;false;hills;5
10129;113;219;215;land;false;hills;5
10130;121;216;189;land;false;mountain;5
10131;228;43;241;land;false;mountain;3
10132;104;251;236;land;false;forest;3
10133;241;113;238;land;false;hills;3
10134;215;167;189;land;false;mountain;3
10135;232;173;186;land;false;mountain;5
10136;184;213;109;land;false;mountain;5
10137;188;232;200;land;false;hills;5
10138;217;242;193;land;false;mountain;3
10139;164;177;172;land;false;mountain;3
10140;227;91;211;land;false;mountain;5
10141;174;108;248;land;false;mountain;3
10142;179;238;200;land;false;mountain;5
10143;241;188;101;land;false;mountain;5
10144;245;238;165;land;false;mountain;5
10145;236;58;224;land;true;forest;3
10146;127;237;238;land;false;hills;3
10147;227;229;96;land;false;mountain;3
10148;242;120;207;land;false;forest;3
10149;192;168;238;land;false;mountain;5
10150;194;191;163;land;false;mountain;5
10151;230;139;224;land;false;mountain;5
10152;182;172;191;land;false;hills;3
10153;187;163;174;land;false;hills;5
10154;128;201;181;land;false;mountain;5
10155;199;236;248;land;false;plains;3
10156;227;179;117;land;false;mountain;5
10157;231;213;171;land;false;mountain;5
10158;183;93;230;land;true;forest;3
10159;251;212;253;land;false;mountain;3
10160;186;110;229;land;false;mountain;5
10161;229;136;240;land;false;mountain;3
10162;246;201;107;land;false;mountain;3
10163;164;143;239;land;true;forest;3
10164;173;126;234;land;false;mountain;5
10165;234;190;184;land;false;forest;3
10166;235;242;204;land;false;hills;5
10167;226;81;195;land;false;mountain;3
10168;226;191;241;land;true;plains;5
10169;192;158;218;land;false;mountain;5
10170;193;110;235;land;false;hills;3
10171;186;243;161;land;false;mountain;3
10172;160;131;254;land;true;plains;5
10173;179;245;220;land;false;mountain;5
10174;166;234;160;land;true;plains;5
10175;232;211;192;land;false;hills;3
10176;216;125;224;land;false;mountain;5
10177;249;141;112;land;false;mountain;5
10178;114;230;190;land;false;mountain;5
10179;174;184;155;land;false;mountain;3
10180;240;225;44;land;false;mountain;3
10181;232;199;119;land;false;mountain;5
10182;98;206;231;land;false;hills;5
10183;45;221;249;land;false;forest;3
10184;178;244;221;land;false;hills;3
10185;193;249;131;land;false;forest;3
10186;190;248;185;land;true;plains;2
10187;160;212;153;land;false;hills;5
10188;193;245;247;land;false;mountain;5
10189;169;149;232;land;false;mountain;5
10190;234;159;131;land;false;mountain;3
10191;134;238;241;land;false;mountain;5
10192;126;251;160;land;true;plains;2
10193;219;254;116;land;false;mountain;5
10194;224;182;166;land;false;mountain;3
10195;161;214;246;land;false;forest;3
10196;226;181;175;land;false;mountain;3
10197;249;195;244;land;false;mountain;5
10198;117;202;219;land;false;mountain;3
10199;223;251;223;land;true;plains;5
10200;250;79;240;land;false;mountain;5
10201;179;193;232;land;false;mountain;3
10202;155;207;189;land;false;mountain;5
10203;226;151;226;land;false;hills;3
10204;166;206;223;land;false;forest;3
10205;87;197;248;land;false;forest;3
10206;193;196;120;land;true;plains;2
10207;83;239;199;land;false;mountain;5
10208;212;176;225;land;false;mountain;3
10209;232;230;233;land;false;hills;3
10210;85;193;249;land;true;forest;5
10211;135;240;155;land;false;hills;3
10212;253;114;252;land;false;mountain;5
10213;102;216;213;land;false;hills;3
10214;220;86;209;land;false;hills;5
10215;235;213;139;land;false;mountain;5
10216;158;234;217;land;false;plains;3
10217;115;237;183;land;false;mountain;3
10218;217;167;199;land;false;mountain;5
10219;232;156;159;land;true;forest;3
10220;220;235;140;land;false;mountain;5
10221;192;251;167;land;false;mountain;3
10222;240;232;101;land;false;forest;3
10223;171;228;118;land;true;plains;3
10224;229;160;206;land;false;plains;2
10225;191;226;137;land;false;hills;5
10226;188;198;223;land;false;mountain;3
10227;104;228;207;land;false;forest;3
10228;218;197;163;land;false;forest;5
10229;172;141;248;land;false;plains;3
10230;211;157;133;land;true;plains;2
10231;168;184;233;land;false;mountain;5
10232;161;245;159;land;false;mountain;5
10233;186;234;180;land;false;mountain;5
10234;112;250;190;land;false;mountain;5
10235;195;175;139;land;false;mountain;5
10236;211;127;208;land;false;mountain;3
10237;100;181;252;land;false;forest;3
10238;205;116;208;land;false;plains;2
10239;252;95;181;land;false;mountain;5
10240;106;221;206;land;false;forest;3
10241;212;153;195;land;false;plains;2
10242;253;60;247;land;false;mountain;5
10243;162;209;223;land;false;mountain;5
10244;182;74;249;land;false;mountain;5
10245;216;162;219;land;false;mountain;5
10246;238;234;108;land;false;mountain;3
10247;115;193;226;land;true;forest;5
10248;153;213;196;land;false;forest;3
10249;242;121;175;land;false;forest;5
10250;128;230;242;land;false;hills;3
10251;238;147;182;land;true;forest;5
10252;217;174;163;land;false;forest;3
10253;198;127;198;land;false;forest;3
10254;192;184;233;land;true;forest;5
10255;197;114;247;land;false;hills;5
10256;217;145;178;land;true;plains;5
10257;137;248;156;land;false;plains;3
10258;173;218;165;land;true;forest;3
10259;223;229;221;land;true;plains;2
10260;206;92;236;land;false;plains;5
10261;248;251;168;land;false;forest;3
10262;216;212;103;land;false;mountain;5
10263;181;230;93;land;false;mountain;3
10264;201;249;155;land;false;forest;3
10265;224;135;159;land;false;hills;5
10266;204;217;166;land;false;mountain;5
10267;254;143;105;land;false;mountain;3
10268;226;61;243;land;false;forest;3
10269;219;117;191;land;false;forest;3
10270;194;243;228;land;false;plains;3
10271;246;244;111;land;false;hills;5
10272;122;192;242;land;false;hills;5
10273;126;218;209;land;false;hills;5
10274;142;223;239;land;false;hills;5
10275;200;92;217;land;false;mountain;5
10276;243;249;173;land;false;plains;3
10277;251;216;199;land;false;mountain;5
10278;250;56;212;land;false;mountain;5
10279;222;70;214;land;false;forest;3
10280;233;213;204;land;false;hills;3
10281;179;120;212;land;false;forest;5
10282;184;220;188;land;false;mountain;3
10283;91;205;224;land;false;mountain;3
10284;165;216;254;land;true;plains;2
10285;173;178;160;land;false;hills;5
10286;253;180;176;land;false;mountain;5
10287;178;219;241;land;false;mountain;5
10288;125;249;243;land;false;mountain;5
10289;202;151;244;land;false;plains;3
10290;233;199;208;land;false;forest;3
10291;222;238;65;land;false;mountain;3
10292;210;164;163;land;false;mountain;3
10293;188;213;118;land;false;plains;2
10294;151;226;229;land;false;plains;3
10295;106;223;185;land;false;forest;5
10296;226;97;226;land;false;mountain;5
10297;54;218;254;land;false;forest;3
10298;193;251;210;land;false;plains;3
10299;213;174;239;land;false;plains;3
10300;205;153;191;land;false;plains;2
10301;212;177;184;land;false;mountain;5
10302;238;189;224;land;false;hills;5
10303;174;219;238;land;false;mountain;5
10304;252;178;193;land;true;plains;3
10305;61;220;225;land;false;plains;3
10306;240;100;192;land;false;plains;2
10307;179;178;241;land;false;hills;5
10308;229;201;228;land;false;mountain;5
10309;177;221;154;land;false;plains;2
10310;117;253;225;land;false;hills;5
10311;199;190;240;land;false;mountain;5
10312;113;238;186;land;true;forest;5
10313;196;236;77;land;false;hills;5
10314;178;113;220;land;false;mountain;5
10315;235;125;216;land;false;forest;5
10316;220;202;195;land;false;forest;3
10317;179;236;250;land;false;forest;3
10318;192;123;210;land;false;mountain;5
10319;249;104;240;land;false;plains;5
10320;248;107;159;land;true;plains;2
10321;134;168;225;land;false;hills;5
10322;206;228;145;land;false;plains;3
10323;229;180;114;land;true;forest;7
10324;187;133;229;land;false;plains;2
10325;237;235;66;land;true;plains;2
10326;152;191;213;land;false;forest;5
10327;253;41;228;land;false;forest;3
10328;166;164;248;land;false;forest;3
10329;227;169;204;land;false;hills;2
10330;218;111;181;land;false;forest;5
10331;187;137;214;land;false;forest;3
10332;240;114;177;land;false;mountain;5
10333;192;162;162;land;false;forest;3
10334;164;114;237;land;false;plains;3
10335;63;217;232;land;false;mountain;3
10336;170;227;199;land;false;forest;5
10337;253;181;183;land;false;mountain;5
10338;244;194;120;land;false;mountain;5
10339;248;192;156;land;true;plains;5
10340;228;118;164;land;false;plains;5
10341;194;200;222;land;false;plains;3
10342;179;155;222;land;false;hills;5
10343;177;230;119;land;false;mountain;5
10344;146;226;218;land;false;mountain;5
10345;209;180;220;land;false;plains;3
10346;253;61;195;land;false;hills;2
10347;219;230;79;land;false;mountain;5
10348;133;174;219;land;false;forest;5
10349;248;249;72;land;false;mountain;3
10350;233;224;67;land;false;plains;3
10351;106;234;167;land;true;forest;2
10352;188;244;168;land;false;hills;5
10353;247;75;240;land;false;mountain;5
10354;87;202;251;land;false;plains;3
10355;200;245;222;land;false;plains;3
10356;28;246;249;land;false;forest;5
10357;236;102;236;land;true;plains;5
10358;212;102;199;land;true;forest;2
10359;241;185;143;land;true;hills;5
10360;248;246;33;land;false;hills;3
10361;120;227;179;land;false;mountain;5
10362;246;220;235;land;false;hills;5
10363;160;169;252;land;false;hills;5
10364;199;130;224;land;false;forest;3
10365;48;240;218;land;false;forest;5
10366;223;230;165;land;false;forest;5
10367;183;237;84;land;false;hills;5
10368;162;230;122;land;false;mountain;5
10369;247;136;180;land;false;hills;3
10370;239;234;231;land;false;plains;2
10371;100;219;238;land;false;mountain;5
10372;104;162;246;land;true;plains;3
10373;242;222;218;land;false;plains;3
10374;206;118;214;land;false;plains;3
10375;91;203;242;land;false;mountain;5
10376;241;231;240;land;false;hills;2
10377;234;237;210;land;false;forest;5
10378;128;216;245;land;false;mountain;5
10379;198;201;239;land;false;mountain;5
10380;105;251;214;land;false;forest;3
10381;252;138;161;land;true;forest;5
10382;151;242;165;land;false;forest;5
10383;249;243;220;land;false;forest;5
10384;151;231;154;land;false;hills;2
10385;237;227;47;land;false;forest;5
10386;55;235;234;land;false;plains;3
10387;236;150;188;land;true;forest;2
10388;242;243;30;land;true;forest;5
10389;254;214;103;land;false;forest;3
10390;251;77;187;land;false;forest;3
10391;149;186;169;land;false;plains;3
10392;221;209;118;land;false;mountain;3
10393;209;241;111;land;false;plains;3
10394;242;106;243;land;false;plains;3
10395;250;214;219;land;false;mountain;5
10396;239;132;210;land;true;forest;5
10397;136;209;250;land;false;forest;1
10398;128;251;173;land;false;forest;5
10399;245;248;201;land;false;forest;5
10400;127;235;226;land;false;mountain;5
10401;122;230;198;land;false;forest;3
10402;205;209;100;land;false;forest;3
10403;247;181;95;land;false;hills;2
10404;205;121;233;land;false;plains;3
10405;248;197;151;land;false;hills;3
10406;224;205;201;land;false;hills;5
10407;218;204;197;land;false;forest;2
10408;209;91;236;land;true;forest;2
10409;228;178;165;land;false;hills;5
10410;198;173;187;land;false;mountain;5
10411;130;226;169;land;false;plains;5
10412;233;99;173;land;false;mountain;5
10413;208;128;221;land;false;plains;2
10414;187;196;147;land;false;forest;2
10415;202;168;201;land;false;forest;3
10416;171;117;226;land;false;plains;3
10417;147;190;202;land;true;plains;2
10418;216;92;198;land;false;hills;2
10419;144;175;185;land;true;plains;5
10420;203;79;243;land;false;forest;3
10421;156;214;254;land;false;plains;3
10422;178;244;96;land;false;plains;3
10423;197;123;223;land;false;mountain;5
10424;227;104;180;land;true;hills;5
10425;187;193;169;land;false;mountain;5
10426;98;156;251;land;false;forest;3
10427;170;159;220;land;false;forest;3
10428;242;175;253;land;false;plains;3
10429;211;224;211;land;false;forest;5
10430;89;238;194;land;false;mountain;3
10431;198;148;209;land;false;hills;2
10432;224;159;154;land;false;forest;2
10433;218;179;178;land;false;forest;1
10434;226;173;221;land;false;mountain;5
10435;202;247;138;land;false;mountain;5
10436;238;233;32;land;false;hills;5
10437;74;250;233;land;false;mountain;5
10438;179;192;246;land;false;mountain;5
10439;208;226;244;land;false;plains;3
10440;247;202;190;land;false;hills;2
10441;193;237;162;land;false;forest;1
10442;249;219;40;land;false;forest;3
10443;186;215;111;land;false;forest;5
10444;170;194;225;land;false;mountain;5
10445;92;229;210;land;true;hills;5
10446;105;201;207;land;false;hills;5
10447;157;131;229;land;false;forest;3
10448;168;214;129;land;false;forest;5
10449;231;185;176;land;false;forest;5
10450;228;38;237;land;false;forest;3
10451;174;214;148;land;false;forest;3
10452;226;183;136;land;false;forest;3
10453;252;29;235;land;false;hills;5
10454;250;143;145;land;false;plains;3
10455;243;96;246;land;false;hills;2
10456;228;225;65;land;false;hills;3
10457;130;216;211;land;false;mountain;3
10458;166;123;218;land;false;plains;3
10459;165;192;216;land;false;forest;3
10460;169;172;188;land;false;forest;3
10461;222;216;97;land;false;plains;3
10462;238;107;157;land;false;hills;3
10463;217;89;224;land;true;plains;2
10464;225;134;177;land;false;mountain;2
10465;225;206;246;land;true;hills;5
10466;251;241;100;land;false;hills;5
10467;232;166;144;land;false;hills;5
10468;152;183;167;land;false;mountain;5
10469;228;228;90;land;false;forest;3
10470;222;182;225;land;false;forest;1
10471;155;252;155;land;true;plains;3
10472;216;205;222;land;false;forest;1
10473;228;187;132;land;false;mountain;5
10474;240;195;224;land;false;mountain;5
10475;240;113;182;land;false;hills;2
10476;231;236;250;land;false;forest;3
10477;237;155;175;land;false;forest;2
10478;128;183;225;land;false;forest;1
10479;207;150;173;land;false;hills;5
10480;32;245;253;land;false;forest;3
10481;98;234;177;land;false;hills;1
10482;173;209;220;land;false;plains;3
10483;213;243;118;land;false;forest;1
10484;150;176;229;land;false;forest;3
10485;187;177;143;land;false;forest;5
10486;157;221;162;land;false;hills;5
10487;185;240;117;land;false;hills;3
10488;245;231;133;land;false;plains;3
10489;146;184;174;land;false;forest;3
10490;244;199;192;land;false;hills;2
10491;162;239;223;land;false;hills;5
10492;245;177;188;land;false;plains;3
10493;241;203;220;land;false;forest;3
10494;231;200;225;land;false;plains;3
10495;246;167;206;land;false;forest;1
10496;193;246;211;land;false;hills;5
10497;183;229;180;land;false;hills;5
10498;150;171;254;land;true;plains;1
10499;207;184;110;land;false;plains;3
10500;217;164;232;land;false;forest;3
10501;254;217;110;land;false;hills;3
10502;159;147;248;land;false;marsh;3
10503;252;42;222;land;true;plains;2
10504;253;181;211;land;false;forest;1
10505;241;226;151;land;false;forest;5
10506;171;200;230;land;false;hills;2
10507;229;236;214;land;false;forest;1
10508;152;211;211;land;false;mountain;5
10509;244;193;67;land;true;plains;3
10510;136;235;196;land;false;forest;1
10511;234;152;221;land;false;plains;1
10512;147;254;201;land;false;hills;5
10513;156;189;194;land;false;mountain;5
10514;169;195;178;land;false;plains;3
10515;225;144;144;land;true;forest;5
10516;129;241;247;land;false;mountain;5
10517;226;134;167;land;false;forest;3
10518;147;234;174;land;false;forest;2
10519;249;49;224;land;false;plains;3
10520;204;209;218;land;false;hills;1
10521;193;234;118;land;false;forest;5
10522;115;204;253;land;false;forest;3
10523;251;142;246;land;false;hills;2
10524;182;201;163;land;false;mountain;5
10525;186;202;161;land;false;plains;3
10526;250;158;101;land;false;mountain;2
10527;251;233;40;land;false;forest;1
10528;223;141;172;land;false;forest;3
10529;114;196;217;land;false;plains;3
10530;245;95;209;land;false;forest;3
10531;111;231;185;land;false;mountain;5
10532;245;200;153;land;false;forest;3
10533;219;118;219;land;false;forest;5
10534;172;249;231;land;false;hills;5
10535;151;237;129;land;false;plains;1
10536;168;195;227;land;false;mountain;5
10537;253;83;239;land;false;marsh;3
10538;169;205;202;land;false;mountain;5
10539;202;186;165;land;false;plains;3
10540;246;178;130;land;true;plains;3
10541;145;188;246;land;false;plains;5
10542;153;149;203;land;false;forest;3
10543;219;251;79;land;false;plains;1
10544;251;121;213;land;false;plains;3
10545;92;242;238;land;true;plains;7
10546;155;224;176;land;false;hills;5
10547;240;225;133;land;false;forest;1
10548;212;141;201;land;false;plains;3
10549;247;214;128;land;false;forest;2
10550;234;34;239;land;false;plains;2
10551;253;165;96;land;false;plains;1
10552;165;243;120;land;false;hills;5
10553;113;180;210;land;false;hills;2
10554;224;162;194;land;false;plains;3
10555;143;211;152;land;false;plains;3
10556;105;225;180;land;true;forest;2
10557;114;166;230;land;false;forest;3
10558;203;166;214;land;false;plains;3
10559;241;173;164;land;false;plains;3
10560;99;190;236;land;false;mountain;5
10561;206;185;123;land;false;plains;3
10562;128;236;208;land;false;forest;2
10563;250;207;210;land;false;hills;5
10564;216;78;216;land;false;mountain;5
10565;239;204;153;land;false;forest;3
10566;110;241;225;land;false;jungle;3
10567;242;180;87;land;false;forest;3
10568;149;226;223;land;false;forest;1
10569;236;172;207;land;false;forest;1
10570;165;213;180;land;false;forest;5
10571;176;136;223;land;false;forest;3
10572;229;217;191;land;false;plains;5
10573;105;197;200;land;false;plains;5
10574;240;49;240;land;false;plains;3
10575;144;205;152;land;true;plains;7
10576;252;206;180;land;false;hills;1
10577;195;133;235;land;false;plains;1
10578;115;186;211;land;false;plains;3
10579;203;152;210;land;false;forest;3
10580;202;199;146;land;true;plains;7
10581;114;201;232;land;false;forest;1
10582;180;197;149;land;false;forest;1
10583;209;141;208;land;false;forest;3
10584;172;96;244;land;false;forest;1
10585;251;103;232;land;false;plains;2
10586;203;167;161;land;true;plains;3
10587;155;236;183;land;false;plains;2
10588;222;199;87;land;false;plains;1
10589;221;186;214;land;false;hills;5
10590;213;126;190;land;false;forest;5
10591;147;245;172;land;false;mountain;5
10592;134;187;206;land;false;plains;3
10593;110;229;181;land;false;plains;3
10594;253;178;128;land;false;forest;3
10595;196;91;252;land;false;forest;2
10596;58;240;228;land;false;forest;3
10597;209;132;199;land;true;plains;3
10598;63;217;245;land;false;plains;1
10599;248;207;68;land;false;mountain;5
10600;167;211;241;land;true;forest;5
10601;161;249;217;land;false;jungle;3
10602;238;164;173;land;false;plains;3
10603;130;212;179;land;false;plains;2
10604;131;253;183;land;false;marsh;3
10605;251;202;74;land;false;plains;2
10606;244;230;44;land;false;plains;2
10607;127;133;244;land;false;plains;2
10608;246;249;43;land;false;forest;5
10609;211;163;159;land;false;plains;1
10610;203;120;233;land;false;hills;5
10611;220;117;190;land;false;plains;1
10612;205;226;248;land;false;hills;1
10613;216;165;202;land;false;plains;3
10614;253;172;103;land;false;forest;2
10615;253;87;226;land;false;plains;3
10616;136;198;177;land;true;plains;3
10617;217;83;205;land;true;plains;7
10618;187;240;204;land;false;forest;5
10619;247;219;141;land;true;plains;3
10620;229;167;194;land;false;hills;3
10621;190;159;251;land;false;plains;3
10622;188;192;234;land;false;forest;1
10623;143;235;181;land;false;hills;3
10624;214;137;227;land;false;forest;2
10625;225;108;235;land;false;plains;1
10626;214;197;116;land;false;plains;1
10627;170;179;254;land;false;forest;3
10628;244;225;192;land;true;plains;1
10629;199;176;212;land;false;mountain;1
10630;247;232;34;land;false;forest;3
10631;186;77;254;land;false;plains;2
10632;127;165;236;land;false;hills;1
10633;253;142;172;land;false;mountain;5
10634;225;193;204;land;false;plains;3
10635;244;183;219;land;false;forest;2
10636;150;159;245;land;false;plains;2
10637;164;180;219;land;false;forest;1
10638;230;188;222;land;false;hills;1
10639;116;211;212;land;false;forest;3
10640;218;151;174;land;false;plains;7
10641;115;229;162;land;false;forest;2
10642;112;238;190;land;false;hills;2
10643;246;124;194;land;false;forest;3
10644;187;143;204;land;false;plains;2
10645;218;188;157;land;false;plains;1
10646;186;166;197;land;false;hills;3
10647;94;222;238;land;false;marsh;3
10648;242;191;89;land;false;plains;2
10649;114;240;167;land;false;jungle;3
10650;165;233;141;land;true;forest;1
10651;213;209;124;land;false;mountain;1
10652;244;219;74;land;false;jungle;3
10653;151;172;247;land;false;plains;1
10654;166;236;239;land;true;plains;3
10655;228;211;89;land;false;plains;2
10656;147;170;202;land;false;plains;3
10657;248;233;130;land;false;plains;2
10658;222;196;118;land;false;mountain;5
10659;195;183;125;land;false;mountain;3
10660;237;179;184;land;true;plains;3
10661;241;133;230;land;false;forest;2
10662;109;216;242;land;false;plains;2
10663;248;128;196;land;false;jungle;3
10664;206;159;202;land;false;forest;1
10665;247;254;177;land;false;forest;3
10666;250;208;126;land;false;plains;3
10667;149;189;215;land;true;plains;1
10668;162;195;188;land;false;forest;1
10669;125;200;181;land;false;plains;1
10670;134;181;205;land;false;hills;1
10671;66;235;221;land;false;plains;3
10672;232;159;198;land;false;plains;2
10673;213;189;149;land;false;jungle;3
10674;237;230;82;land;false;forest;3
10675;185;188;157;land;false;plains;3
10676;234;249;169;land;false;mountain;7
10677;247;223;130;land;false;mountain;1
10678;163;126;242;land;false;plains;3
10679;144;229;254;land;false;plains;3
10680;221;154;130;land;false;plains;2
10681;253;98;184;land;false;plains;2
10682;177;138;242;land;false;plains;3
10683;238;213;254;land;false;mountain;1
10684;223;148;220;land;false;mountain;3
10685;166;213;158;land;false;plains;2
10686;232;236;85;land;false;forest;1
10687;175;219;251;land;false;mountain;1
10688;249;205;217;land;false;plains;2
10689;245;203;61;land;false;hills;3
10690;152;245;198;land;false;plains;2
10691;216;250;61;land;false;forest;2
10692;243;168;245;land;false;plains;3
10693;125;232;221;land;false;marsh;3
10694;225;124;216;land;false;mountain;7
10695;247;143;251;land;false;marsh;3
10696;241;219;95;land;true;plains;3
10697;230;95;187;land;false;forest;1
10698;198;169;254;land;false;mountain;1
10699;241;199;221;land;false;plains;1
10700;214;248;116;land;false;plains;1
10701;129;213;177;land;false;forest;3
10702;209;218;169;land;false;plains;3
10703;200;163;149;land;false;plains;2
10704;203;208;123;land;true;forest;2
10705;89;236;246;land;false;plains;2
10706;234;222;160;land;true;forest;1
10707;234;215;122;land;false;forest;3
10708;98;178;253;land;false;forest;1
10709;204;92;230;land;false;hills;1
10710;201;199;247;land;false;plains;2
10711;187;180;238;land;false;forest;2
10712;218;170;195;land;true;forest;5
10713;233;236;41;land;false;forest;3
10714;191;202;187;land;false;plains;2
10715;194;119;227;land;false;forest;3
10716;233;213;62;land;false;plains;3
10717;242;245;174;land;false;plains;3
10718;211;243;167;land;false;forest;3
10719;22;230;253;land;false;forest;3
10720;64;235;217;land;false;plains;3
10721;97;239;181;land;false;marsh;3
10722;161;190;217;land;true;forest;3
10723;45;239;237;land;false;plains;2
10724;210;204;178;land;false;forest;1
10725;240;217;234;land;false;plains;1
10726;246;202;207;land;false;plains;2
10727;228;232;218;land;false;mountain;1
10728;205;236;226;land;false;forest;1
10729;58;198;250;land;false;jungle;3
10730;150;236;198;land;false;forest;3
10731;180;209;140;land;false;plains;2
10732;223;216;198;land;false;mountain;1
10733;117;243;212;land;false;mountain;3
10734;253;172;86;land;false;plains;3
10735;45;246;236;land;false;plains;3
10736;178;204;180;land;true;plains;7
10737;219;167;149;land;true;forest;2
10738;172;181;200;land;false;plains;1
10739;168;164;215;land;false;forest;2
10740;220;193;204;land;false;mountain;1
10741;150;191;242;land;false;mountain;1
10742;189;207;214;land;false;plains;3
10743;211;242;244;land;false;plains;2
10744;96;230;230;land;false;forest;1
10745;254;210;118;land;false;forest;1
10746;194;171;177;land;false;hills;1
10747;231;139;229;land;false;plains;3
10748;43;251;225;land;true;plains;7
10749;115;202;230;land;false;plains;2
10750;208;157;162;land;true;plains;3
10751;76;205;243;land;false;forest;3
10752;236;213;171;land;false;plains;1
10753;145;144;248;land;false;marsh;3
10754;220;172;137;land;false;mountain;7
10755;189;204;152;land;true;plains;7
10756;215;200;127;land;false;hills;2
10757;162;236;166;land;false;plains;2
10758;246;86;194;land;false;forest;1
10759;246;166;211;land;false;urban;1
10760;110;246;220;land;true;plains;3
10761;154;211;206;land;false;forest;3
10762;154;184;254;land;false;plains;3
10763;146;152;223;land;true;plains;3
10764;149;217;218;land;false;mountain;3
10765;134;186;226;land;false;jungle;3
10766;189;144;203;land;true;mountain;7
10767;227;126;250;land;false;plains;2
10768;227;144;171;land;true;forest;2
10769;65;217;242;land;false;forest;1
10770;207;157;180;land;false;plains;3
10771;185;177;156;land;false;plains;2
10772;242;248;188;land;false;hills;1
10773;228;254;65;land;false;plains;3
10774;181;184;138;land;false;forest;1
10775;223;115;236;land;false;plains;3
10776;153;191;235;land;false;hills;1
10777;225;195;233;land;false;plains;3
10778;224;150;218;land;false;plains;1
10779;226;252;115;land;false;hills;1
10780;96;229;212;land;false;forest;1
10781;218;160;148;land;false;forest;1
10782;161;181;215;land;false;mountain;1
10783;173;181;222;land;false;hills;1
10784;239;171;231;land;false;jungle;3
10785;213;143;162;land;false;jungle;3
10786;145;232;227;land;true;plains;7
10787;226;185;127;land;false;mountain;7
10788;103;252;250;land;false;mountain;1
10789;139;172;201;land;false;hills;1
10790;233;244;115;land;true;plains;1
10791;212;221;215;land;false;hills;1
10792;235;213;67;land;false;hills;1
10793;174;236;170;land;true;plains;7
10794;219;221;92;land;false;plains;2
10795;116;246;237;land;false;mountain;1
10796;162;169;246;land;false;plains;3
10797;215;201;158;land;false;forest;1
10798;183;252;183;land;false;plains;3
10799;170;135;248;land;false;forest;3
10800;191;211;177;land;true;plains;7
10801;72;248;245;land;false;forest;7
10802;132;237;177;land;false;forest;1
10803;111;193;245;land;false;jungle;3
10804;250;226;41;land;false;marsh;3
10805;137;227;182;land;false;plains;1
10806;119;191;248;land;false;forest;3
10807;240;212;171;land;false;forest;3
10808;153;188;186;land;false;forest;2
10809;185;215;174;land;false;forest;1
10810;233;235;169;land;false;plains;3
10811;219;84;216;land;false;mountain;1
10812;76;248;191;land;false;forest;1
10813;150;236;117;land;false;forest;1
10814;67;209;232;land;false;plains;3
10815;251;147;194;land;false;plains;3
10816;172;208;151;land;false;plains;3
10817;236;238;27;land;false;plains;2
10818;222;237;231;land;true;forest;2
10819;216;159;152;land;false;plains;1
10820;220;159;173;land;false;hills;3
10821;233;183;114;land;false;forest;3
10822;218;189;144;land;false;hills;1
10823;247;177;162;land;true;forest;2
10824;221;125;239;land;false;plains;1
10825;183;197;137;land;false;jungle;3
10826;231;172;204;land;false;plains;3
10827;247;219;118;land;false;plains;7
10828;187;197;136;land;false;mountain;7
10829;214;165;186;land;false;plains;2
10830;241;204;64;land;true;forest;2
10831;153;166;222;land;false;mountain;1
10832;210;136;240;land;false;mountain;1
10833;230;230;43;land;false;hills;1
10834;253;203;94;land;false;marsh;3
10835;225;244;202;land;false;forest;7
10836;179;176;240;land;false;plains;1
10837;239;123;177;land;true;forest;1
10838;231;172;245;land;false;mountain;3
10839;219;192;252;land;false;forest;3
10840;173;200;158;land;false;plains;2
10841;92;206;250;land;false;plains;1
10842;186;164;178;land;false;forest;1
10843;223;180;138;land;false;forest;7
10844;182;222;238;land;false;plains;2
10845;208;192;172;land;false;forest;1
10846;234;164;212;land;false;forest;1
10847;200;144;183;land;true;plains;1
10848;227;128;240;land;false;forest;3
10849;187;187;136;land;false;plains;3
10850;211;214;136;land;false;forest;1
10851;232;239;70;land;false;plains;1
10852;175;230;240;land;false;forest;1
10853;208;200;174;land;false;plains;3
10854;219;77;245;land;false;forest;7
10855;236;241;99;land;true;forest;2
10856;74;241;235;land;false;forest;2
10857;138;228;173;land;false;mountain;2
10858;205;179;152;land;true;plains;3
10859;209;228;181;land;false;plains;3
10860;132;182;239;land;false;hills;3
10861;145;167;231;land;false;forest;2
10862;203;172;190;land;false;mountain;1
10863;150;208;166;land;false;jungle;3
10864;163;250;209;land;false;marsh;3
10865;185;140;188;land;false;forest;7
10866;237;120;203;land;false;forest;2
10867;152;232;135;land;false;forest;3
10868;179;106;251;land;false;mountain;2
10869;132;143;235;land;false;forest;1
10870;87;252;225;land;false;plains;1
10871;232;249;66;land;false;mountain;3
10872;210;246;128;land;false;mountain;7
10873;234;204;172;land;false;forest;2
10874;187;232;241;land;false;plains;3
10875;213;222;104;land;false;plains;2
10876;219;140;246;land;false;forest;2
10877;151;178;221;land;true;plains;1
10878;138;202;192;land;false;forest;1
10879;143;137;225;land;false;plains;3
10880;172;171;181;land;false;hills;1
10881;237;189;233;land;false;mountain;1
10882;230;246;152;land;false;hills;3
10883;224;239;94;land;false;jungle;3
10884;196;187;118;land;false;plains;3
10885;189;192;187;land;true;plains;7
10886;253;176;140;land;false;hills;1
10887;60;237;245;land;false;mountain;3
10888;188;230;226;land;false;forest;3
10889;245;119;235;land;true;plains;7
10890;123;252;194;land;false;plains;1
10891;235;25;244;land;false;forest;1
10892;155;243;208;land;false;hills;7
10893;199;135;171;land;false;mountain;7
10894;175;252;77;land;false;plains;2
10895;109;154;246;land;false;forest;1
10896;231;109;218;land;false;forest;1
10897;254;99;185;land;false;mountain;1
10898;249;162;219;land;false;plains;3
10899;121;224;214;land;false;hills;2
10900;239;241;136;land;false;plains;1
10901;189;241;77;land;true;plains;1
10902;172;243;174;land;true;plains;3
10903;158;253;178;land;false;plains;3
10904;242;250;99;land;false;jungle;3
10905;222;125;252;land;false;plains;3
10906;237;228;104;land;true;forest;2
10907;127;240;191;land;false;mountain;1
10908;165;207;232;land;false;plains;1
10909;224;219;129;land;false;plains;3
10910;206;166;212;land;true;plains;7
10911;164;241;179;land;false;hills;2
10912;233;249;120;land;false;mountain;1
10913;201;95;252;land;false;mountain;7
10914;247;208;209;land;false;mountain;2
10915;243;214;208;land;false;plains;1
10916;211;250;251;land;false;mountain;7
10917;172;244;231;land;false;forest;2
10918;202;190;243;land;false;hills;2
10919;153;217;146;land;false;forest;1
10920;238;213;141;land;false;hills;1
10921;186;184;179;land;false;jungle;3
10922;201;206;183;land;false;forest;1
10923;223;236;204;land;true;plains;1
10924;138;159;221;land;false;forest;7
10925;235;104;195;land;false;hills;1
10926;61;254;230;land;false;plains;3
10927;224;237;161;land;false;forest;2
10928;248;212;42;land;false;mountain;2
10929;200;150;179;land;false;plains;3
10930;192;185;161;land;false;plains;3
10931;242;245;32;land;false;plains;3
10932;64;241;245;land;false;forest;3
10933;169;170;254;land;true;forest;3
10934;252;45;225;land;false;mountain;2
10935;233;166;129;land;false;hills;1
10936;173;228;242;land;false;forest;1
10937;233;157;174;land;false;forest;1
10938;200;225;141;land;false;forest;3
10939;187;205;197;land;true;forest;2
10940;194;161;251;land;false;hills;1
10941;175;232;177;land;false;mountain;3
10942;176;204;173;land;false;plains;3
10943;247;140;192;land;false;jungle;3
10944;210;183;254;land;false;forest;1
10945;227;195;179;land;false;forest;1
10946;202;220;223;land;false;mountain;1
10947;199;94;244;land;false;plains;3
10948;117;246;181;land;false;plains;2
10949;194;214;172;land;false;forest;2
10950;244;24;236;land;false;hills;2
10951;223;51;228;land;false;hills;1
10952;204;241;104;land;false;forest;1
10953;191;173;190;land;false;forest;3
10954;186;193;254;land;false;forest;2
10955;175;215;136;land;false;mountain;2
10956;189;187;205;land;true;plains;1
10957;127;195;241;land;false;mountain;1
10958;234;237;42;land;false;plains;3
10959;240;242;125;land;true;forest;3
10960;155;236;133;land;false;mountain;1
10961;121;233;204;land;false;forest;1
10962;138;151;223;land;false;forest;1
10963;223;84;215;land;false;plains;3
10964;239;216;249;land;false;forest;3
10965;199;105;228;land;false;plains;1
10966;199;254;131;land;false;hills;7
10967;159;246;150;land;true;forest;2
10968;148;191;219;land;false;plains;3
10969;238;79;196;land;false;plains;3
10970;228;201;139;land;false;forest;1
10971;148;252;217;land;true;forest;3
10972;69;245;230;land;false;plains;2
10973;181;244;201;land;false;plains;2
10974;142;200;192;land;false;plains;1
10975;224;178;108;land;false;plains;3
10976;248;149;243;land;false;plains;3
10977;225;187;151;land;false;forest;2
10978;154;194;195;land;false;plains;1
10979;200;142;173;land;false;hills;1
10980;167;252;130;land;false;jungle;3
10981;200;140;233;land;false;plains;3
10982;207;226;96;land;false;forest;7
10983;76;210;237;land;false;plains;7
10984;231;86;234;land;false;plains;3
10985;242;104;206;land;false;jungle;3
10986;237;197;191;land;false;plains;2
10987;197;230;165;land;false;plains;3
10988;74;210;245;land;false;hills;2
10989;175;215;140;land;false;jungle;3
10990;229;239;126;land;false;plains;3
10991;133;234;207;land;true;plains;7
10992;148;221;223;land;false;hills;2
10993;184;249;230;land;false;mountain;1
10994;192;125;201;land;false;forest;1
10995;138;247;147;land;true;plains;1
10996;217;162;129;land;true;plains;1
10997;100;213;215;land;false;plains;3
10998;198;233;152;land;false;plains;3
10999;66;219;253;land;false;plains;2
11000;239;148;134;land;false;hills;2
11001;54;227;249;land;false;plains;3
11002;214;169;180;land;false;mountain;7
11003;228;208;242;land;false;mountain;2
11004;226;244;144;land;false;mountain;2
11005;234;133;224;land;false;forest;1
11006;103;213;188;land;false;forest;1
11007;75;250;195;land;false;plains;1
11008;231;125;222;land;false;plains;7
11009;153;212;184;land;false;forest;1
11010;253;126;206;land;false;plains;7
11011;165;154;252;land;false;forest;1
11012;165;184;162;land;false;forest;1
11013;111;194;200;land;false;plains;1
11014;243;179;133;land;false;plains;3
11015;155;232;225;land;false;forest;7
11016;168;211;165;land;false;forest;1
11017;227;235;210;land;false;forest;1
11018;95;247;184;land;false;plains;3
11019;214;164;170;land;false;plains;1
11020;199;162;227;land;false;hills;3
11021;244;116;164;land;false;plains;3
11022;132;218;231;land;false;hills;2
11023;89;195;240;land;false;plains;1
11024;91;201;241;land;false;forest;1
11025;78;230;216;land;true;plains;3
11026;211;39;252;land;false;plains;3
11027;221;198;184;land;true;forest;2
11028;206;232;163;land;false;forest;1
11029;167;214;198;land;false;hills;1
11030;228;207;207;land;false;jungle;3
11031;229;237;173;land;false;forest;2
11032;205;239;219;land;false;plains;1
11033;141;216;247;land;false;hills;3
11034;243;156;130;land;false;hills;2
11035;185;248;233;land;false;plains;1
11036;43;207;251;land;false;jungle;3
11037;234;77;204;land;true;forest;2
11038;245;86;230;land;false;forest;1
11039;139;253;180;land;false;jungle;3
11040;210;189;115;land;false;plains;3
11041;223;212;227;land;false;forest;1
11042;174;243;196;land;false;hills;2
11043;233;158;145;land;false;mountain;2
11044;189;202;123;land;false;forest;1
11045;254;213;50;land;false;hills;1
11046;196;244;185;land;false;plains;3
11047;168;225;118;land;false;plains;3
11048;139;240;190;land;false;plains;3
11049;241;94;234;land;false;forest;1
11050;233;49;253;land;true;plains;7
11051;245;147;123;land;false;plains;3
11052;235;163;155;land;false;plains;3
11053;236;191;95;land;true;plains;7
11054;164;237;142;land;true;plains;1
11055;173;253;143;land;false;forest;1
11056;250;233;31;land;false;forest;2
11057;148;115;254;land;false;urban;1
11058;254;35;232;land;false;hills;1
11059;66;236;252;land;false;forest;3
11060;243;198;108;land;false;mountain;3
11061;172;232;241;land;false;plains;3
11062;113;224;250;land;false;hills;1
11063;154;228;223;land;false;forest;2
11064;170;254;238;land;true;plains;3
11065;198;235;133;land;false;jungle;3
11066;249;118;208;land;true;plains;3
11067;158;162;195;land;true;plains;7
11068;165;161;214;land;true;forest;2
11069;204;157;236;land;false;forest;1
11070;249;108;225;land;false;forest;1
11071;186;247;203;land;false;plains;3
11072;250;189;219;land;false;plains;2
11073;250;127;242;land;false;plains;2
11074;191;205;128;land;false;plains;3
11075;84;196;234;land;false;mountain;3
11076;222;57;253;land;false;plains;3
11077;228;179;136;land;true;plains;7
11078;162;198;223;land;false;hills;2
11079;235;90;207;land;false;plains;1
11080;204;167;139;land;false;forest;1
11081;213;152;151;land;false;forest;3
11082;134;181;221;land;false;forest;3
11083;212;80;211;land;false;plains;3
11084;250;139;124;land;true;plains;1
11085;247;151;104;land;false;forest;3
11086;251;217;116;land;false;forest;2
11087;233;131;164;land;false;plains;1
11088;212;80;232;land;true;plains;7
11089;118;235;177;land;false;forest;1
11090;241;132;198;land;false;forest;1
11091;249;188;110;land;true;forest;1
11092;143;251;111;land;true;forest;2
11093;218;226;121;land;false;plains;2
11094;253;206;229;land;false;forest;2
11095;230;66;225;land;false;plains;2
11096;156;169;214;land;true;forest;1
11097;185;252;92;land;false;hills;1
11098;169;191;169;land;true;plains;1
11099;237;219;95;land;false;mountain;3
11100;248;169;91;land;false;mountain;3
11101;229;51;239;land;false;hills;3
11102;222;172;163;land;false;forest;3
11103;246;28;235;land;true;forest;3
11104;107;235;225;land;false;forest;1
11105;202;192;217;land;false;plains;1
11106;238;232;121;land;true;plains;3
11107;220;82;206;land;false;hills;2
11108;142;240;193;land;false;forest;1
11109;232;117;221;land;false;forest;1
11110;165;254;180;land;false;forest;3
11111;172;192;157;land;false;plains;2
11112;58;242;215;land;false;jungle;3
11113;214;126;223;land;false;plains;3
11114;182;233;105;land;false;plains;2
11115;205;222;197;land;false;forest;1
11116;237;194;215;land;false;plains;1
11117;161;166;246;land;false;mountain;3
11118;240;186;250;land;false;forest;1
11119;109;210;193;land;false;forest;3
11120;227;151;177;land;true;plains;3
11121;225;164;254;land;false;plains;2
11122;135;196;239;land;false;forest;1
11123;186;237;180;land;false;forest;1
11124;125;212;204;land;false;plains;2
11125;208;212;128;land;false;forest;3
11126;215;196;108;land;false;forest;3
11127;129;166;244;land;true;plains;3
11128;195;228;133;land;false;forest;2
11129;218;46;246;land;false;forest;1
11130;142;160;206;land;false;forest;1
11131;151;236;185;land;false;hills;1
11132;217;98;196;land;false;forest;1
11133;219;234;89;land;false;forest;1
11134;118;172;229;land;false;forest;2
11135;184;99;226;land;true;plains;1
11136;106;198;212;land;false;forest;3
11137;218;157;227;land;true;hills;3
11138;119;209;175;land;false;plains;2
11139;247;177;180;land;false;forest;2
11140;122;221;160;land;false;forest;1
11141;179;189;228;land;true;plains;1
11142;209;206;178;land;false;mountain;3
11143;212;234;215;land;false;forest;1
11144;218;148;147;land;false;jungle;3
11145;238;143;209;land;false;hills;2
11146;204;252;238;land;false;forest;1
11147;208;47;248;land;false;forest;2
11148;244;146;226;land;false;jungle;3
11149;249;237;251;land;false;plains;3
11150;154;210;182;land;false;forest;2
11151;85;251;166;land;false;hills;1
11152;78;187;252;land;false;forest;1
11153;241;225;76;land;false;forest;3
11154;217;135;158;land;false;mountain;2
11155;204;173;251;land;false;forest;1
11156;187;156;189;land;false;forest;1
11157;195;193;200;land;false;forest;1
11158;167;213;178;land;false;plains;1
11159;174;193;213;land;false;forest;1
11160;204;225;89;land;false;forest;3
11161;240;192;72;land;false;plains;3
11162;139;229;186;land;false;plains;3
11163;208;246;144;land;false;forest;1
11164;251;131;182;land;false;hills;1
11165;104;215;215;land;false;forest;1
11166;165;185;172;land;true;plains;1
11167;155;196;234;land;false;plains;2
11168;149;163;236;land;false;forest;1
11169;30;221;251;land;true;forest;1
11170;230;180;235;land;false;forest;1
11171;220;116;205;land;false;forest;3
11172;152;168;254;land;false;forest;1
11173;226;176;110;land;false;forest;1
11174;208;133;247;land;false;hills;3
11175;254;69;192;land;false;jungle;3
11176;237;232;157;land;false;forest;2
11177;223;111;210;land;true;plains;1
11178;240;74;235;land;false;forest;1
11179;86;253;198;land;false;forest;1
11180;227;193;245;land;false;forest;1
11181;185;138;231;land;false;mountain;3
11182;254;158;93;land;false;jungle;3
11183;242;110;196;land;false;jungle;3
11184;241;221;237;land;false;forest;2
11185;101;253;156;land;false;forest;2
11186;223;106;232;land;false;forest;1
11187;116;205;229;land;false;plains;1
11188;254;63;213;land;false;jungle;3
11189;213;236;58;land;false;forest;3
11190;106;231;202;land;false;plains;3
11191;244;216;224;land;false;forest;1
11192;199;230;186;land;false;jungle;3
11193;166;98;242;land;false;forest;3
11194;75;195;246;land;false;hills;1
11195;231;243;174;land;false;forest;3
11196;238;246;236;land;false;jungle;3
11197;223;230;216;land;false;forest;1
11198;154;240;232;land;false;forest;1
11199;143;117;253;land;false;forest;2
11200;213;129;232;land;false;plains;2
11201;173;238;182;land;true;forest;1
11202;193;136;217;land;false;forest;1
11203;187;227;253;land;false;plains;2
11204;130;241;186;land;false;forest;3
11205;94;248;212;land;false;forest;1
11206;200;251;125;land;false;hills;1
11207;221;199;245;land;false;jungle;3
11208;114;232;181;land;false;plains;3
11209;223;53;230;land;false;mountain;3
11210;248;214;119;land;false;jungle;3
11211;166;196;241;land;false;plains;2
11212;225;204;115;land;false;mountain;1
11213;249;206;137;land;false;forest;3
11214;173;250;121;land;false;forest;1
11215;214;157;234;land;false;forest;1
11216;181;186;195;land;false;jungle;3
11217;213;111;226;land;true;forest;1
11218;193;236;73;land;false;forest;1
11219;230;69;202;land;false;hills;1
11220;217;121;174;land;false;forest;1
11221;229;88;185;land;false;jungle;3
11222;239;141;215;land;false;plains;1
11223;180;200;174;land;false;forest;1
11224;22;243;244;land;false;jungle;3
11225;242;68;249;land;false;forest;3
11226;177;198;196;land;false;hills;1
11227;234;190;201;land;true;hills;3
11228;109;169;243;land;true;plains;1
11229;207;110;214;land;false;plains;1
11230;163;230;254;land;true;plains;3
11231;201;159;157;land;false;plains;1
11232;228;185;111;land;false;mountain;1
11233;125;220;184;land;false;mountain;1
11234;243;239;112;land;false;jungle;3
11235;242;235;57;land;false;jungle;3
11236;193;214;187;land;false;forest;2
11237;143;213;180;land;false;mountain;1
11238;141;186;232;land;false;hills;1
11239;237;240;95;land;false;hills;3
11240;183;250;225;land;true;plains;3
11241;208;242;158;land;false;plains;2
11242;173;215;232;land;false;mountain;2
11243;161;138;213;land;true;forest;1
11244;131;213;162;land;false;jungle;3
11245;203;191;160;land;false;forest;1
11246;225;188;103;land;false;forest;3
11247;139;243;196;land;false;jungle;3
11248;253;189;156;land;false;plains;2
11249;173;164;226;land;false;forest;1
11250;219;197;251;land;false;mountain;3
11251;163;142;208;land;false;jungle;3
11252;85;189;238;land;false;jungle;3
11253;245;211;47;land;false;plains;3
11254;209;212;222;land;false;forest;2
11255;219;110;219;land;false;plains;2
11256;230;187;164;land;false;forest;1
11257;82;228;251;land;false;mountain;1
11258;168;240;151;land;false;forest;3
11259;181;222;191;land;false;forest;3
11260;176;240;220;land;false;plains;2
11261;199;235;249;land;true;forest;1
11262;228;150;210;land;false;forest;1
11263;231;241;163;land;false;forest;1
11264;194;212;219;land;true;plains;1
11265;203;223;106;land;false;forest;1
11266;237;163;159;land;false;forest;3
11267;180;154;249;land;false;plains;2
11268;211;161;171;land;false;mountain;1
11269;222;155;240;land;false;forest;3
11270;230;162;206;land;true;mountain;3
11271;250;243;27;land;false;plains;2
11272;174;220;214;land;false;mountain;1
11273;244;132;194;land;false;mountain;1
11274;215;109;249;land;false;forest;1
11275;95;253;248;land;false;jungle;3
11276;187;125;251;land;false;mountain;3
11277;245;206;57;land;false;hills;1
11278;244;248;100;land;false;forest;3
11279;236;167;170;land;true;hills;3
11280;181;131;229;land;false;plains;2
11281;222;194;224;land;false;forest;2
11282;199;178;176;land;true;plains;1
11283;235;32;251;land;false;mountain;3
11284;211;251;106;land;false;plains;3
11285;115;223;197;land;false;jungle;3
11286;133;250;155;land;false;forest;2
11287;127;217;253;land;false;plains;1
11288;213;243;78;land;false;hills;1
11289;120;162;232;land;false;forest;3
11290;187;195;139;land;false;plains;3
11291;117;193;207;land;false;hills;1
11292;205;142;202;land;false;marsh;3
11293;90;213;231;land;false;mountain;1
11294;246;124;169;land;false;forest;1
11295;210;69;254;land;false;mountain;1
11296;209;124;243;land;false;jungle;3
11297;198;111;210;land;false;plains;3
11298;225;141;242;land;false;plains;2
11299;176;252;84;land;false;plains;2
11300;70;253;204;land;false;hills;1
11301;55;209;252;land;false;forest;1
11302;231;101;170;land;false;jungle;3
11303;143;254;120;land;false;plains;3
11304;90;164;249;land;true;plains;3
11305;167;219;149;land;false;forest;1
11306;171;110;228;land;false;mountain;1
11307;239;111;206;land;false;forest;3
11308;189;141;198;land;false;forest;3
11309;176;146;219;land;false;hills;2
11310;181;124;197;land;false;forest;1
11311;243;161;202;land;false;plains;1
11312;215;200;158;land;false;hills;3
11313;167;206;214;land;true;plains;1
11314;228;173;234;land;false;hills;1
11315;242;207;131;land;false;jungle;3
11316;92;199;233;land;false;hills;1
11317;212;214;98;land;false;forest;1
11318;178;232;95;land;false;mountain;1
11319;193;101;245;land;true;mountain;3
11320;249;226;121;land;false;plains;2
11321;235;184;219;land;false;mountain;3
11322;233;249;197;land;false;hills;1
11323;151;214;161;land;true;plains;3
11324;226;135;205;land;false;mountain;3
11325;224;109;221;land;false;plains;2
11326;159;139;239;land;false;mountain;1
11327;204;211;162;land;false;mountain;1
11328;227;123;203;land;false;plains;1
11329;114;200;254;land;false;jungle;3
11330;235;235;206;land;false;forest;3
11331;175;153;251;land;false;jungle;3
11332;152;223;135;land;false;forest;2
11333;115;251;145;land;false;plains;2
11334;234;90;240;land;false;marsh;2
11335;120;253;138;land;true;plains;1
11336;252;213;116;land;false;forest;2
11337;223;118;254;land;false;hills;1
11338;225;246;180;land;false;forest;1
11339;140;202;190;land;false;plains;1
11340;248;127;209;land;false;hills;1
11341;225;180;200;land;false;marsh;3
11342;161;225;222;land;false;jungle;3
11343;182;192;226;land;false;mountain;1
11344;239;143;183;land;false;jungle;3
11345;249;161;156;land;false;jungle;3
11346;97;238;187;land;true;forest;2
11347;159;222;150;land;false;mountain;1
11348;84;224;209;land;false;hills;3
11349;213;245;71;land;false;forest;3
11350;196;183;153;land;false;forest;3
11351;229;214;126;land;false;jungle;3
11352;153;125;227;land;false;forest;1
11353;196;213;248;land;false;mountain;2
11354;223;96;204;land;false;forest;1
11355;232;205;67;land;false;mountain;1
11356;137;229;254;land;false;jungle;3
11357;112;186;237;land;false;forest;1
11358;71;220;216;land;false;hills;1
11359;182;216;123;land;false;forest;3
11360;195;230;109;land;false;hills;1
11361;247;237;31;land;false;hills;1
11362;190;80;242;land;false;hills;1
11363;152;132;233;land;false;jungle;3
11364;193;236;192;land;false;mountain;3
11365;190;240;155;land;true;plains;3
11366;123;227;226;land;false;forest;3
11367;148;186;189;land;false;jungle;3
11368;184;157;178;land;false;hills;1
11369;204;232;230;land;false;forest;1
11370;182;241;113;land;true;forest;2
11371;139;177;222;land;false;hills;1
11372;95;240;174;land;false;hills;1
11373;156;182;201;land;false;forest;1
11374;184;212;146;land;false;plains;3
11375;153;184;196;land;false;forest;3
11376;239;153;235;land;false;forest;3
11377;246;193;130;land;false;forest;2
11378;249;142;181;land;false;plains;2
11379;179;221;248;land;false;plains;1
11380;234;175;122;land;false;jungle;3
11381;212;167;141;land;false;forest;3
11382;120;226;181;land;false;plains;2
11383;251;170;118;land;false;forest;1
11384;238;191;183;land;false;plains;2
11385;160;242;187;land;false;plains;1
11386;49;242;224;land;false;hills;3
11387;226;234;153;land;false;forest;3
11388;228;202;96;land;false;plains;1
11389;189;118;218;land;false;forest;1
11390;210;190;200;land;false;forest;1
11391;179;167;233;land;false;hills;1
11392;242;187;117;land;false;jungle;3
11393;227;50;252;land;false;forest;1
11394;170;98;235;land;false;hills;1
11395;95;241;215;land;false;hills;2
11396;128;215;180;land;false;plains;3
11397;176;242;217;land;false;jungle;3
11398;178;145;194;land;false;plains;2
11399;175;160;216;land;false;forest;1
11400;243;152;172;land;false;mountain;1
11401;230;204;74;land;false;plains;2
11402;236;66;252;land;true;plains;3
11403;235;252;181;land;false;plains;1
11404;93;250;186;land;false;jungle;3
11405;235;101;198;land;false;forest;3
11406;215;224;137;land;false;forest;3
11407;172;210;179;land;false;forest;1
11408;228;168;122;land;false;hills;1
11409;185;124;230;land;false;plains;1
11410;164;250;108;land;true;plains;3
11411;228;184;205;land;false;forest;3
11412;236;112;159;land;false;forest;3
11413;216;190;177;land;false;plains;3
11414;251;34;227;land;false;plains;2
11415;205;210;123;land;false;plains;1
11416;183;207;165;land;false;forest;1
11417;176;140;253;land;false;forest;1
11418;101;223;244;land;false;forest;3
11419;125;194;226;land;false;plains;2
11420;113;160;253;land;false;jungle;3
11421;123;147;247;land;false;forest;3
11422;167;202;187;land;false;forest;3
11423;160;173;202;land;false;plains;1
11424;153;252;173;land;false;forest;1
11425;205;173;135;land;false;forest;1
11426;208;216;217;land;false;hills;2
11427;252;140;139;land;false;plains;1
11428;123;211;242;land;false;jungle;3
11429;252;203;176;land;false;plains;2
11430;165;234;150;land;false;plains;2
11431;90;186;236;land;false;plains;1
11432;250;134;139;land;false;plains;1
11433;197;182;128;land;false;forest;2
11434;182;233;150;land;false;plains;1
11435;209;189;115;land;false;forest;2
11436;195;208;207;land;false;plains;2
11437;119;186;239;land;false;hills;2
11438;183;137;227;land;false;hills;1
11439;229;247;37;land;false;forest;3
11440;226;209;70;land;false;jungle;3
11441;152;156;248;land;false;forest;1
11442;244;170;183;land;false;hills;3
11443;186;204;179;land;false;jungle;3
11444;155;108;250;land;false;jungle;3
11445;217;128;235;land;false;jungle;3
11446;228;215;147;land;false;forest;3
11447;203;235;226;land;false;forest;1
11448;202;253;250;land;false;jungle;3
11449;126;224;232;land;false;plains;3
11450;135;213;175;land;false;forest;3
11451;118;245;179;land;true;hills;3
11452;100;249;213;land;false;plains;2
11453;253;97;189;land;false;forest;2
11454;139;214;253;land;false;plains;1
11455;252;86;226;land;false;plains;1
11456;113;240;224;land;false;plains;1
11457;249;155;180;land;false;forest;1
11458;81;224;197;land;false;jungle;3
11459;245;184;250;land;false;plains;1
11460;178;245;146;land;false;mountain;1
11461;203;226;81;land;false;forest;3
11462;178;142;195;land;false;forest;1
11463;104;169;253;land;false;plains;3
11464;251;167;87;land;false;forest;3
11465;197;138;224;land;false;forest;1
11466;80;204;239;land;false;forest;2
11467;254;209;135;land;false;plains;1
11468;173;121;242;land;false;jungle;3
11469;250;182;116;land;false;forest;3
11470;205;104;194;land;false;hills;2
11471;180;150;217;land;false;forest;2
11472;243;116;248;land;false;forest;1
11473;203;140;202;land;false;plains;1
11474;220;140;157;land;false;plains;1
11475;141;192;251;land;false;hills;3
11476;226;215;228;land;false;forest;3
11477;148;206;220;land;false;plains;1
11478;220;192;240;land;false;forest;1
11479;250;144;239;land;false;jungle;3
11480;209;201;109;land;false;plains;3
11481;191;211;231;land;false;plains;1
11482;173;135;252;land;false;forest;3
11483;243;235;85;land;false;jungle;3
11484;112;209;234;land;false;forest;3
11485;200;122;193;land;false;mountain;2
11486;166;248;243;land;false;plains;1
11487;183;248;220;land;false;plains;1
11488;230;226;64;land;false;plains;1
11489;153;156;251;land;false;plains;1
11490;218;249;109;land;false;hills;2
11491;157;252;244;land;false;plains;2
11492;184;202;174;land;false;plains;2
11493;169;138;226;land;false;forest;1
11494;224;71;231;land;false;mountain;1
11495;239;79;215;land;false;mountain;1
11496;155;195;223;land;false;forest;1
11497;181;215;211;land;false;forest;1
11498;108;159;236;land;false;forest;1
11499;116;224;213;land;false;forest;3
11500;219;85;228;land;false;jungle;3
11501;233;178;149;land;false;forest;3
11502;206;205;192;land;false;plains;2
11503;246;199;199;land;false;marsh;2
11504;178;248;242;land;false;plains;2
11505;186;252;183;land;false;plains;1
11506;254;187;100;land;false;plains;1
11507;234;155;222;land;true;plains;1
11508;211;164;247;land;false;forest;3
11509;236;243;57;land;false;forest;3
11510;233;222;130;land;false;plains;1
11511;115;245;217;land;false;plains;1
11512;228;232;254;land;false;plains;1
11513;213;84;229;land;false;forest;3
11514;85;249;194;land;false;forest;1
11515;104;233;175;land;false;plains;3
11516;167;172;193;land;false;forest;1
11517;73;249;243;land;false;forest;1
11518;234;161;148;land;false;plains;1
11519;144;224;186;land;false;plains;1
11520;139;226;215;land;false;plains;3
11521;74;240;223;land;true;hills;2
11522;215;252;64;land;false;forest;1
11523;193;129;198;land;false;mountain;1
11524;62;232;228;land;true;plains;3
11525;194;165;252;land;false;forest;1
11526;214;199;88;land;false;plains;1
11527;190;219;92;land;false;mountain;1
11528;114;191;233;land;false;plains;1
11529;105;246;176;land;false;forest;1
11530;234;152;138;land;false;jungle;3
11531;239;196;152;land;false;hills;1
11532;101;170;254;land;false;jungle;3
11533;189;198;186;land;true;plains;3
11534;168;155;212;land;false;forest;2
11535;156;203;234;land;false;plains;2
11536;232;207;92;land;false;plains;2
11537;162;234;120;land;false;forest;1
11538;212;202;197;land;false;plains;3
11539;217;229;170;land;false;plains;2
11540;242;66;227;land;false;forest;2
11541;111;229;167;land;false;plains;1
11542;206;237;237;land;true;plains;1
11543;159;234;139;land;false;forest;2
11544;141;227;179;land;false;jungle;3
11545;204;239;254;land;false;jungle;3
11546;228;113;181;land;false;forest;1
11547;177;182;246;land;false;plains;1
11548;233;215;188;land;true;plains;3
11549;182;230;124;land;false;plains;2
11550;228;92;232;land;false;forest;1
11551;123;213;246;land;false;plains;1
11552;187;176;248;land;false;plains;2
11553;246;242;252;land;false;plains;2
11554;244;209;103;land;false;plains;2
11555;241;203;213;land;false;hills;3
11556;109;250;205;land;false;forest;3
11557;163;251;100;land;true;forest;3
11558;97;227;206;land;false;plains;1
11559;246;78;232;land;false;forest;1
11560;207;111;218;land;false;jungle;3
11561;229;185;220;land;false;plains;2
11562;162;170;246;land;false;marsh;2
11563;215;148;169;land;false;jungle;3
11564;155;206;214;land;false;forest;3
11565;251;250;161;land;false;forest;1
11566;136;253;131;land;false;plains;1
11567;241;120;212;land;false;plains;3
11568;191;208;218;land;false;plains;2
11569;54;215;241;land;false;forest;1
11570;201;214;251;land;true;mountain;2
11571;122;236;231;land;false;forest;3
11572;221;159;140;land;false;jungle;3
11573;180;235;234;land;false;hills;2
11574;103;244;168;land;false;plains;1
11575;185;185;146;land;false;forest;3
11576;232;235;126;land;false;forest;3
11577;221;246;204;land;true;forest;3
11578;159;244;196;land;false;mountain;1
11579;125;242;199;land;false;hills;1
11580;218;175;217;land;false;jungle;3
11581;128;245;139;land;false;hills;2
11582;248;205;212;land;false;forest;2
11583;172;158;185;land;false;plains;1
11584;226;221;80;land;false;hills;1
11585;195;189;160;land;false;forest;3
11586;142;216;175;land;false;forest;3
11587;254;187;175;land;false;jungle;3
11588;182;192;203;land;false;plains;3
11589;233;124;245;land;false;forest;2
11590;124;198;251;land;false;forest;3
11591;228;241;252;land;false;marsh;2
11592;107;201;230;land;false;forest;3
11593;147;137;245;land;false;forest;3
11594;240;246;208;land;false;plains;2
11595;163;226;123;land;true;plains;3
11596;191;190;197;land;false;forest;2
11597;160;204;167;land;false;plains;1
11598;229;120;166;land;true;plains;3
11599;112;224;180;land;false;plains;2
11600;142;233;165;land;false;forest;1
11601;170;139;225;land;false;plains;3
11602;191;220;203;land;false;hills;1
11603;191;244;71;land;false;forest;1
11604;206;186;226;land;false;hills;1
11605;53;251;207;land;false;plains;1
11606;240;69;194;land;false;forest;3
11607;183;191;172;land;false;hills;3
11608;182;157;182;land;false;forest;3
11609;184;112;213;land;false;forest;3
11610;208;229;143;land;false;mountain;3
11611;215;175;179;land;false;hills;3
11612;174;224;243;land;false;forest;3
11613;213;214;178;land;false;plains;1
11614;208;150;195;land;false;jungle;3
11615;241;241;70;land;false;plains;3
11616;252;106;180;land;false;plains;2
11617;238;188;88;land;false;plains;2
11618;128;198;187;land;false;plains;1
11619;241;132;141;land;false;plains;2
11620;93;214;241;land;false;forest;1
11621;246;247;58;land;false;mountain;1
11622;245;56;218;land;false;forest;1
11623;231;231;242;land;false;plains;2
11624;61;206;246;land;false;jungle;2
11625;248;252;65;land;false;forest;1
11626;114;155;235;land;false;plains;1
11627;206;222;195;land;false;plains;1
11628;243;247;20;land;false;forest;3
11629;166;243;135;land;false;hills;2
11630;224;197;104;land;false;plains;2
11631;209;201;114;land;false;forest;1
11632;204;193;105;land;false;forest;3
11633;195;74;239;land;false;plains;3
11634;235;247;174;land;false;marsh;2
11635;246;246;110;land;false;forest;1
11636;232;62;239;land;false;jungle;3
11637;64;213;253;land;false;plains;2
11638;189;195;214;land;false;plains;1
11639;245;118;243;land;false;plains;1
11640;188;148;214;land;false;plains;1
11641;137;221;198;land;false;hills;1
11642;100;179;225;land;false;plains;1
11643;180;166;240;land;false;forest;3
11644;237;62;236;land;false;forest;1
11645;157;134;225;land;false;jungle;3
11646;135;159;209;land;false;plains;1
11647;180;117;211;land;false;forest;1
11648;96;228;213;land;false;forest;1
11649;133;200;250;land;false;forest;1
11650;222;195;132;land;false;plains;3
11651;180;167;225;land;false;plains;3
11652;212;185;198;land;false;forest;3
11653;210;210;106;land;false;plains;3
11654;134;248;250;land;false;plains;2
11655;254;201;219;land;false;forest;1
11656;210;91;226;land;false;hills;2
11657;209;245;162;land;false;plains;3
11658;227;214;98;land;false;mountain;2
11659;249;89;203;land;false;forest;2
11660;223;232;199;land;false;forest;1
11661;211;155;155;land;false;hills;1
11662;231;248;233;land;false;hills;1
11663;244;119;240;land;false;forest;1
11664;103;212;229;land;false;plains;3
11665;240;97;165;land;false;plains;2
11666;250;25;253;land;false;forest;1
11667;248;152;163;land;false;plains;2
11668;190;194;171;land;false;plains;2
11669;88;249;184;land;false;plains;2
11670;252;67;203;land;false;plains;2
11671;144;158;202;land;false;plains;1
11672;107;225;236;land;false;forest;1
11673;232;195;166;land;false;jungle;2
11674;218;214;91;land;false;plains;2
11675;236;242;88;land;false;forest;1
11676;178;172;174;land;false;hills;1
11677;212;79;245;land;false;plains;3
11678;59;207;249;land;false;jungle;3
11679;213;167;143;land;false;jungle;3
11680;157;217;205;land;false;forest;1
11681;244;122;241;land;false;plains;1
11682;223;239;46;land;false;forest;3
11683;208;253;50;land;false;plains;3
11684;250;229;56;land;false;plains;2
11685;159;178;176;land;false;hills;2
11686;213;245;184;land;true;plains;1
11687;198;110;229;land;false;forest;3
11688;141;241;123;land;false;plains;3
11689;110;170;250;land;false;mountain;1
11690;185;202;239;land;false;forest;1
11691;116;245;172;land;false;forest;3
11692;251;91;186;land;true;forest;3
11693;151;202;203;land;false;hills;1
11694;233;188;220;land;false;plains;3
11695;117;248;222;land;false;hills;2
11696;157;230;176;land;false;plains;1
11697;224;233;242;land;false;plains;3
11698;242;117;229;land;false;forest;2
11699;167;157;230;land;false;plains;1
11700;217;227;245;land;false;jungle;2
11701;216;151;213;land;false;forest;1
11702;57;233;245;land;false;hills;1
11703;251;193;182;land;true;forest;3
11704;117;196;244;land;false;jungle;2
11705;229;226;97;land;false;hills;1
11706;246;174;163;land;false;forest;1
11707;238;195;254;land;false;plains;2
11708;170;252;180;land;false;forest;2
11709;61;222;240;land;false;plains;3
11710;227;235;144;land;false;forest;2
11711;138;176;212;land;false;plains;1
11712;32;227;253;land;false;forest;1
11713;206;81;250;land;false;plains;3
11714;208;233;80;land;false;hills;3
11715;109;194;230;land;false;plains;2
11716;116;240;174;land;false;forest;3
11717;197;180;168;land;false;plains;1
11718;216;176;110;land;false;forest;1
11719;251;245;217;land;true;plains;2
11720;81;237;228;land;false;mountain;2
11721;253;59;200;land;false;plains;1
11722;253;81;192;land;false;forest;1
11723;237;150;138;land;false;jungle;3
11724;230;194;223;land;false;plains;3
11725;199;200;242;land;false;jungle;2
11726;186;173;153;land;false;plains;2
11727;167;192;170;land;false;plains;2
11728;230;250;168;land;false;plains;2
11729;184;251;226;land;false;forest;1
11730;217;183;171;land;false;hills;1
11731;192;175;165;land;true;forest;1
11732;103;240;230;land;false;forest;3
11733;240;130;223;land;false;jungle;3
11734;63;232;213;land;false;forest;1
11735;193;162;169;land;false;hills;1
11736;247;237;22;land;false;forest;3
11737;129;139;235;land;false;mountain;1
11738;236;243;161;land;false;forest;1
11739;223;97;189;land;false;plains;3
11740;241;233;54;land;false;plains;3
11741;207;92;213;land;false;jungle;2
11742;164;240;215;land;false;plains;1
11743;209;111;234;land;false;forest;1
11744;165;246;190;land;false;forest;1
11745;192;114;201;land;false;plains;3
11746;190;237;215;land;false;jungle;2
11747;227;121;175;land;false;plains;1
11748;178;209;114;land;false;mountain;1
11749;230;159;144;land;false;plains;3
11750;133;182;221;land;true;plains;2
11751;220;157;160;land;false;marsh;2
11752;235;226;163;land;false;forest;1
11753;185;223;159;land;true;plains;3
11754;187;184;226;land;false;mountain;3
11755;249;209;173;land;false;plains;3
11756;128;253;237;land;false;plains;2
11757;199;252;111;land;false;forest;2
11758;216;186;103;land;false;hills;1
11759;187;184;195;land;false;plains;1
11760;239;239;182;land;false;forest;2
11761;215;163;155;land;false;plains;1
11762;153;171;241;land;false;forest;3
11763;111;252;155;land;false;plains;2
11764;248;67;217;land;false;plains;1
11765;206;251;148;land;false;forest;3
11766;167;114;238;land;false;jungle;2
11767;195;167;243;land;false;hills;1
11768;190;159;229;land;false;forest;1
11769;222;188;134;land;false;forest;3
11770;164;233;243;land;false;hills;2
11771;163;211;196;land;false;plains;3
11772;246;162;221;land;false;plains;2
11773;205;200;151;land;false;hills;1
11774;169;194;188;land;false;forest;1
11775;208;239;211;land;false;forest;3
11776;253;229;19;land;false;forest;3
11777;220;62;253;land;false;forest;2
11778;120;247;164;land;false;plains;2
11779;225;71;213;land;false;plains;2
11780;145;192;207;land;false;forest;2
11781;150;191;184;land;false;forest;1
11782;188;211;178;land;false;hills;1
11783;188;238;87;land;false;plains;2
11784;157;191;209;land;false;plains;1
11785;204;202;178;land;false;forest;1
11786;132;172;223;land;false;forest;2
11787;128;250;143;land;false;forest;2
11788;189;254;109;land;false;mountain;1
11789;243;109;175;land;false;forest;1
11790;217;208;122;land;false;forest;1
11791;143;173;192;land;false;plains;3
11792;202;253;224;land;false;mountain;2
11793;138;243;163;land;false;forest;1
11794;242;235;74;land;false;hills;1
11795;69;247;239;land;false;forest;1
11796;84;243;228;land;false;hills;3
11797;241;214;239;land;false;plains;1
11798;236;135;171;land;false;plains;3
11799;165;248;175;land;false;jungle;2
11800;200;238;240;land;false;plains;1
11801;226;149;140;land;false;plains;2
11802;159;230;189;land;false;jungle;2
11803;217;237;90;land;false;plains;1
11804;184;197;196;land;false;hills;1
11805;126;242;222;land;false;jungle;2
11806;245;250;248;land;false;plains;2
11807;246;139;171;land;false;forest;1
11808;187;195;174;land;false;hills;1
11809;243;167;254;land;false;forest;1
11810;228;216;151;land;false;forest;2
11811;208;148;238;land;false;plains;3
11812;118;217;250;land;false;hills;2
11813;212;234;139;land;false;forest;1
11814;197;175;182;land;false;plains;1
11815;222;109;207;land;true;forest;3
11816;237;175;236;land;false;forest;3
11817;239;174;243;land;false;hills;3
11818;215;135;161;land;false;marsh;2
11819;137;219;204;land;false;forest;1
11820;228;200;205;land;false;forest;1
11821;245;221;51;land;false;forest;3
11822;250;170;249;land;false;forest;1
11823;144;159;252;land;false;forest;1
11824;153;231;162;land;false;forest;3
11825;237;118;209;land;false;forest;2
11826;132;164;230;land;false;hills;1
11827;172;226;210;land;false;forest;1
11828;187;155;248;land;false;hills;3
11829;239;202;186;land;false;plains;1
11830;173;222;218;land;false;forest;1
11831;146;200;164;land;false;forest;1
11832;190;250;96;land;false;forest;1
11833;226;114;251;land;false;forest;3
11834;221;81;225;land;false;jungle;2
11835;129;219;180;land;false;forest;1
11836;175;192;148;land;false;plains;1
11837;251;115;193;land;false;hills;2
11838;244;233;139;land;false;plains;2
11839;134;150;231;land;false;plains;1
11840;154;218;213;land;false;plains;2
11841;88;219;235;land;false;forest;2
11842;198;182;252;land;false;forest;1
11843;40;233;232;land;false;forest;3
11844;203;233;208;land;false;plains;3
11845;250;68;240;land;false;jungle;2
11846;199;92;241;land;false;forest;1
11847;112;237;170;land;false;forest;1
11848;206;167;138;land;false;forest;2
11849;170;245;194;land;false;forest;1
11850;213;248;214;land;false;forest;1
11851;187;206;216;land;false;forest;3
11852;251;59;249;land;false;hills;3
11853;236;129;181;land;false;forest;1
11854;231;67;225;land;false;forest;1
11855;194;192;164;land;false;forest;3
11856;212;154;208;land;false;forest;1
11857;211;217;88;land;false;forest;1
11858;170;186;191;land;false;plains;1
11859;201;107;200;land;false;forest;1
11860;34;254;215;land;false;forest;3
11861;165;196;167;land;false;plains;3
11862;240;148;113;land;false;plains;3
11863;221;217;239;land;false;forest;1
11864;238;210;208;land;false;plains;3
11865;188;223;95;land;true;forest;3
11866;165;189;223;land;false;forest;2
11867;185;126;196;land;false;forest;1
11868;250;226;171;land;false;plains;1
11869;118;238;146;land;false;urban;1
11870;219;218;195;land;false;hills;3
11871;243;106;164;land;false;hills;2
11872;254;229;199;land;false;forest;1
11873;150;233;226;land;false;plains;3
11874;197;229;241;land;false;plains;3
11875;191;186;163;land;false;forest;2
11876;131;135;247;land;false;forest;2
11877;217;230;143;land;false;forest;3
11878;76;175;250;land;false;hills;1
11879;231;230;188;land;false;forest;3
11880;219;106;195;land;true;hills;3
11881;166;205;173;land;false;forest;2
11882;239;33;248;land;false;jungle;2
11883;225;244;59;land;false;forest;2
11884;137;203;172;land;false;mountain;1
11885;233;67;243;land;false;hills;1
11886;246;177;230;land;false;plains;1
11887;241;178;252;land;false;forest;1
11888;181;181;245;land;false;forest;2
11889;220;175;217;land;false;forest;1
11890;206;223;109;land;true;plains;3
11891;175;139;230;land;false;urban;3
11892;134;243;229;land;false;forest;2
11893;72;250;212;land;false;hills;1
11894;118;194;203;land;false;hills;3
11895;253;209;195;land;false;forest;1
11896;235;176;112;land;false;plains;3
11897;248;219;184;land;false;forest;3
11898;243;249;219;land;false;forest;3
11899;78;216;221;land;false;hills;3
11900;105;234;196;land;false;forest;2
11901;227;90;187;land;false;forest;1
11902;197;172;137;land;false;forest;1
11903;220;168;166;land;false;forest;3
11904;54;253;202;land;false;plains;3
11905;210;75;229;land;false;mountain;1
11906;246;196;201;land;false;forest;1
11907;208;199;195;land;false;forest;1
11908;244;200;157;land;false;forest;2
11909;227;113;228;land;false;forest;2
11910;174;183;188;land;false;forest;1
11911;123;164;251;land;false;forest;3
11912;240;191;229;land;true;forest;3
11913;245;228;157;land;true;plains;2
11914;193;248;141;land;false;jungle;2
11915;245;201;147;land;false;mountain;1
11916;200;155;238;land;false;plains;1
11917;210;248;87;land;true;plains;3
11918;223;168;154;land;false;forest;2
11919;236;50;254;land;false;plains;2
11920;82;211;252;land;false;forest;1
11921;249;173;246;land;false;hills;3
11922;96;182;235;land;true;plains;3
11923;229;144;137;land;false;forest;3
11924;204;169;176;land;false;jungle;2
11925;100;226;252;land;false;forest;2
11926;131;236;215;land;false;forest;1
11927;228;211;187;land;false;plains;1
11928;132;156;217;land;false;forest;1
11929;68;251;225;land;false;forest;2
11930;211;238;204;land;false;forest;2
11931;93;245;230;land;false;hills;1
11932;228;210;253;land;false;forest;1
11933;246;179;229;land;false;forest;3
11934;247;206;55;land;false;plains;3
11935;63;232;223;land;true;plains;3
11936;158;218;146;land;false;forest;2
11937;93;199;213;land;false;marsh;2
11938;200;201;172;land;false;plains;1
11939;47;245;229;land;true;forest;3
11940;249;200;184;land;true;forest;3
11941;20;246;247;land;true;plains;3
11942;116;247;200;land;true;forest;3
11943;172;244;212;land;true;plains;1
11944;235;150;174;land;false;forest;1
11945;252;206;83;land;true;plains;3
11946;210;187;184;land;false;hills;3
11947;212;203;213;land;false;hills;2
11948;200;192;227;land;true;plains;1
11949;97;243;246;land;false;forest;3
11950;114;253;144;land;false;mountain;3
11951;138;191;252;land;false;mountain;1
11952;250;190;240;land;false;forest;1
11953;111;251;157;land;false;plains;3
11954;119;195;237;land;false;hills;1
11955;234;209;213;land;false;plains;1
11956;121;224;191;land;false;forest;1
11957;252;148;192;land;false;plains;1
11958;44;250;242;land;false;forest;1
11959;217;194;137;land;false;plains;1
11960;237;205;133;land;false;mountain;2
11961;222;89;221;land;false;mountain;1
11962;179;253;69;land;false;forest;1
11963;222;78;230;land;true;plains;1
11964;240;227;83;land;false;plains;1
11965;218;127;228;land;false;plains;1
11966;201;137;166;land;false;forest;1
11967;77;209;227;land;false;forest;1
11968;111;231;195;land;false;forest;1
11969;232;159;207;land;false;forest;2
11970;176;179;164;land;false;forest;2
11971;241;210;248;land;false;mountain;1
11972;215;186;146;land;false;forest;1
11973;91;245;191;land;false;forest;1
11974;217;222;171;land;false;forest;3
11975;190;108;224;land;false;plains;1
11976;234;175;253;land;false;forest;2
11977;167;143;200;land;false;mountain;3
11978;173;158;179;land;false;forest;2
11979;165;199;251;land;false;plains;1
11980;228;76;250;land;false;plains;1
11981;228;230;182;land;false;plains;3
11982;97;248;225;land;false;jungle;2
11983;237;110;180;land;false;plains;2
11984;229;233;243;land;false;marsh;2
11985;155;211;168;land;false;mountain;3
11986;202;243;169;land;false;plains;1
11987;149;208;250;land;false;plains;3
11988;112;174;229;land;false;hills;3
11989;234;152;183;land;false;forest;1
11990;161;247;135;land;false;marsh;2
11991;174;243;184;land;false;forest;1
11992;142;228;219;land;false;forest;1
11993;190;142;206;land;false;forest;3
11994;145;237;193;land;true;plains;1
11995;215;192;137;land;false;hills;1
11996;254;225;251;land;false;forest;1
11997;171;149;202;land;false;hills;3
11998;225;177;246;land;false;plains;1
11999;250;87;249;land;false;plains;3
12000;195;145;169;land;false;plains;2
12001;173;143;252;land;false;mountain;2
12002;221;83;238;land;false;mountain;1
12003;221;140;190;land;false;hills;1
12004;178;198;138;land;false;plains;1
12005;153;245;202;land;false;hills;1
12006;161;208;179;land;false;forest;1
12007;176;214;118;land;false;forest;1
12008;204;198;210;land;false;plains;1
12009;189;137;215;land;false;plains;2
12010;125;229;229;land;false;jungle;2
12011;215;174;144;land;true;plains;1
12012;236;124;169;land;false;forest;1
12013;227;208;130;land;false;forest;1
12014;181;246;133;land;false;forest;1
12015;165;206;187;land;false;mountain;1
12016;203;219;122;land;false;forest;3
12017;234;182;168;land;false;forest;3
12018;234;253;167;land;true;plains;3
12019;244;179;129;land;false;mountain;3
12020;250;96;201;land;false;forest;3
12021;199;205;124;land;false;forest;3
12022;202;251;236;land;true;plains;1
12023;243;65;224;land;false;forest;1
12024;242;158;157;land;true;plains;3
12025;214;156;134;land;false;hills;3
12026;161;212;190;land;true;plains;2
12027;60;245;196;land;false;hills;2
12028;223;42;237;land;false;plains;1
12029;138;162;219;land;false;jungle;2
12030;241;172;183;land;false;hills;1
12031;239;207;217;land;false;forest;1
12032;215;240;146;land;false;plains;3
12033;72;247;250;land;false;forest;1
12034;239;126;163;land;false;forest;1
12035;84;238;205;land;true;plains;3
12036;179;126;224;land;false;hills;1
12037;153;153;237;land;false;forest;2
12038;93;201;244;land;true;plains;1
12039;219;149;202;land;false;plains;1
12040;92;228;216;land;false;plains;1
12041;244;143;207;land;true;forest;3
12042;144;243;222;land;false;forest;1
12043;191;220;240;land;false;forest;1
12044;151;198;178;land;false;forest;1
12045;156;117;248;land;false;mountain;1
12046;198;209;139;land;false;plains;1
12047;218;151;185;land;false;plains;1
12048;175;117;240;land;false;forest;3
12049;193;251;112;land;false;jungle;2
12050;250;240;211;land;false;jungle;2
12051;173;188;155;land;false;hills;1
12052;187;203;157;land;false;plains;1
12053;188;174;196;land;false;forest;1
12054;224;240;73;land;false;forest;1
12055;217;176;215;land;false;forest;3
12056;197;192;178;land;false;plains;2
12057;215;210;101;land;false;forest;1
12058;209;204;163;land;false;plains;1
12059;225;165;153;land;true;plains;1
12060;212;250;129;land;false;marsh;2
12061;192;157;212;land;false;mountain;1
12062;244;168;216;land;false;desert;1
12063;155;211;137;land;false;mountain;2
12064;214;122;183;land;false;forest;1
12065;245;190;77;land;false;forest;1
12066;253;200;189;land;false;forest;1
12067;220;134;223;land;false;hills;3
12068;190;243;124;land;false;forest;2
12069;240;205;153;land;true;plains;2
12070;207;109;200;land;false;plains;1
12071;99;222;236;land;false;forest;1
12072;162;215;154;land;false;forest;1
12073;227;244;58;land;false;plains;2
12074;238;174;185;land;false;plains;1
12075;206;244;127;land;false;mountain;1
12076;55;237;225;land;true;plains;1
12077;250;197;134;land;true;plains;1
12078;106;226;246;land;false;plains;1
12079;171;185;186;land;false;plains;1
12080;211;232;113;land;false;jungle;2
12081;167;135;206;land;true;plains;3
12082;225;211;176;land;false;forest;2
12083;254;102;197;land;false;forest;2
12084;92;165;251;land;false;plains;2
12085;204;218;159;land;false;mountain;2
12086;167;211;234;land;false;forest;1
12087;167;179;183;land;true;plains;3
12088;142;159;204;land;false;plains;1
12089;242;133;152;land;false;plains;1
12090;247;104;253;land;false;forest;1
12091;190;220;99;land;false;forest;3
12092;190;149;237;land;true;forest;3
12093;237;170;186;land;false;plains;1
12094;208;198;222;land;false;forest;1
12095;243;247;101;land;true;forest;4
12096;195;239;178;land;false;forest;1
12097;70;238;216;land;false;plains;1
12098;193;220;115;land;false;desert;1
12099;225;147;209;land;true;urban;3
12100;236;243;31;land;true;forest;4
12101;243;104;161;land;false;jungle;2
12102;158;211;231;land;false;plains;2
12103;235;240;105;land;true;plains;1
12104;136;189;187;land;false;mountain;1
12105;201;160;154;land;false;plains;1
12106;189;246;180;land;false;jungle;2
12107;200;197;130;land;false;forest;1
12108;145;253;114;land;false;mountain;3
12109;154;247;211;land;false;forest;1
12110;163;169;186;land;false;mountain;1
12111;241;113;156;land;false;plains;2
12112;221;189;160;land;false;forest;2
12113;242;196;128;land;false;hills;1
12114;247;57;245;land;false;mountain;1
12115;204;249;222;land;false;mountain;1
12116;69;209;225;land;false;forest;3
12117;188;216;137;land;false;plains;1
12118;245;197;196;land;false;forest;1
12119;197;186;225;land;true;plains;3
12120;75;229;229;land;false;plains;1
12121;247;108;247;land;false;forest;3
12122;221;134;231;land;false;mountain;2
12123;114;172;237;land;true;plains;3
12124;102;233;236;land;true;forest;4
12125;180;170;196;land;true;plains;1
12126;203;162;212;land;false;plains;1
12127;233;254;105;land;true;plains;3
12128;215;111;180;land;true;forest;4
12129;104;229;208;land;false;plains;1
12130;199;234;149;land;false;plains;1
12131;229;220;52;land;true;forest;4
12132;241;128;220;land;false;forest;1
12133;71;211;246;land;false;plains;2
12134;212;169;121;land;false;hills;1
12135;160;155;241;land;true;plains;1
12136;237;48;253;land;false;desert;1
12137;219;47;235;land;true;plains;1
12138;226;196;139;land;false;forest;2
12139;226;42;237;land;false;forest;2
12140;167;106;243;land;false;urban;1
12141;252;58;193;land;false;forest;1
12142;175;177;235;land;false;forest;1
12143;133;218;162;land;false;plains;2
12144;224;230;213;land;false;plains;1
12145;238;199;70;land;false;plains;1
12146;213;206;148;land;false;forest;1
12147;200;216;193;land;false;plains;3
12148;242;145;157;land;false;plains;1
12149;237;65;230;land;false;forest;1
12150;237;140;254;land;false;forest;1
12151;212;184;147;land;false;mountain;1
12152;115;207;187;land;false;hills;1
12153;206;189;171;land;false;forest;3
12154;222;149;234;land;true;forest;3
12155;246;138;198;land;false;desert;1
12156;151;109;253;land;true;plains;1
12157;226;77;218;land;false;forest;3
12158;199;246;200;land;true;forest;2
12159;103;225;226;land;false;forest;2
12160;217;232;131;land;false;plains;2
12161;194;148;227;land;false;plains;2
12162;192;251;124;land;true;plains;1
12163;186;237;129;land;true;forest;4
12164;132;182;226;land;false;forest;2
12165;254;161;130;land;true;plains;1
12166;221;235;131;land;false;forest;1
12167;140;238;191;land;false;plains;2
12168;225;174;213;land;false;plains;3
12169;239;243;58;land;false;plains;1
12170;111;246;200;land;true;forest;2
12171;237;151;168;land;false;forest;2
12172;205;150;229;land;false;forest;1
12173;229;235;55;land;false;forest;1
12174;210;179;114;land;false;forest;1
12175;225;91;225;land;false;plains;1
12176;214;125;207;land;false;hills;2
12177;248;188;125;land;false;hills;1
12178;71;218;235;land;true;plains;1
12179;205;180;246;land;false;forest;2
12180;243;247;115;land;false;mountain;1
12181;163;198;251;land;true;plains;3
12182;230;159;172;land;true;forest;2
12183;242;113;203;land;false;jungle;2
12184;113;233;238;land;false;forest;1
12185;216;109;206;land;false;forest;1
12186;230;148;154;land;false;desert;1
12187;175;91;237;land;false;forest;1
12188;233;131;233;land;true;forest;3
12189;104;207;249;land;false;plains;1
12190;143;209;217;land;false;forest;1
12191;249;193;197;land;true;forest;4
12192;188;194;231;land;false;plains;2
12193;188;113;227;land;true;plains;1
12194;39;238;226;land;true;plains;3
12195;126;209;201;land;true;jungle;4
12196;254;241;77;land;false;forest;2
12197;187;249;72;land;false;plains;2
12198;232;105;253;land;false;plains;1
12199;201;239;147;land;false;desert;1
12200;150;203;159;land;false;mountain;2
12201;102;236;251;land;false;forest;1
12202;158;149;206;land;false;hills;1
12203;66;208;249;land;false;forest;1
12204;195;253;153;land;false;forest;1
12205;250;94;172;land;true;jungle;4
12206;164;254;129;land;false;marsh;2
12207;200;180;221;land;false;forest;2
12208;147;234;203;land;false;forest;1
12209;134;201;193;land;false;plains;1
12210;252;228;23;land;false;desert;1
12211;228;169;169;land;false;desert;1
12212;215;112;179;land;false;hills;2
12213;243;217;120;land;true;plains;1
12214;208;121;191;land;false;forest;1
12215;229;220;82;land;false;hills;2
12216;212;161;133;land;false;forest;1
12217;225;168;180;land;false;forest;1
12218;247;73;222;land;true;plains;3
12219;213;249;43;land;false;forest;1
12220;232;228;123;land;true;plains;1
12221;254;226;249;land;true;plains;3
12222;202;77;223;land;false;mountain;1
12223;132;199;226;land;false;desert;1
12224;144;221;155;land;false;mountain;1
12225;30;254;252;land;false;forest;1
12226;238;69;198;land;true;forest;4
12227;178;112;249;land;true;plains;1
12228;241;96;231;land;false;desert;1
12229;124;153;235;land;false;forest;1
12230;175;190;156;land;false;hills;1
12231;231;180;229;land;true;forest;4
12232;159;215;223;land;true;forest;4
12233;234;215;176;land;false;desert;1
12234;251;161;161;land;false;forest;1
12235;202;154;217;land;false;plains;1
12236;163;206;188;land;true;forest;4
12237;254;115;181;land;true;forest;4
12238;142;241;205;land;true;plains;1
12239;252;216;48;land;false;forest;1
12240;206;145;229;land;false;plains;1
12241;202;253;193;land;false;desert;1
12242;161;231;147;land;true;forest;4
12243;82;205;251;land;false;hills;2
12244;236;225;77;land;true;plains;1
12245;185;194;137;land;true;forest;4
12246;187;85;238;land;false;plains;1
12247;137;192;243;land;true;forest;4
12248;181;215;111;land;false;forest;2
12249;230;226;56;land;false;plains;2
12250;201;167;140;land;false;forest;1
12251;229;126;187;land;true;plains;1
12252;204;218;88;land;false;hills;1
12253;194;144;188;land;false;plains;2
12254;241;241;159;land;false;desert;1
12255;166;240;249;land;false;forest;1
12256;154;228;119;land;true;plains;3
12257;232;230;197;land;true;forest;4
12258;228;211;243;land;false;plains;2
12259;253;57;231;land;true;jungle;4
12260;234;77;224;land;true;forest;4
12261;89;235;194;land;true;forest;4
12262;218;235;61;land;true;plains;1
12263;218;182;131;land;false;desert;1
12264;159;235;177;land;true;forest;4
12265;248;71;247;land;false;plains;2
12266;216;111;252;land;false;plains;2
12267;238;246;81;land;false;hills;1
12268;247;198;137;land;false;forest;1
12269;206;230;69;land;true;plains;1
12270;236;216;52;land;false;plains;1
12271;187;204;138;land;false;desert;1
12272;203;157;144;land;true;forest;4
12273;251;166;250;land;false;marsh;2
12274;240;149;134;land;false;forest;1
12275;248;151;136;land;true;forest;4
12276;232;113;199;land;false;plains;2
12277;252;65;230;land;false;hills;2
12278;182;246;121;land;false;forest;1
12279;170;158;226;land;true;forest;4
12280;128;154;244;land;true;forest;4
12281;241;229;46;land;false;forest;2
12282;165;205;203;land;false;plains;2
12283;213;164;156;land;false;hills;1
12284;198;120;250;land;true;plains;1
12285;142;162;216;land;true;forest;4
12286;168;217;217;land;false;forest;2
12287;235;179;106;land;false;desert;1
12288;179;187;199;land;false;hills;2
12289;169;181;231;land;false;forest;1
12290;231;178;221;land;false;plains;2
12291;166;232;148;land;false;forest;1
12292;60;238;216;land;true;forest;4
12293;253;235;190;land;true;forest;4
12294;152;188;165;land;true;forest;2
12295;226;190;126;land;false;forest;1
12296;98;179;250;land;false;forest;1
12297;134;230;153;land;false;mountain;1
12298;153;239;138;land;true;forest;4
12299;232;233;243;land;false;plains;2
12300;214;189;99;land;false;plains;1
12301;215;133;165;land;false;forest;1
12302;181;172;178;land;false;plains;2
12303;80;246;251;land;true;plains;2
12304;140;253;243;land;true;forest;4
12305;192;253;97;land;true;forest;4
12306;248;220;99;land;false;plains;2
12307;203;247;220;land;false;plains;1
12308;231;64;212;land;false;mountain;1
12309;59;220;249;land;true;forest;4
12310;227;240;195;land;true;forest;4
12311;231;150;243;land;true;forest;4
12312;250;175;113;land;true;forest;2
12313;207;195;126;land;true;plains;2
12314;128;190;233;land;false;hills;1
12315;222;226;220;land;true;forest;4
12316;242;199;144;land;true;forest;4
12317;117;236;192;land;false;forest;1
12318;63;244;248;land;false;forest;1
12319;178;230;108;land;true;plains;2
12320;220;249;53;land;false;mountain;1
12321;146;240;183;land;true;forest;2
12322;224;108;185;land;false;desert;1
12323;249;128;213;land;true;forest;4
12324;251;222;150;land;false;forest;2
12325;173;152;189;land;false;forest;2
12326;166;156;215;land;false;plains;2
12327;209;177;170;land;true;plains;2
12328;170;117;234;land;false;mountain;1
12329;78;252;240;land;false;plains;1
12330;169;173;209;land;false;forest;1
12331;206;229;236;land;true;forest;4
12332;254;160;227;land;true;forest;4
12333;187;86;241;land;true;forest;4
12334;217;200;90;land;false;forest;4
12335;217;187;176;land;false;forest;1
12336;238;125;189;land;false;plains;1
12337;173;115;233;land;false;hills;1
12338;243;238;23;land;false;plains;1
12339;207;206;215;land;false;desert;1
12340;163;227;235;land;true;plains;2
12341;100;224;215;land;true;forest;4
12342;79;232;252;land;false;desert;1
12343;230;75;213;land;true;forest;4
12344;111;149;250;land;true;forest;2
12345;243;196;232;land;false;plains;2
12346;249;167;147;land;true;forest;4
12347;148;160;247;land;false;plains;2
12348;239;219;104;land;false;plains;2
12349;210;179;134;land;false;forest;1
12350;134;210;229;land;false;plains;1
12351;251;236;87;land;false;forest;1
12352;202;187;204;land;false;plains;1
12353;247;205;242;land;false;mountain;2
12354;207;254;249;land;false;forest;1
12355;221;162;128;land;false;forest;4
12356;206;163;183;land;false;hills;1
12357;144;233;233;land;false;desert;1
12358;19;250;232;land;false;mountain;1
12359;82;205;226;land;true;forest;4
12360;231;186;216;land;true;forest;4
12361;193;242;75;land;true;forest;4
12362;116;168;236;land;false;forest;4
12363;146;215;247;land;true;plains;2
12364;205;141;157;land;true;forest;4
12365;155;197;246;land;false;forest;4
12366;240;182;99;land;false;plains;2
12367;202;204;207;land;false;forest;2
12368;212;93;228;land;true;plains;1
12369;58;206;252;land;false;forest;1
12370;224;156;229;land;false;plains;1
12371;242;209;125;land;true;marsh;2
12372;146;252;160;land;false;hills;2
12373;217;254;93;land;false;plains;1
12374;232;231;140;land;false;hills;1
12375;186;228;188;land;true;forest;4
12376;216;225;201;land;false;hills;1
12377;199;237;244;land;true;forest;3
12378;248;168;119;land;false;marsh;2
12379;237;221;133;land;false;plains;2
12380;160;145;220;land;false;forest;1
12381;181;250;249;land;false;forest;4
12382;234;113;168;land;false;desert;1
12383;111;224;190;land;false;desert;1
12384;210;151;208;land;false;plains;2
12385;164;252;156;land;false;forest;1
12386;116;230;211;land;true;forest;4
12387;188;182;173;land;false;marsh;2
12388;224;239;237;land;true;forest;4
12389;229;232;195;land;true;forest;4
12390;254;233;245;land;true;forest;4
12391;208;158;212;land;false;plains;2
12392;68;239;207;land;false;plains;2
12393;136;211;216;land;false;forest;2
12394;229;180;203;land;false;forest;1
12395;184;246;181;land;true;forest;4
12396;201;169;210;land;false;plains;2
12397;230;140;147;land;false;hills;1
12398;121;225;229;land;true;plains;1
12399;105;218;222;land;true;forest;4
12400;231;132;185;land;false;plains;2
12401;214;200;238;land;false;mountain;2
12402;212;210;117;land;false;hills;1
12403;179;198;166;land;false;forest;1
12404;230;90;198;land;true;forest;4
12405;196;227;170;land;true;plains;1
12406;174;237;124;land;false;desert;1
12407;188;251;201;land;false;jungle;4
12408;248;241;254;land;false;forest;4
12409;137;133;232;land;true;forest;4
12410;231;240;58;land;false;plains;2
12411;85;233;231;land;false;urban;2
12412;196;127;247;land;true;plains;2
12413;210;208;128;land;true;forest;4
12414;248;196;220;land;false;forest;2
12415;153;244;251;land;true;forest;4
12416;196;232;106;land;false;marsh;2
12417;236;173;138;land;false;forest;2
12418;230;179;155;land;false;forest;2
12419;158;162;244;land;false;plains;1
12420;239;236;160;land;false;mountain;1
12421;117;167;240;land;false;forest;2
12422;185;198;197;land;false;forest;1
12423;116;220;166;land;false;plains;4
12424;231;101;202;land;true;forest;4
12425;202;246;139;land;false;forest;1
12426;149;187;230;land;true;forest;4
12427;220;109;177;land;false;forest;4
12428;186;230;231;land;false;plains;2
12429;243;166;159;land;false;forest;1
12430;100;169;247;land;false;forest;1
12431;222;85;229;land;false;plains;1
12432;250;182;136;land;false;plains;1
12433;222;224;94;land;false;forest;4
12434;235;248;59;land;true;forest;4
12435;204;81;233;land;true;forest;4
12436;175;196;209;land;false;plains;1
12437;229;253;78;land;false;mountain;1
12438;167;252;173;land;true;forest;4
12439;98;223;188;land;false;forest;4
12440;102;239;186;land;false;forest;2
12441;160;181;248;land;true;plains;1
12442;176;77;253;land;true;forest;4
12443;43;251;239;land;false;forest;4
12444;237;186;201;land;false;mountain;2
12445;72;239;204;land;false;hills;1
12446;229;137;144;land;false;desert;1
12447;180;187;168;land;false;marsh;4
12448;159;198;147;land;true;plains;1
12449;230;243;230;land;true;forest;4
12450;237;200;71;land;true;forest;4
12451;244;170;98;land;false;jungle;4
12452;221;141;204;land;false;forest;2
12453;172;205;128;land;false;hills;1
12454;216;145;249;land;true;forest;4
12455;239;245;142;land;false;forest;4
12456;218;197;217;land;false;marsh;4
12457;139;245;244;land;false;forest;2
12458;204;223;243;land;false;desert;1
12459;91;253;203;land;true;forest;4
12460;249;175;238;land;false;plains;4
12461;195;244;179;land;true;plains;2
12462;164;254;190;land;false;forest;2
12463;165;134;253;land;false;hills;1
12464;156;241;106;land;true;forest;4
12465;153;239;234;land;false;plains;4
12466;252;138;234;land;false;marsh;2
12467;124;228;183;land;false;plains;2
12468;134;236;195;land;false;forest;1
12469;190;186;127;land;false;hills;1
12470;193;223;214;land;false;jungle;4
12471;87;190;251;land;false;forest;2
12472;205;253;186;land;false;forest;2
12473;221;42;245;land;false;plains;1
12474;85;228;249;land;true;forest;4
12475;231;160;234;land;false;forest;1
12476;198;242;143;land;false;mountain;1
12477;243;239;111;land;false;forest;2
12478;248;151;212;land;false;forest;1
12479;222;254;26;land;false;forest;1
12480;238;107;250;land;true;forest;4
12481;241;117;238;land;false;hills;1
12482;189;249;132;land;false;forest;1
12483;239;149;160;land;false;desert;1
12484;226;175;194;land;false;desert;1
12485;242;150;157;land;false;forest;1
12486;20;249;245;land;true;forest;4
12487;233;236;140;land;false;marsh;2
12488;98;202;224;land;false;hills;1
12489;108;227;224;land;true;forest;4
12490;168;250;196;land;false;jungle;4
12491;226;192;205;land;false;mountain;2
12492;91;246;234;land;false;plains;2
12493;176;164;197;land;false;forest;1
12494;76;224;224;land;false;jungle;4
12495;236;141;191;land;false;jungle;4
12496;213;164;126;land;false;forest;1
12497;212;235;193;land;false;plains;1
12498;233;56;250;land;false;mountain;1
12499;101;187;231;land;false;desert;1
12500;164;196;236;land;true;forest;4
12501;209;229;136;land;true;forest;4
12502;149;137;222;land;true;forest;4
12503;76;254;241;land;false;forest;2
12504;251;23;252;land;true;forest;4
12505;210;253;229;land;false;plains;1
12506;176;82;251;land;false;desert;1
12507;198;118;198;land;false;marsh;2
12508;166;220;219;land;false;mountain;2
12509;249;140;221;land;false;marsh;2
12510;180;105;228;land;false;mountain;1
12511;89;253;179;land;false;desert;1
12512;121;192;245;land;false;hills;1
12513;238;220;111;land;false;forest;2
12514;198;252;247;land;false;plains;2
12515;175;187;167;land;false;marsh;2
12516;248;65;212;land;true;forest;4
12517;198;179;140;land;false;plains;4
12518;107;250;214;land;false;hills;4
12519;164;237;103;land;false;marsh;2
12520;204;95;216;land;false;urban;1
12521;122;206;183;land;false;mountain;1
12522;203;216;249;land;true;forest;4
12523;47;246;252;land;false;marsh;2
12524;203;162;227;land;false;forest;2
12525;242;189;248;land;false;hills;1
12526;110;185;254;land;false;forest;1
12527;203;174;142;land;true;forest;4
12528;51;228;239;land;true;forest;4
12529;189;151;247;land;false;plains;4
12530;247;160;98;land;false;forest;1
12531;248;186;177;land;false;marsh;2
12532;221;174;216;land;false;hills;2
12533;223;145;151;land;false;mountain;2
12534;188;147;238;land;false;marsh;2
12535;149;254;241;land;true;forest;4
12536;225;106;241;land;true;forest;4
12537;148;191;172;land;false;forest;2
12538;226;187;122;land;false;jungle;4
12539;166;242;157;land;false;mountain;1
12540;233;253;154;land;false;desert;1
12541;184;189;209;land;true;forest;4
12542;186;243;180;land;true;forest;4
12543;139;193;214;land;false;plains;4
12544;115;178;239;land;true;plains;2
12545;130;235;139;land;false;mountain;1
12546;155;184;206;land;true;forest;4
12547;185;109;254;land;false;forest;4
12548;169;161;199;land;true;forest;4
12549;32;250;250;land;false;forest;1
12550;60;206;254;land;false;jungle;4
12551;115;234;245;land;false;jungle;4
12552;131;204;169;land;true;jungle;4
12553;254;243;15;land;false;forest;2
12554;224;250;200;land;false;forest;1
12555;240;201;125;land;false;desert;1
12556;203;226;154;land;false;marsh;2
12557;125;217;249;land;false;mountain;4
12558;196;243;204;land;false;mountain;2
12559;207;93;225;land;false;plains;2
12560;201;180;226;land;false;marsh;2
12561;216;237;107;land;false;marsh;2
12562;229;209;123;land;false;marsh;2
12563;82;223;202;land;false;plains;1
12564;25;243;245;land;false;forest;4
12565;216;158;198;land;false;jungle;4
12566;143;254;143;land;false;forest;2
12567;218;130;252;land;true;forest;4
12568;204;177;134;land;false;plains;4
12569;216;181;128;land;false;forest;4
12570;187;178;162;land;true;forest;4
12571;145;191;249;land;false;marsh;2
12572;234;166;221;land;false;plains;1
12573;244;90;220;land;false;desert;1
12574;71;249;208;land;true;forest;4
12575;204;153;244;land;false;forest;2
12576;246;181;181;land;false;hills;1
12577;217;211;211;land;true;forest;4
12578;245;201;104;land;false;plains;2
12579;214;174;135;land;false;marsh;2
12580;114;167;224;land;false;forest;2
12581;114;212;188;land;false;desert;1
12582;174;200;220;land;false;mountain;1
12583;152;221;207;land;true;forest;4
12584;214;125;180;land;true;forest;4
12585;247;154;165;land;true;forest;4
12586;212;174;128;land;false;marsh;4
12587;170;153;226;land;true;plains;4
12588;189;227;144;land;false;forest;4
12589;201;151;217;land;false;mountain;1
12590;183;167;219;land;false;jungle;4
12591;173;209;172;land;false;mountain;1
12592;143;240;198;land;false;forest;1
12593;130;197;192;land;false;forest;4
12594;229;237;133;land;false;forest;4
12595;110;184;212;land;false;hills;4
12596;236;244;53;land;false;forest;4
12597;203;243;134;land;false;forest;2
12598;220;165;252;land;false;hills;1
12599;126;181;202;land;false;forest;4
12600;237;109;190;land;false;plains;1
12601;146;237;170;land;false;desert;1
12602;139;197;207;land;false;desert;1
12603;250;130;221;land;false;hills;4
12604;214;201;151;land;false;desert;1
12605;248;183;131;land;false;hills;4
12606;243;233;209;land;false;hills;4
12607;171;222;180;land;false;mountain;2
12608;204;178;247;land;true;forest;1
12609;92;197;222;land;false;hills;1
12610;185;249;130;land;false;hills;1
12611;226;241;146;land;false;forest;4
12612;247;231;54;land;true;forest;4
12613;153;222;246;land;false;plains;2
12614;167;227;120;land;false;mountain;2
12615;185;156;224;land;false;forest;2
12616;247;207;218;land;false;forest;4
12617;246;69;217;land;false;marsh;4
12618;185;181;213;land;false;forest;2
12619;165;245;159;land;true;plains;1
12620;225;194;253;land;true;jungle;4
12621;253;73;221;land;false;hills;1
12622;193;202;117;land;true;forest;4
12623;159;252;137;land;true;plains;4
12624;160;103;244;land;false;marsh;2
12625;214;191;218;land;false;marsh;2
12626;168;184;155;land;false;desert;1
12627;213;89;222;land;false;hills;4
12628;173;217;130;land;false;marsh;4
12629;155;159;229;land;false;marsh;2
12630;234;156;171;land;true;plains;2
12631;141;144;220;land;false;plains;1
12632;218;197;215;land;false;forest;1
12633;243;222;73;land;false;forest;1
12634;190;96;217;land;false;hills;1
12635;166;201;246;land;false;hills;1
12636;217;223;249;land;false;forest;4
12637;249;89;247;land;false;forest;2
12638;102;229;206;land;false;forest;1
12639;102;253;192;land;false;mountain;2
12640;236;228;140;land;false;forest;1
12641;229;120;177;land;false;forest;1
12642;170;161;179;land;true;forest;4
12643;139;240;132;land;false;forest;4
12644;178;89;254;land;false;marsh;4
12645;189;154;247;land;false;plains;4
12646;200;147;198;land;false;jungle;4
12647;209;225;129;land;false;jungle;2
12648;232;108;212;land;false;forest;4
12649;106;248;155;land;false;forest;1
12650;243;134;139;land;false;desert;1
12651;236;212;156;land;false;forest;1
12652;252;36;219;land;false;forest;1
12653;61;248;242;land;false;mountain;4
12654;92;175;252;land;false;marsh;2
12655;238;151;182;land;false;mountain;1
12656;252;174;122;land;false;forest;2
12657;232;130;177;land;false;hills;1
12658;198;67;249;land;false;mountain;1
12659;185;88;248;land;false;desert;1
12660;229;251;149;land;false;forest;4
12661;240;128;225;land;false;marsh;4
12662;96;177;252;land;true;plains;2
12663;197;174;147;land;false;forest;2
12664;202;232;159;land;false;mountain;1
12665;113;225;213;land;false;forest;1
12666;152;211;247;land;false;forest;4
12667;211;74;231;land;false;mountain;1
12668;212;233;85;land;true;plains;4
12669;235;195;177;land;false;mountain;2
12670;123;203;221;land;false;marsh;2
12671;190;157;220;land;false;plains;1
12672;244;250;141;land;false;forest;1
12673;218;171;164;land;true;plains;1
12674;139;195;204;land;false;jungle;2
12675;219;130;195;land;true;forest;2
12676;167;119;227;land;false;desert;1
12677;136;222;208;land;false;desert;1
12678;68;223;242;land;false;forest;4
12679;215;247;55;land;true;forest;4
12680;248;230;48;land;false;plains;4
12681;200;207;117;land;false;mountain;4
12682;236;187;87;land;false;hills;1
12683;218;238;212;land;true;forest;4
12684;112;217;190;land;false;marsh;4
12685;169;247;134;land;false;plains;1
12686;227;161;121;land;false;forest;1
12687;95;227;202;land;false;hills;1
12688;216;228;111;land;false;desert;1
12689;245;195;145;land;true;forest;4
12690;226;251;167;land;false;forest;2
12691;243;210;248;land;false;jungle;2
12692;160;204;190;land;false;marsh;2
12693;197;115;205;land;false;forest;1
12694;146;183;240;land;false;mountain;1
12695;90;222;238;land;false;forest;1
12696;118;195;192;land;false;marsh;4
12697;115;240;230;land;false;forest;4
12698;184;181;188;land;false;plains;4
12699;161;128;253;land;false;marsh;2
12700;172;194;185;land;false;mountain;1
12701;247;223;167;land;false;marsh;4
12702;90;194;253;land;false;desert;1
12703;79;233;234;land;false;marsh;4
12704;215;160;230;land;false;marsh;4
12705;146;206;182;land;false;plains;4
12706;247;134;145;land;false;mountain;2
12707;249;78;176;land;false;marsh;4
12708;232;234;66;land;false;forest;4
12709;227;104;170;land;false;marsh;2
12710;191;164;250;land;false;plains;4
12711;150;165;222;land;false;forest;1
12712;175;240;122;land;false;desert;1
12713;160;233;180;land;false;forest;2
12714;203;178;221;land;false;marsh;2
12715;182;246;176;land;false;forest;4
12716;212;192;159;land;true;plains;4
12717;171;162;228;land;false;marsh;4
12718;248;50;232;land;false;marsh;4
12719;202;189;225;land;false;hills;1
12720;233;112;226;land;false;desert;1
12721;254;222;206;land;false;forest;4
12722;229;107;192;land;false;mountain;1
12723;245;197;154;land;true;plains;4
12724;254;91;218;land;false;mountain;1
12725;58;238;251;land;false;desert;1
12726;121;230;198;land;false;forest;1
12727;217;222;72;land;false;marsh;4
12728;232;202;202;land;true;plains;1
12729;242;231;216;land;false;desert;1
12730;249;205;142;land;false;marsh;4
12731;191;153;163;land;true;forest;4
12732;220;149;198;land;false;plains;4
12733;94;217;203;land;false;hills;4
12734;253;192;70;land;false;mountain;2
12735;152;236;117;land;false;jungle;2
12736;227;53;226;land;false;forest;1
12737;168;129;235;land;false;hills;1
12738;144;235;230;land;false;marsh;4
12739;172;192;161;land;true;forest;4
12740;245;245;248;land;false;mountain;4
12741;165;193;175;land;false;jungle;4
12742;224;233;148;land;false;forest;2
12743;242;189;98;land;false;forest;1
12744;203;167;157;land;false;mountain;1
12745;154;188;224;land;false;forest;2
12746;229;63;251;land;false;forest;2
12747;248;189;69;land;false;forest;2
12748;161;232;229;land;false;mountain;1
12749;109;183;217;land;true;forest;4
12750;249;222;116;land;false;marsh;4
12751;103;234;176;land;true;plains;4
12752;156;222;174;land;false;forest;1
12753;58;250;193;land;false;mountain;1
12754;143;198;236;land;false;desert;1
12755;193;174;164;land;false;marsh;4
12756;220;246;192;land;false;marsh;4
12757;193;179;186;land;false;mountain;4
12758;209;131;182;land;false;forest;4
12759;236;106;179;land;true;plains;2
12760;225;139;172;land;false;forest;4
12761;187;207;125;land;true;forest;4
12762;189;198;230;land;false;plains;2
12763;207;150;159;land;false;marsh;4
12764;196;208;119;land;false;forest;2
12765;249;237;143;land;false;jungle;2
12766;156;170;217;land;false;forest;1
12767;136;174;221;land;false;forest;1
12768;163;165;220;land;false;mountain;1
12769;240;111;225;land;false;jungle;4
12770;203;162;197;land;true;plains;4
12771;219;102;229;land;false;forest;2
12772;159;185;190;land;false;marsh;2
12773;248;181;74;land;false;desert;1
12774;208;236;193;land;false;desert;1
12775;244;236;43;land;false;forest;1
12776;225;179;216;land;false;desert;1
12777;239;232;236;land;false;plains;2
12778;170;126;221;land;false;hills;1
12779;235;190;84;land;false;hills;1
12780;86;224;200;land;false;forest;1
12781;236;134;210;land;false;hills;1
12782;249;167;215;land;false;forest;1
12783;200;118;249;land;false;desert;1
12784;195;186;163;land;true;forest;4
12785;227;222;62;land;false;plains;4
12786;156;160;191;land;false;mountain;4
12787;225;246;233;land;false;forest;1
12788;206;94;218;land;false;hills;1
12789;198;191;163;land;false;forest;1
12790;175;149;204;land;false;forest;1
12791;154;210;189;land;false;marsh;4
12792;240;246;232;land;false;forest;4
12793;239;243;77;land;false;forest;2
12794;61;193;249;land;false;forest;2
12795;229;151;205;land;false;forest;2
12796;78;212;238;land;false;forest;2
12797;117;251;194;land;false;hills;1
12798;212;164;250;land;false;desert;1
12799;129;206;229;land;false;jungle;1
12800;174;179;175;land;false;forest;1
12801;213;222;167;land;false;jungle;4
12802;159;212;156;land;false;mountain;1
12803;161;229;155;land;false;desert;1
12804;212;233;115;land;false;forest;1
12805;233;232;79;land;false;forest;2
12806;222;109;227;land;false;jungle;2
12807;243;147;226;land;false;forest;1
12808;226;206;232;land;false;marsh;4
12809;195;226;115;land;false;forest;2
12810;190;246;143;land;false;desert;1
12811;148;172;236;land;true;forest;4
12812;191;240;151;land;false;forest;4
12813;241;229;243;land;true;plains;2
12814;254;127;199;land;false;marsh;4
12815;193;172;188;land;false;forest;4
12816;191;135;234;land;false;mountain;4
12817;243;149;175;land;false;forest;4
12818;212;200;224;land;true;jungle;4
12819;230;158;174;land;false;plains;2
12820;196;188;189;land;false;marsh;4
12821;253;144;242;land;true;jungle;1
12822;177;114;233;land;false;plains;4
12823;106;232;228;land;true;forest;4
12824;207;206;149;land;false;mountain;2
12825;253;56;243;land;false;hills;1
12826;244;93;179;land;false;forest;4
12827;251;201;114;land;false;hills;4
12828;183;164;198;land;true;forest;4
12829;219;226;89;land;true;forest;4
12830;111;172;243;land;false;hills;1
12831;249;147;187;land;false;forest;4
12832;234;158;195;land;false;hills;4
12833;232;224;84;land;false;forest;2
12834;133;182;230;land;false;forest;2
12835;164;241;207;land;false;plains;2
12836;209;124;176;land;false;forest;1
12837;179;168;229;land;false;desert;1
12838;211;229;90;land;false;desert;1
12839;170;110;253;land;false;jungle;1
12840;253;221;126;land;false;hills;4
12841;201;197;109;land;false;mountain;1
12842;171;232;231;land;false;forest;4
12843;146;214;229;land;false;jungle;4
12844;248;61;207;land;false;mountain;4
12845;249;175;97;land;false;marsh;4
12846;83;250;169;land;false;marsh;4
12847;230;133;139;land;false;marsh;4
12848;109;240;183;land;false;forest;1
12849;133;202;241;land;false;mountain;1
12850;197;203;165;land;false;mountain;1
12851;162;206;212;land;false;marsh;4
12852;230;230;134;land;false;hills;4
12853;87;241;242;land;false;desert;1
12854;203;231;235;land;true;plains;4
12855;201;117;206;land;false;forest;2
12856;249;241;35;land;false;desert;1
12857;242;63;222;land;false;marsh;4
12858;235;113;232;land;false;plains;2
12859;172;210;239;land;true;forest;2
12860;201;200;160;land;false;marsh;4
12861;41;250;218;land;false;forest;2
12862;183;214;181;land;false;forest;1
12863;119;250;234;land;false;forest;1
12864;200;189;168;land;false;marsh;4
12865;167;213;203;land;false;jungle;4
12866;252;251;149;land;false;hills;1
12867;137;229;192;land;false;marsh;4
12868;180;222;168;land;false;mountain;4
12869;235;149;239;land;false;jungle;4
12870;176;169;205;land;false;desert;1
12871;199;217;177;land;false;jungle;1
12872;209;169;213;land;false;jungle;1
12873;175;218;118;land;false;hills;2
12874;237;163;172;land;true;forest;1
12875;158;219;161;land;false;desert;1
12876;226;130;237;land;false;desert;1
12877;190;160;254;land;false;jungle;1
12878;129;148;254;land;true;jungle;1
12879;232;100;189;land;false;marsh;4
12880;249;230;46;land;false;hills;4
12881;251;210;242;land;false;forest;2
12882;235;215;81;land;false;forest;1
12883;144;199;248;land;false;forest;1
12884;181;204;160;land;false;forest;1
12885;211;201;198;land;false;hills;1
12886;211;173;140;land;false;hills;4
12887;252;138;223;land;false;marsh;4
12888;247;92;218;land;false;forest;2
12889;240;123;180;land;false;mountain;1
12890;244;131;187;land;false;hills;1
12891;148;254;254;land;false;desert;1
12892;162;209;133;land;false;desert;1
12893;229;220;62;land;false;desert;1
12894;130;215;180;land;false;hills;4
12895;70;213;226;land;false;hills;4
12896;178;174;228;land;false;forest;2
12897;217;182;212;land;false;hills;1
12898;247;166;196;land;false;forest;1
12899;169;190;235;land;false;marsh;4
12900;239;143;179;land;true;forest;4
12901;239;230;203;land;false;forest;4
12902;238;232;223;land;false;forest;1
12903;248;96;203;land;false;mountain;1
12904;225;199;108;land;false;forest;1
12905;211;208;200;land;false;forest;1
12906;164;175;211;land;false;hills;1
12907;217;159;170;land;false;plains;2
12908;249;231;199;land;false;jungle;1
12909;240;243;39;land;false;marsh;4
12910;211;177;116;land;false;hills;4
12911;180;211;180;land;false;marsh;4
12912;244;71;192;land;false;forest;4
12913;115;232;196;land;true;jungle;4
12914;220;111;247;land;false;plains;2
12915;210;127;176;land;false;forest;2
12916;172;143;196;land;false;forest;1
12917;208;239;190;land;false;marsh;4
12918;173;242;202;land;false;forest;2
12919;96;250;175;land;false;desert;1
12920;214;162;173;land;false;hills;4
12921;241;63;229;land;false;forest;4
12922;69;229;244;land;false;hills;1
12923;240;230;206;land;false;hills;1
12924;239;245;253;land;false;forest;1
12925;253;193;136;land;false;hills;1
12926;172;226;224;land;false;forest;1
12927;247;159;239;land;false;plains;2
12928;170;178;235;land;false;mountain;1
12929;205;211;245;land;false;forest;2
12930;165;245;185;land;true;forest;1
12931;172;238;195;land;false;marsh;4
12932;254;62;197;land;false;mountain;4
12933;49;243;245;land;false;forest;4
12934;111;190;246;land;false;plains;2
12935;214;149;178;land;false;forest;4
12936;116;217;219;land;true;forest;4
12937;249;232;50;land;false;forest;2
12938;151;217;204;land;false;hills;4
12939;154;227;182;land;true;jungle;4
12940;230;206;205;land;false;plains;2
12941;247;253;169;land;false;forest;1
12942;152;187;248;land;false;desert;1
12943;191;179;244;land;false;forest;4
12944;246;254;238;land;false;forest;2
12945;147;144;241;land;true;forest;2
12946;240;123;207;land;false;hills;1
12947;225;225;88;land;false;desert;1
12948;183;157;206;land;false;hills;4
12949;203;229;168;land;false;mountain;4
12950;137;154;238;land;false;marsh;4
12951;236;181;160;land;false;hills;4
12952;128;227;182;land;false;marsh;4
12953;237;238;214;land;false;marsh;4
12954;194;253;171;land;false;forest;1
12955;251;240;177;land;false;forest;1
12956;164;160;227;land;false;desert;1
12957;203;184;136;land;false;plains;2
12958;183;186;173;land;false;forest;2
12959;233;253;87;land;false;forest;2
12960;154;203;223;land;false;mountain;4
12961;222;164;247;land;false;mountain;4
12962;202;179;151;land;false;plains;2
12963;229;79;214;land;false;hills;1
12964;238;225;54;land;false;marsh;4
12965;194;153;213;land;false;marsh;4
12966;80;243;220;land;false;marsh;4
12967;254;236;139;land;false;forest;4
12968;115;206;210;land;false;desert;1
12969;125;192;193;land;false;jungle;1
12970;166;207;248;land;false;mountain;4
12971;26;254;237;land;false;plains;2
12972;220;67;252;land;false;forest;1
12973;210;232;191;land;false;forest;1
12974;143;253;176;land;false;hills;4
12975;239;251;59;land;false;forest;4
12976;123;253;194;land;false;hills;1
12977;144;144;224;land;false;hills;1
12978;243;135;230;land;false;marsh;4
12979;154;242;180;land;false;mountain;4
12980;237;110;191;land;true;plains;2
12981;118;210;196;land;false;forest;2
12982;213;254;188;land;false;jungle;4
12983;231;234;178;land;false;hills;4
12984;232;105;234;land;false;hills;2
12985;233;187;171;land;false;hills;4
12986;116;225;211;land;true;forest;4
12987;208;184;123;land;false;plains;2
12988;124;201;194;land;false;mountain;4
12989;247;241;156;land;false;desert;1
12990;253;24;235;land;false;forest;4
12991;246;116;175;land;false;plains;2
12992;197;210;200;land;false;hills;1
12993;249;187;141;land;false;forest;1
12994;161;169;189;land;false;mountain;4
12995;245;69;227;land;false;marsh;4
12996;138;193;174;land;false;plains;4
12997;253;143;181;land;true;forest;2
12998;193;237;213;land;false;hills;1
12999;222;198;154;land;false;forest;1
13000;173;244;120;land;false;mountain;4
13001;232;184;112;land;false;plains;2
13002;191;166;243;land;false;forest;2
13003;213;243;97;land;false;desert;1
13004;142;167;231;land;false;jungle;1
13005;218;179;111;land;false;hills;4
13006;212;252;100;land;false;forest;2
13007;230;180;245;land;true;forest;2
13008;241;208;226;land;false;hills;1
13009;230;238;234;land;false;desert;1
13010;248;207;140;land;false;marsh;4
13011;196;243;128;land;false;forest;1
13012;194;235;208;land;false;desert;1
13013;210;113;241;land;false;jungle;1
13014;203;228;175;land;false;jungle;1
13015;233;60;216;land;true;jungle;4
13016;207;242;197;land;false;desert;1
13017;250;155;203;land;false;jungle;1
13018;200;103;243;land;false;mountain;4
13019;176;213;172;land;false;hills;2
13020;71;233;239;land;false;jungle;1
13021;245;44;215;land;false;plains;4
13022;159;246;245;land;true;forest;1
13023;196;175;154;land;false;hills;1
13024;193;210;155;land;false;forest;1
13025;238;250;194;land;false;marsh;4
13026;219;216;163;land;false;mountain;4
13027;240;105;241;land;false;forest;2
13028;132;246;249;land;false;forest;1
13029;232;244;70;land;false;hills;4
13030;89;249;163;land;false;jungle;4
13031;76;197;253;land;false;forest;4
13032;184;172;173;land;false;plains;2
13033;150;222;157;land;false;desert;1
13034;173;140;231;land;true;forest;4
13035;220;206;235;land;false;hills;2
13036;106;195;210;land;false;forest;2
13037;249;187;165;land;false;mountain;4
13038;199;178;244;land;false;mountain;4
13039;254;154;226;land;false;forest;2
13040;148;118;253;land;false;forest;1
13041;106;216;235;land;false;desert;1
13042;146;222;239;land;false;mountain;1
13043;200;197;172;land;false;hills;4
13044;225;134;170;land;false;plains;2
13045;247;218;219;land;false;hills;1
13046;248;194;75;land;true;forest;4
13047;211;216;157;land;false;forest;1
13048;241;193;197;land;false;hills;1
13049;219;231;136;land;false;hills;1
13050;216;150;253;land;false;jungle;1
13051;86;251;180;land;false;plains;4
13052;239;97;241;land;false;hills;4
13053;158;229;240;land;false;hills;4
13054;208;186;189;land;false;forest;1
13055;171;251;120;land;false;hills;1
13056;205;215;122;land;false;jungle;1
13057;251;88;195;land;false;hills;1
13058;177;184;202;land;false;mountain;4
13059;172;182;242;land;false;forest;2
13060;247;105;232;land;false;jungle;4
13061;223;184;246;land;true;forest;4
13062;168;220;246;land;false;forest;1
13063;152;167;188;land;false;forest;1
13064;248;95;243;land;false;plains;4
13065;129;215;165;land;false;plains;4
13066;206;223;225;land;false;mountain;4
13067;216;229;139;land;false;forest;4
13068;201;144;162;land;true;forest;2
13069;153;134;232;land;false;jungle;1
13070;146;179;241;land;false;jungle;2
13071;239;101;224;land;false;forest;2
13072;167;155;198;land;false;jungle;1
13073;133;185;239;land;false;plains;4
13074;196;137;245;land;false;plains;2
13075;247;231;243;land;false;plains;4
13076;222;173;149;land;false;hills;4
13077;183;85;251;land;false;mountain;4
13078;239;129;213;land;false;hills;4
13079;251;237;23;land;false;forest;1
13080;235;222;117;land;false;jungle;1
13081;188;252;136;land;false;hills;4
13082;167;219;198;land;false;hills;4
13083;240;229;201;land;false;hills;2
13084;189;137;230;land;false;hills;1
13085;162;248;225;land;true;plains;2
13086;117;213;189;land;true;plains;2
13087;206;253;216;land;false;marsh;1
13088;80;237;233;land;false;jungle;4
13089;117;188;202;land;false;forest;1
13090;210;251;193;land;false;mountain;1
13091;215;129;206;land;false;marsh;4
13092;253;136;203;land;false;plains;4
13093;130;230;145;land;false;forest;1
13094;184;144;216;land;false;marsh;4
13095;84;233;227;land;false;forest;1
13096;114;141;246;land;false;jungle;4
13097;223;191;152;land;false;plains;4
13098;147;253;165;land;false;forest;1
13099;97;248;166;land;false;mountain;4
13100;192;250;112;land;true;plains;2
13101;237;211;118;land;true;plains;2
13102;136;199;221;land;false;hills;4
13103;194;203;154;land;false;forest;4
13104;192;237;83;land;false;plains;4
13105;183;116;244;land;false;marsh;1
13106;152;174;234;land;false;plains;4
13107;189;242;128;land;false;forest;1
13108;175;145;205;land;false;hills;4
13109;176;186;248;land;false;marsh;4
13110;99;194;230;land;false;hills;2
13111;235;115;218;land;false;forest;2
13112;195;163;155;land;false;hills;1
13113;176;107;233;land;true;forest;4
13114;216;213;100;land;false;forest;2
13115;237;75;248;land;true;forest;1
13116;194;199;186;land;false;plains;4
13117;191;247;173;land;false;plains;4
13118;159;216;204;land;false;forest;1
13119;175;95;251;land;false;forest;1
13120;231;124;178;land;false;forest;1
13121;128;197;219;land;false;hills;4
13122;131;146;224;land;true;forest;4
13123;217;252;107;land;true;plains;2
13124;182;250;223;land;false;jungle;1
13125;110;245;184;land;false;jungle;4
13126;216;233;235;land;false;plains;2
13127;165;129;227;land;false;jungle;1
13128;156;217;156;land;false;mountain;1
13129;219;115;177;land;false;hills;1
13130;220;241;203;land;false;jungle;1
13131;106;203;253;land;false;forest;1
13132;167;249;119;land;false;hills;1
13133;231;156;225;land;false;forest;1
13134;184;156;231;land;false;marsh;4
13135;245;166;156;land;false;marsh;4
13136;188;139;238;land;false;jungle;2
13137;246;150;254;land;false;mountain;4
13138;165;214;180;land;false;forest;2
13139;107;236;231;land;false;hills;4
13140;169;114;252;land;false;jungle;2
13141;145;250;239;land;false;mountain;4
13142;184;122;229;land;false;plains;4
13143;181;230;179;land;true;plains;2
13144;246;14;251;land;false;plains;2
13145;230;229;191;land;false;forest;1
13146;243;106;198;land;false;forest;1
13147;224;231;224;land;false;forest;1
13148;152;200;184;land;false;jungle;1
13149;226;145;164;land;false;jungle;1
13150;219;168;114;land;false;hills;4
13151;140;227;135;land;false;mountain;1
13152;132;195;189;land;true;plains;4
13153;213;246;69;land;true;plains;2
13154;249;250;240;land;false;marsh;4
13155;163;207;229;land;false;mountain;4
13156;239;201;101;land;true;forest;4
13157;146;204;227;land;false;hills;2
13158;181;116;245;land;false;hills;2
13159;241;201;205;land;false;jungle;1
13160;234;201;129;land;false;jungle;4
13161;130;209;211;land;false;forest;1
13162;236;230;180;land;false;jungle;1
13163;127;217;195;land;false;jungle;1
13164;137;195;173;land;true;forest;4
13165;166;120;247;land;false;jungle;2
13166;190;239;167;land;false;jungle;1
13167;129;204;209;land;false;jungle;1
13168;31;245;253;land;false;hills;2
13169;166;231;177;land;false;marsh;4
13170;241;58;251;land;false;plains;4
13171;182;165;176;land;true;plains;2
13172;218;190;217;land;true;plains;2
13173;124;237;163;land;false;mountain;1
13174;82;228;241;land;false;marsh;4
13175;239;205;152;land;false;forest;2
13176;151;151;236;land;false;jungle;1
13177;52;242;232;land;false;jungle;1
13178;229;203;79;land;false;jungle;4
13179;179;253;248;land;false;plains;2
13180;244;173;145;land;false;jungle;1
13181;101;236;186;land;false;plains;4
13182;244;202;211;land;false;forest;1
13183;200;101;225;land;false;hills;1
13184;245;234;81;land;false;forest;2
13185;203;224;117;land;false;forest;1
13186;250;112;178;land;false;marsh;4
13187;232;225;163;land;false;hills;4
13188;142;223;156;land;false;mountain;1
13189;245;152;245;land;false;jungle;1
13190;233;127;159;land;false;jungle;1
13191;182;254;231;land;false;marsh;4
13192;156;238;110;land;false;plains;4
13193;233;220;144;land;true;forest;4
13194;214;213;77;land;false;forest;1
13195;102;182;217;land;false;jungle;1
13196;199;237;237;land;false;plains;4
13197;162;162;251;land;false;forest;1
13198;89;247;254;land;false;marsh;4
13199;189;84;240;land;true;forest;4
13200;193;188;211;land;false;plains;2
13201;119;243;169;land;false;jungle;4
13202;162;223;135;land;false;jungle;4
13203;188;214;167;land;false;forest;2
13204;205;250;242;land;false;plains;2
13205;200;188;156;land;false;jungle;1
13206;180;176;168;land;false;hills;1
13207;109;250;199;land;false;jungle;1
13208;249;185;178;land;false;jungle;1
13209;211;236;145;land;false;jungle;1
13210;222;212;119;land;true;forest;4
13211;92;248;217;land;false;marsh;4
13212;231;229;57;land;false;plains;4
13213;239;190;183;land;true;plains;2
13214;144;239;196;land;false;jungle;1
13215;138;246;168;land;false;jungle;1
13216;242;158;118;land;false;forest;1
13217;215;88;239;land;false;mountain;1
13218;189;203;245;land;false;jungle;1
13219;52;230;253;land;false;marsh;4
13220;241;169;142;land;false;marsh;4
13221;175;249;117;land;false;mountain;4
13222;132;189;193;land;false;mountain;2
13223;127;181;223;land;false;forest;1
13224;240;185;138;land;false;hills;1
13225;244;239;77;land;false;jungle;1
13226;186;197;195;land;false;jungle;4
13227;215;239;112;land;false;forest;1
13228;110;238;170;land;true;forest;2
13229;123;250;235;land;false;marsh;2
13230;151;201;189;land;false;jungle;1
13231;177;168;176;land;true;forest;1
13232;234;122;193;land;false;forest;1
13233;128;187;230;land;false;plains;1
13234;199;183;179;land;false;marsh;4
13235;169;229;134;land;false;jungle;1
13236;232;112;162;land;false;jungle;4
13237;207;243;170;land;false;plains;4
13238;215;94;220;land;false;jungle;1
13239;176;190;234;land;false;mountain;1
13240;184;202;138;land;false;marsh;4
13241;222;68;231;land;false;forest;2
13242;244;251;229;land;false;plains;2
13243;176;235;149;land;false;jungle;1
13244;185;154;163;land;false;mountain;1
13245;181;166;182;land;false;jungle;1
13246;250;157;173;land;true;forest;4
13247;235;178;232;land;false;forest;1
13248;226;163;223;land;false;forest;1
13249;243;76;240;land;false;jungle;1
13250;205;45;253;land;false;marsh;4
13251;112;228;195;land;false;forest;4
13252;235;253;202;land;true;forest;4
13253;235;135;221;land;false;marsh;2
13254;212;247;251;land;false;forest;1
13255;194;216;208;land;false;forest;2
13256;215;207;194;land;false;plains;4
13257;238;77;216;land;true;hills;2
13258;144;176;245;land;false;jungle;1
13259;201;90;248;land;false;marsh;4
13260;132;225;238;land;true;plains;4
13261;195;122;194;land;false;jungle;1
13262;72;231;221;land;false;marsh;4
13263;239;115;188;land;false;jungle;4
13264;242;201;121;land;false;forest;1
13265;213;171;164;land;false;marsh;4
13266;165;146;242;land;false;plains;4
13267;208;225;149;land;true;plains;1
13268;202;216;83;land;false;marsh;4
13269;58;215;247;land;false;plains;4
13270;99;215;218;land;false;mountain;4
13271;237;96;180;land;false;marsh;1
13272;204;163;134;land;false;forest;2
13273;120;215;211;land;false;marsh;2
13274;217;108;206;land;true;forest;4
13275;189;178;135;land;true;forest;4
13276;238;162;133;land;false;marsh;2
13277;233;235;164;land;false;jungle;2
13278;230;157;150;land;false;hills;1
13279;121;174;212;land;false;jungle;4
13280;195;199;134;land;true;plains;4
13281;197;138;213;land;false;plains;2
13282;215;211;127;land;true;jungle;1
13283;240;252;67;land;false;forest;1
13284;248;248;62;land;false;jungle;1
13285;223;85;208;land;false;marsh;4
13286;148;139;237;land;false;jungle;2
13287;108;187;215;land;false;plains;2
13288;106;218;196;land;false;jungle;1
13289;217;137;157;land;false;plains;2
13290;223;84;230;land;false;jungle;1
13291;169;238;240;land;false;marsh;4
13292;168;245;114;land;false;forest;4
13293;219;212;233;land;false;hills;2
13294;149;155;232;land;false;marsh;2
13295;166;244;206;land;false;forest;1
13296;253;156;174;land;false;jungle;1
13297;191;88;251;land;false;jungle;1
13298;140;119;247;land;false;jungle;1
13299;227;133;144;land;false;marsh;1
13300;165;173;179;land;false;hills;4
13301;246;223;168;land;false;jungle;1
13302;211;241;170;land;false;marsh;4
13303;176;199;167;land;false;marsh;4
13304;162;187;160;land;true;forest;4
13305;229;230;242;land;false;marsh;4
13306;241;181;91;land;false;hills;4
13307;159;178;221;land;true;forest;4
13308;160;248;117;land;false;mountain;2
13309;235;176;93;land;false;jungle;1
13310;178;247;145;land;false;forest;1
13311;142;253;250;land;false;mountain;1
13312;242;192;122;land;true;forest;4
13313;254;221;48;land;false;jungle;1
13314;236;127;158;land;true;plains;4
13315;238;163;211;land;false;jungle;4
13316;238;148;139;land;false;plains;4
13317;201;210;159;land;false;plains;4
13318;239;53;231;land;true;forest;4
13319;178;174;239;land;false;jungle;1
13320;231;121;242;land;false;plains;2
13321;216;167;214;land;false;plains;4
13322;133;225;174;land;false;marsh;2
13323;243;105;241;land;true;jungle;1
13324;195;232;80;land;false;jungle;1
13325;162;222;148;land;false;jungle;1
13326;206;237;158;land;false;marsh;4
13327;216;164;172;land;false;mountain;2
13328;214;214;112;land;false;hills;2
13329;167;193;168;land;false;jungle;4
13330;233;230;248;land;false;marsh;4
13331;96;205;232;land;false;hills;4
13332;212;222;88;land;false;marsh;2
13333;161;177;181;land;false;jungle;1
13334;222;218;88;land;false;mountain;1
13335;200;216;133;land;false;marsh;4
13336;241;133;203;land;false;mountain;2
13337;205;250;237;land;false;marsh;2
13338;121;230;150;land;false;jungle;1
13339;168;252;204;land;false;marsh;4
13340;253;92;165;land;false;hills;4
13341;236;160;130;land;false;marsh;2
13342;210;237;193;land;false;jungle;1
13343;235;118;152;land;false;hills;4
13344;175;112;245;land;false;plains;4
13345;206;119;200;land;false;hills;4
13346;238;250;226;land;false;plains;4
13347;247;241;233;land;false;plains;2
13348;206;236;97;land;false;jungle;1
13349;229;60;213;land;false;hills;4
13350;113;201;229;land;true;jungle;4
13351;186;180;188;land;false;jungle;1
13352;238;51;227;land;false;jungle;1
13353;233;237;249;land;false;jungle;1
13354;221;204;174;land;false;jungle;4
13355;221;234;76;land;false;marsh;4
13356;219;232;105;land;true;plains;1
13357;138;126;239;land;false;hills;1
13358;174;200;176;land;false;jungle;1
13359;128;146;236;land;false;jungle;1
13360;200;250;113;land;true;forest;4
13361;200;217;208;land;false;mountain;1
13362;177;206;239;land;false;jungle;4
13363;185;179;174;land;false;forest;4
13364;254;151;147;land;false;mountain;2
13365;104;224;181;land;false;jungle;1
13366;201;72;229;land;false;jungle;2
13367;84;190;241;land;false;jungle;2
13368;137;203;199;land;false;jungle;2
13369;117;177;250;land;false;jungle;1
13370;184;163;171;land;false;jungle;1
13371;213;200;114;land;false;hills;1
13372;118;225;244;land;false;plains;4
13373;149;223;134;land;false;hills;4
13374;247;230;114;land;false;forest;4
13375;234;77;221;land;false;marsh;2
13376;188;236;105;land;false;plains;2
13377;233;240;72;land;false;jungle;1
13378;225;252;183;land;false;mountain;1
13379;204;223;235;land;false;plains;4
13380;237;216;190;land;false;jungle;1
13381;214;239;182;land;false;mountain;2
13382;250;182;90;land;false;forest;2
13383;144;238;162;land;false;urban;1
13384;141;252;245;land;false;jungle;1
13385;110;234;202;land;false;jungle;1
13386;234;175;247;land;false;jungle;1
13387;252;189;164;land;false;marsh;4
13388;238;173;119;land;false;marsh;2
13389;241;126;164;land;false;marsh;2
13390;247;92;214;land;false;plains;1
13391;214;227;202;land;false;hills;4
13392;245;196;79;land;false;jungle;4
13393;209;222;155;land;false;jungle;2
13394;221;244;183;land;true;marsh;4
13395;249;244;100;land;false;forest;2
13396;224;120;220;land;false;mountain;4
13397;148;239;128;land;true;hills;2
13398;177;121;239;land;false;jungle;1
13399;51;235;228;land;false;jungle;1
13400;252;214;242;land;false;marsh;4
13401;224;209;132;land;false;plains;2
13402;146;161;254;land;true;plains;1
13403;216;164;165;land;false;jungle;1
13404;236;149;183;land;false;jungle;4
13405;215;127;164;land;true;forest;4
13406;164;224;133;land;false;forest;1
13407;175;199;231;land;false;forest;4
13408;119;220;252;land;false;plains;4
13409;135;216;178;land;true;plains;4
13410;133;208;191;land;false;jungle;1
13411;230;161;119;land;false;marsh;4
13412;198;151;152;land;false;plains;2
13413;211;117;252;land;false;jungle;1
13414;167;183;204;land;false;jungle;1
13415;225;108;203;land;true;plains;4
13416;201;236;90;land;false;marsh;4
13417;123;200;198;land;false;marsh;4
13418;165;89;250;land;false;mountain;4
13419;142;220;228;land;false;forest;1
13420;180;238;163;land;false;plains;4
13421;141;148;221;land;false;marsh;4
13422;241;107;176;land;false;jungle;2
13423;252;117;233;land;false;jungle;2
13424;175;244;232;land;false;forest;1
13425;33;240;251;land;false;jungle;2
13426;218;147;219;land;false;plains;2
13427;223;216;206;land;true;plains;2
13428;242;140;204;land;false;mountain;1
13429;198;138;182;land;false;plains;2
13430;212;218;147;land;false;plains;1
13431;99;182;220;land;false;jungle;1
13432;180;252;244;land;false;hills;4
13433;246;206;104;land;false;hills;4
13434;228;213;251;land;false;hills;1
13435;190;224;240;land;false;jungle;4
13436;212;185;104;land;false;plains;4
13437;138;189;204;land;false;jungle;1
13438;233;181;242;land;false;jungle;4
13439;106;244;214;land;false;jungle;4
13440;109;252;237;land;false;mountain;4
13441;178;239;233;land;false;plains;1
13442;152;197;190;land;false;jungle;1
13443;187;228;217;land;true;plains;1
13444;63;224;246;land;false;plains;4
13445;133;189;208;land;false;hills;4
13446;165;177;199;land;true;plains;4
13447;86;202;237;land;false;jungle;1
13448;241;218;116;land;false;jungle;4
13449;209;137;192;land;false;marsh;4
13450;201;208;135;land;false;forest;2
13451;160;218;162;land;false;plains;2
13452;186;231;118;land;false;jungle;1
13453;240;148;210;land;false;plains;4
13454;164;148;193;land;false;jungle;1
13455;234;165;169;land;false;mountain;4
13456;221;114;209;land;true;plains;2
13457;112;240;160;land;false;plains;2
13458;159;127;226;land;false;forest;1
13459;237;192;145;land;false;marsh;4
13460;240;143;179;land;false;forest;1
13461;163;235;173;land;false;jungle;1
13462;231;113;192;land;false;jungle;1
13463;231;239;183;land;false;marsh;4
13464;210;165;138;land;false;mountain;4
13465;79;228;236;land;false;plains;2
13466;209;250;119;land;false;plains;2
13467;221;247;200;land;false;jungle;1
13468;198;230;232;land;false;jungle;1
13469;163;183;254;land;true;plains;1
13470;243;199;97;land;false;jungle;4
13471;201;211;132;land;false;forest;2
13472;204;223;150;land;false;forest;1
13473;253;136;192;land;false;plains;2
13474;217;150;251;land;false;jungle;1
13475;225;172;120;land;false;jungle;1
13476;196;166;158;land;false;jungle;4
13477;155;249;129;land;false;hills;2
13478;204;250;202;land;false;jungle;1
13479;155;212;162;land;false;plains;4
13480;249;106;206;land;false;jungle;1
13481;235;146;240;land;false;jungle;4
13482;228;175;142;land;true;plains;4
13483;163;217;184;land;false;forest;1
13484;148;157;232;land;false;jungle;1
13485;213;94;217;land;false;mountain;4
13486;239;202;121;land;false;mountain;2
13487;195;156;162;land;true;marsh;4
13488;77;244;182;land;false;hills;1
13489;190;249;250;land;false;marsh;4
13490;209;168;250;land;false;forest;2
13491;241;171;162;land;true;plains;2
13492;157;201;165;land;false;plains;4
13493;225;245;80;land;false;marsh;4
13494;216;183;231;land;false;jungle;1
13495;221;118;205;land;false;jungle;1
13496;210;133;226;land;false;jungle;2
13497;243;149;200;land;false;forest;2
13498;237;238;80;land;true;plains;2
13499;243;151;215;land;false;hills;1
13500;159;160;214;land;false;mountain;4
13501;206;202;163;land;false;plains;4
13502;192;188;216;land;false;plains;4
13503;236;180;202;land;false;forest;4
13504;226;252;43;land;false;hills;4
13505;158;137;236;land;false;forest;2
13506;203;226;139;land;false;jungle;1
13507;237;140;145;land;true;forest;4
13508;187;249;114;land;false;marsh;2
13509;233;176;110;land;false;plains;2
13510;235;149;216;land;false;jungle;4
13511;219;200;107;land;false;plains;4
13512;249;213;175;land;true;plains;4
13513;131;212;165;land;false;plains;1
13514;191;251;196;land;false;jungle;1
13515;234;160;158;land;true;jungle;4
13516;192;87;232;land;false;jungle;1
13517;251;166;139;land;false;jungle;4
13518;195;239;252;land;false;forest;1
13519;234;188;101;land;false;jungle;1
13520;169;239;130;land;false;plains;4
13521;215;218;114;land;true;forest;4
13522;207;141;213;land;false;marsh;2
13523;42;249;254;land;true;plains;1
13524;207;126;181;land;false;hills;1
13525;56;248;231;land;false;hills;1
13526;177;243;241;land;true;forest;4
13527;154;180;236;land;false;jungle;1
13528;218;223;60;land;false;forest;2
13529;131;153;224;land;false;marsh;2
13530;245;219;57;land;false;plains;1
13531;237;254;147;land;false;marsh;4
13532;250;179;145;land;false;plains;4
13533;195;225;225;land;false;hills;4
13534;74;193;254;land;false;forest;2
13535;237;53;236;land;false;forest;1
13536;64;240;227;land;true;plains;4
13537;110;242;227;land;false;forest;2
13538;179;153;251;land;false;jungle;4
13539;194;239;186;land;false;jungle;2
13540;208;204;213;land;false;forest;1
13541;231;250;40;land;true;plains;4
13542;86;218;241;land;false;forest;1
13543;237;159;133;land;true;forest;2
13544;136;223;189;land;false;plains;2
13545;99;187;248;land;false;mountain;4
13546;243;191;215;land;true;plains;4
13547;93;196;236;land;true;plains;4
13548;131;178;209;land;true;plains;1
13549;206;243;184;land;false;jungle;1
13550;192;136;174;land;false;jungle;1
13551;185;132;189;land;false;jungle;4
13552;91;194;237;land;true;forest;4
13553;79;227;218;land;false;hills;1
13554;244;222;117;land;false;jungle;1
13555;230;176;164;land;false;jungle;4
13556;168;125;251;land;false;plains;4
13557;205;182;129;land;false;marsh;2
13558;184;187;241;land;false;plains;4
13559;165;240;253;land;false;plains;1
13560;171;223;210;land;false;forest;1
13561;167;109;248;land;false;jungle;1
13562;168;234;144;land;true;plains;4
13563;82;221;218;land;false;forest;4
13564;154;176;245;land;false;jungle;2
13565;196;207;230;land;false;plains;1
13566;209;170;144;land;false;jungle;1
13567;234;213;248;land;false;forest;1
13568;91;225;253;land;false;hills;4
13569;252;180;74;land;true;forest;4
13570;70;248;238;land;false;hills;2
13571;77;202;240;land;true;plains;4
13572;245;205;112;land;false;forest;1
13573;43;252;246;land;false;forest;2
13574;144;233;230;land;false;plains;2
13575;173;218;228;land;false;jungle;1
13576;217;128;172;land;false;forest;4
13577;198;251;250;land;false;plains;2
13578;233;206;185;land;false;marsh;2
13579;186;148;197;land;false;forest;2
13580;203;247;81;land;false;plains;4
13581;236;181;233;land;false;forest;4
13582;202;243;147;land;true;plains;4
13583;173;221;194;land;false;plains;2
13584;220;194;125;land;false;marsh;4
13585;186;216;139;land;false;hills;4
13586;222;241;149;land;false;forest;2
13587;222;76;234;land;true;forest;4
13588;173;165;233;land;false;forest;1
13589;245;126;158;land;false;forest;1
13590;230;206;178;land;false;jungle;1
13591;209;124;253;land;false;forest;4
13592;235;145;160;land;false;jungle;4
13593;246;149;120;land;false;forest;1
13594;134;135;254;land;false;marsh;4
13595;163;188;250;land;false;jungle;4
13596;201;240;184;land;false;plains;4
13597;181;103;232;land;false;plains;4
13598;200;197;214;land;false;jungle;4
13599;73;244;184;land;true;forest;4
13600;72;246;202;land;false;mountain;2
13601;253;196;138;land;false;mountain;2
13602;141;218;180;land;false;jungle;2
13603;211;81;239;land;false;plains;1
13604;103;211;197;land;false;plains;1
13605;185;147;202;land;false;jungle;4
13606;208;163;248;land;false;forest;4
13607;124;206;207;land;true;plains;4
13608;254;165;209;land;false;hills;2
13609;217;143;218;land;false;forest;2
13610;208;156;176;land;false;forest;2
13611;222;184;152;land;false;forest;1
13612;55;220;254;land;true;forest;1
13613;164;200;225;land;false;plains;2
13614;133;132;243;land;false;plains;1
13615;208;166;239;land;false;jungle;1
13616;190;168;184;land;false;mountain;4
13617;227;218;99;land;false;jungle;2
13618;133;215;176;land;false;marsh;2
13619;173;250;134;land;false;plains;2
13620;234;152;175;land;false;forest;4
13621;252;137;166;land;false;jungle;2
13622;246;217;198;land;false;plains;1
13623;201;96;237;land;false;hills;4
13624;134;221;213;land;true;plains;4
13625;254;167;87;land;false;hills;1
13626;234;59;253;land;false;forest;1
13627;143;191;250;land;false;jungle;4
13628;195;184;166;land;false;hills;2
13629;202;197;157;land;true;plains;4
13630;244;204;157;land;false;plains;2
13631;184;153;228;land;false;forest;1
13632;77;227;220;land;false;plains;4
13633;193;135;253;land;false;jungle;2
13634;220;231;194;land;false;jungle;2
13635;158;117;232;land;true;plains;1
13636;196;234;249;land;false;hills;1
13637;74;201;230;land;false;hills;4
13638;151;221;225;land;false;jungle;2
13639;157;181;226;land;false;plains;1
13640;193;88;240;land;false;plains;1
13641;118;155;234;land;false;forest;2
13642;192;212;196;land;true;plains;1
13643;100;233;183;land;false;plains;4
13644;196;250;70;land;false;forest;4
13645;168;170;226;land;false;plains;1
13646;231;206;219;land;true;forest;1
13647;242;235;232;land;false;jungle;4
13648;244;145;155;land;false;jungle;2
13649;216;145;199;land;true;forest;7
13650;245;195;67;land;true;plains;4
13651;228;218;174;land;false;plains;4
13652;250;246;158;land;false;forest;4
13653;91;196;215;land;true;forest;4
13654;218;205;98;land;false;marsh;2
13655;248;164;221;land;false;plains;1
13656;215;199;163;land;false;marsh;2
13657;242;163;175;land;false;jungle;2
13658;169;180;239;land;false;jungle;4
13659;204;243;84;land;false;plains;4
13660;143;210;242;land;false;plains;4
13661;152;136;234;land;false;jungle;2
13662;184;234;228;land;false;jungle;2
13663;248;251;173;land;false;forest;1
13664;188;177;149;land;false;forest;1
13665;218;202;242;land;true;plains;4
13666;191;136;213;land;false;jungle;2
13667;136;251;126;land;true;forest;7
13668;173;115;229;land;false;plains;1
13669;120;234;197;land;false;forest;1
13670;227;234;44;land;true;plains;1
13671;158;254;231;land;false;plains;1
13672;247;211;247;land;true;forest;7
13673;210;220;103;land;false;plains;4
13674;223;59;246;land;false;forest;4
13675;202;222;172;land;false;mountain;2
13676;220;155;164;land;false;plains;4
13677;141;132;252;land;false;plains;1
13678;247;190;203;land;false;forest;1
13679;202;240;173;land;false;marsh;4
13680;183;97;227;land;false;jungle;4
13681;243;62;216;land;false;jungle;2
13682;223;133;240;land;false;plains;4
13683;232;192;193;land;false;plains;4
13684;224;242;148;land;false;jungle;2
13685;207;195;100;land;false;plains;1
13686;242;43;220;land;false;plains;4
13687;209;155;162;land;false;plains;4
13688;216;99;209;land;false;plains;4
13689;207;245;78;land;false;jungle;2
13690;51;254;202;land;true;plains;1
13691;219;141;188;land;false;plains;1
13692;185;171;176;land;false;marsh;2
13693;228;143;162;land;false;plains;1
13694;145;165;240;land;false;forest;1
13695;246;203;190;land;false;jungle;4
13696;135;220;221;land;false;hills;4
13697;107;220;233;land;false;mountain;2
13698;229;149;170;land;false;plains;1
13699;229;248;28;land;false;forest;4
13700;140;179;208;land;true;forest;2
13701;188;210;186;land;false;jungle;4
13702;192;242;131;land;false;forest;4
13703;72;246;201;land;false;plains;4
13704;244;125;247;land;false;hills;4
13705;175;107;231;land;false;plains;4
13706;182;200;190;land;false;jungle;2
13707;166;224;244;land;false;forest;2
13708;254;245;166;land;false;plains;1
13709;208;219;171;land;false;plains;1
13710;251;223;61;land;false;plains;1
13711;134;229;191;land;false;forest;1
13712;145;233;246;land;false;marsh;4
13713;181;171;228;land;false;plains;1
13714;93;240;209;land;false;hills;2
13715;42;225;234;land;false;forest;2
13716;212;244;103;land;false;marsh;4
13717;176;151;211;land;false;jungle;2
13718;185;177;159;land;false;forest;2
13719;231;103;202;land;false;plains;1
13720;207;124;242;land;false;forest;4
13721;242;242;192;land;false;marsh;4
13722;202;249;144;land;false;forest;4
13723;243;152;240;land;false;hills;4
13724;206;189;234;land;false;forest;4
13725;182;207;234;land;false;hills;2
13726;238;227;44;land;false;jungle;2
13727;243;76;191;land;false;jungle;2
13728;96;252;168;land;false;plains;1
13729;180;222;196;land;false;plains;1
13730;219;254;129;land;false;jungle;4
13731;159;195;196;land;false;plains;4
13732;118;249;228;land;false;jungle;2
13733;197;228;202;land;false;plains;1
13734;120;198;204;land;false;plains;1
13735;242;234;203;land;false;marsh;4
13736;175;209;161;land;false;plains;4
13737;169;148;212;land;false;marsh;2
13738;242;238;236;land;false;plains;1
13739;112;200;203;land;false;forest;4
13740;184;214;212;land;false;plains;4
13741;222;209;163;land;false;jungle;2
13742;217;209;95;land;false;jungle;2
13743;116;235;220;land;false;jungle;2
13744;201;214;126;land;false;plains;1
13745;227;149;141;land;false;plains;1
13746;186;85;235;land;true;forest;7
13747;176;197;219;land;false;marsh;4
13748;163;230;174;land;true;plains;4
13749;235;87;224;land;true;forest;2
13750;118;240;153;land;false;plains;1
13751;204;124;249;land;false;plains;1
13752;145;231;237;land;false;forest;4
13753;251;217;225;land;false;jungle;2
13754;191;130;187;land;false;desert;1
13755;216;246;240;land;false;jungle;2
13756;171;225;248;land;false;hills;1
13757;203;239;204;land;false;forest;4
13758;106;247;159;land;false;marsh;4
13759;249;107;249;land;true;forest;2
13760;112;197;233;land;false;urban;1
13761;159;247;165;land;false;mountain;2
13762;229;207;217;land;true;forest;2
13763;212;190;157;land;true;plains;2
13764;224;198;233;land;false;hills;2
13765;183;187;190;land;false;jungle;2
13766;153;242;177;land;false;jungle;2
13767;241;143;173;land;false;jungle;4
13768;244;210;60;land;false;plains;4
13769;218;243;123;land;false;plains;4
13770;213;190;241;land;true;forest;7
13771;234;164;238;land;true;plains;7
13772;195;134;227;land;false;plains;1
13773;204;208;220;land;false;hills;4
13774;92;253;163;land;false;plains;2
13775;161;115;231;land;false;jungle;2
13776;180;191;206;land;false;forest;2
13777;59;234;231;land;false;forest;1
13778;205;123;235;land;false;forest;4
13779;172;180;174;land;false;plains;4
13780;224;99;203;land;false;plains;1
13781;97;250;190;land;false;forest;4
13782;249;203;69;land;false;jungle;2
13783;184;240;185;land;false;plains;1
13784;212;244;152;land;false;desert;1
13785;160;219;128;land;false;jungle;4
13786;241;173;234;land;false;forest;4
13787;211;166;254;land;false;plains;1
13788;123;192;235;land;false;marsh;4
13789;247;203;72;land;true;plains;1
13790;160;224;246;land;false;jungle;4
13791;202;212;190;land;false;plains;4
13792;139;215;150;land;false;mountain;2
13793;155;116;242;land;false;forest;4
13794;226;180;234;land;true;forest;2
13795;221;198;173;land;true;forest;7
13796;144;210;229;land;false;plains;1
13797;251;189;172;land;false;plains;1
13798;251;252;197;land;false;hills;4
13799;34;249;245;land;false;jungle;2
13800;248;197;100;land;false;plains;1
13801;174;251;222;land;false;plains;1
13802;219;141;189;land;false;marsh;4
13803;195;186;192;land;false;forest;2
13804;151;205;183;land;false;forest;4
13805;145;207;198;land;false;forest;4
13806;175;247;164;land;false;jungle;2
13807;219;139;160;land;true;plains;2
13808;228;53;234;land;false;jungle;4
13809;215;221;107;land;false;marsh;4
13810;228;203;173;land;false;jungle;4
13811;189;210;155;land;false;forest;1
13812;126;200;243;land;false;forest;4
13813;207;253;49;land;false;forest;4
13814;233;248;21;land;true;forest;7
13815;145;210;198;land;false;desert;1
13816;252;238;128;land;false;plains;1
13817;212;138;237;land;false;desert;1
13818;249;199;203;land;false;marsh;4
13819;177;142;226;land;false;jungle;2
13820;248;187;158;land;false;plains;1
13821;204;172;143;land;false;jungle;4
13822;165;242;126;land;false;hills;2
13823;137;166;241;land;false;forest;4
13824;143;130;251;land;false;plains;4
13825;247;106;192;land;false;jungle;2
13826;226;211;94;land;true;plains;4
13827;172;179;204;land;false;jungle;4
13828;157;124;221;land;false;jungle;2
13829;235;181;110;land;false;marsh;4
13830;219;129;215;land;true;forest;2
13831;226;173;160;land;false;jungle;4
13832;172;213;224;land;true;hills;2
13833;252;168;127;land;false;mountain;4
13834;154;206;254;land;false;marsh;4
13835;242;38;243;land;false;plains;2
13836;218;220;121;land;true;forest;7
13837;245;232;90;land;false;plains;1
13838;97;181;235;land;false;forest;4
13839;157;213;242;land;false;marsh;4
13840;112;159;240;land;false;marsh;2
13841;219;217;83;land;false;jungle;2
13842;178;120;227;land;false;plains;1
13843;161;153;239;land;false;jungle;4
13844;220;133;211;land;false;desert;1
13845;108;172;228;land;true;plains;1
13846;156;172;254;land;false;forest;4
13847;195;180;143;land;false;plains;1
13848;68;242;244;land;false;plains;1
13849;178;143;186;land;false;jungle;4
13850;244;205;80;land;false;desert;1
13851;130;205;244;land;false;jungle;2
13852;171;245;107;land;false;plains;1
13853;114;204;189;land;false;marsh;4
13854;127;214;216;land;false;forest;4
13855;242;206;79;land;false;forest;4
13856;127;168;235;land;false;urban;2
13857;189;206;221;land;false;desert;1
13858;153;203;252;land;false;hills;4
13859;217;215;131;land;true;forest;4
13860;205;181;121;land;false;jungle;2
13861;197;208;126;land;false;jungle;2
13862;179;247;202;land;false;jungle;2
13863;226;192;240;land;false;plains;1
13864;196;249;165;land;false;jungle;4
13865;213;117;193;land;false;marsh;4
13866;207;178;202;land;false;hills;2
13867;218;160;183;land;false;jungle;2
13868;182;214;243;land;true;plains;1
13869;215;124;180;land;false;plains;1
13870;239;203;164;land;false;jungle;2
13871;183;220;201;land;true;plains;7
13872;176;224;160;land;false;desert;1
13873;190;149;229;land;false;hills;4
13874;202;126;178;land;false;forest;4
13875;251;128;145;land;true;forest;4
13876;167;199;167;land;true;plains;1
13877;33;233;240;land;false;desert;1
13878;171;235;113;land;false;forest;4
13879;243;191;233;land;false;mountain;2
13880;248;177;91;land;false;forest;2
13881;207;144;210;land;false;hills;4
13882;244;86;238;land;false;mountain;4
13883;223;214;252;land;false;jungle;2
13884;158;221;184;land;false;plains;1
13885;184;165;241;land;false;hills;2
13886;219;179;148;land;false;jungle;2
13887;224;114;213;land;false;jungle;2
13888;187;144;170;land;false;plains;1
13889;211;197;239;land;false;marsh;4
13890;249;52;210;land;false;marsh;4
13891;240;206;82;land;true;mountain;2
13892;219;192;233;land;false;hills;2
13893;119;197;209;land;false;jungle;2
13894;249;68;210;land;false;desert;1
13895;186;205;124;land;false;desert;1
13896;129;184;219;land;false;forest;4
13897;221;136;239;land;false;hills;4
13898;223;231;150;land;false;plains;2
13899;219;172;143;land;true;forest;7
13900;35;251;240;land;false;plains;1
13901;242;238;39;land;false;desert;1
13902;192;146;223;land;false;jungle;4
13903;218;254;109;land;false;marsh;4
13904;200;128;240;land;false;hills;2
13905;71;199;240;land;false;plains;1
13906;247;120;201;land;true;plains;4
13907;199;245;201;land;false;hills;4
13908;122;201;206;land;false;marsh;4
13909;230;222;190;land;false;hills;1
13910;245;225;148;land;false;hills;4
13911;228;203;105;land;false;forest;4
13912;177;142;252;land;true;plains;4
13913;227;228;205;land;false;jungle;2
13914;233;204;242;land;false;jungle;2
13915;203;238;251;land;false;desert;1
13916;117;250;146;land;false;marsh;4
13917;213;111;195;land;false;mountain;2
13918;221;146;196;land;false;jungle;2
13919;244;141;171;land;false;desert;1
13920;229;163;121;land;false;desert;1
13921;207;226;216;land;false;desert;1
13922;224;171;216;land;false;marsh;4
13923;167;254;149;land;false;marsh;4
13924;169;152;250;land;false;desert;1
13925;180;121;214;land;false;hills;2
13926;234;253;84;land;false;hills;4
13927;196;106;228;land;false;jungle;2
13928;175;234;114;land;true;forest;2
13929;241;36;249;land;false;desert;1
13930;117;250;248;land;false;urban;4
13931;180;253;133;land;false;jungle;2
13932;236;237;103;land;false;mountain;4
13933;197;168;199;land;false;marsh;4
13934;210;145;180;land;true;hills;2
13935;63;248;230;land;false;jungle;2
13936;243;133;183;land;false;desert;1
13937;247;221;245;land;false;marsh;4
13938;190;156;220;land;false;hills;2
13939;174;243;125;land;false;marsh;4
13940;247;88;214;land;false;marsh;4
13941;196;163;145;land;false;marsh;4
13942;220;234;167;land;false;marsh;4
13943;222;70;247;land;false;desert;1
13944;193;170;238;land;true;plains;4
13945;243;176;113;land;false;jungle;4
13946;77;238;225;land;false;forest;2
13947;243;164;187;land;false;desert;1
13948;147;132;232;land;false;jungle;4
13949;222;213;154;land;false;desert;1
13950;227;231;164;land;false;marsh;4
13951;173;195;180;land;false;marsh;4
13952;254;237;202;land;false;marsh;4
13953;212;240;187;land;false;forest;4
13954;214;136;210;land;false;jungle;2
13955;208;228;218;land;false;desert;1
13956;199;249;248;land;false;jungle;4
13957;86;250;176;land;false;mountain;2
13958;190;254;217;land;false;plains;1
13959;175;140;226;land;false;desert;1
13960;221;160;221;land;false;desert;1
13961;236;153;167;land;true;forest;7
13962;235;204;154;land;false;jungle;2
13963;186;240;129;land;false;hills;4
13964;210;241;71;land;false;marsh;4
13965;162;245;120;land;false;marsh;4
13966;172;146;234;land;false;mountain;2
13967;209;153;140;land;false;desert;1
13968;234;172;151;land;false;desert;1
13969;198;156;151;land;false;marsh;4
13970;234;168;214;land;false;jungle;2
13971;239;93;189;land;false;desert;1
13972;94;222;232;land;true;plains;1
13973;215;197;240;land;false;forest;2
13974;204;93;220;land;false;forest;2
13975;81;197;225;land;false;desert;1
13976;178;168;215;land;false;desert;1
13977;219;225;226;land;false;jungle;2
13978;153;228;212;land;false;hills;4
13979;129;239;192;land;true;forest;2
13980;239;79;185;land;false;desert;1
13981;131;190;221;land;true;forest;2
13982;115;252;224;land;false;hills;4
13983;191;231;124;land;false;marsh;4
13984;165;236;133;land;false;mountain;4
13985;222;114;203;land;false;forest;4
13986;251;175;207;land;false;marsh;2
13987;155;188;205;land;false;jungle;2
13988;243;36;238;land;false;desert;1
13989;213;139;157;land;false;jungle;2
13990;239;135;245;land;false;mountain;4
13991;169;254;249;land;false;plains;4
13992;154;239;140;land;false;hills;2
13993;234;193;192;land;false;forest;4
13994;131;218;223;land;false;hills;2
13995;238;104;202;land;false;desert;1
13996;210;175;143;land;false;desert;1
13997;110;204;239;land;false;desert;1
13998;200;161;168;land;false;marsh;4
13999;119;190;249;land;false;jungle;4
14000;253;171;88;land;false;desert;1
14001;108;242;160;land;false;desert;1
14002;248;130;158;land;false;forest;4
14003;223;172;203;land;false;marsh;4
14004;248;12;249;land;false;marsh;4
14005;166;241;228;land;false;forest;2
14006;145;163;219;land;false;jungle;2
14007;225;114;234;land;true;forest;7
14008;254;229;26;land;true;plains;1
14009;246;185;95;land;false;marsh;4
14010;195;195;125;land;true;plains;4
14011;196;207;129;land;false;desert;1
14012;252;116;184;land;false;mountain;2
14013;249;227;186;land;false;jungle;2
14014;184;173;179;land;false;jungle;2
14015;184;249;249;land;false;mountain;1
14016;246;199;251;land;true;forest;1
14017;144;208;227;land;false;hills;2
14018;171;120;224;land;false;hills;4
14019;106;253;197;land;false;marsh;4
14020;211;143;230;land;false;hills;4
14021;243;141;219;land;false;forest;2
14022;198;82;233;land;false;jungle;4
14023;123;247;166;land;false;plains;4
14024;228;252;254;land;false;forest;2
14025;200;206;191;land;false;forest;2
14026;189;152;248;land;false;jungle;2
14027;103;229;172;land;false;marsh;4
14028;250;48;216;land;false;marsh;4
14029;247;196;227;land;false;plains;4
14030;219;81;223;land;false;desert;1
14031;124;184;203;land;false;desert;1
14032;121;207;214;land;false;desert;1
14033;152;252;219;land;true;plains;2
14034;180;160;230;land;false;forest;2
14035;79;218;232;land;false;desert;1
14036;185;253;132;land;false;forest;2
14037;175;146;252;land;false;plains;1
14038;126;183;198;land;true;jungle;4
14039;197;132;172;land;false;marsh;4
14040;162;234;124;land;true;plains;4
14041;185;191;174;land;false;plains;2
14042;158;173;188;land;true;forest;7
14043;167;183;249;land;false;desert;1
14044;123;254;162;land;false;desert;1
14045;218;249;225;land;false;marsh;4
14046;232;254;233;land;false;mountain;1
14047;206;195;156;land;true;plains;7
14048;166;145;236;land;false;forest;4
14049;200;207;120;land;false;jungle;4
14050;225;254;53;land;false;forest;2
14051;234;64;221;land;false;desert;1
14052;235;137;153;land;false;jungle;4
14053;153;254;243;land;false;plains;4
14054;24;239;253;land;false;forest;4
14055;245;243;49;land;false;desert;1
14056;228;80;248;land;false;forest;4
14057;189;251;180;land;false;forest;4
14058;84;247;181;land;false;desert;1
14059;128;172;205;land;true;jungle;4
14060;213;244;253;land;false;desert;1
14061;145;171;250;land;false;plains;4
14062;78;253;247;land;false;marsh;4
14063;199;225;137;land;false;marsh;4
14064;96;200;240;land;false;marsh;4
14065;91;240;177;land;false;forest;4
14066;214;215;189;land;false;desert;1
14067;189;141;246;land;false;forest;2
14068;113;222;174;land;false;desert;1
14069;150;243;213;land;false;plains;4
14070;242;252;74;land;true;plains;1
14071;250;174;251;land;false;plains;4
14072;240;234;47;land;false;plains;4
14073;150;233;142;land;true;forest;7
14074;225;218;166;land;false;forest;1
14075;186;251;92;land;false;jungle;4
14076;74;199;228;land;false;desert;1
14077;173;153;196;land;false;plains;4
14078;225;235;207;land;false;marsh;4
14079;152;205;167;land;false;forest;2
14080;234;183;106;land;false;forest;2
14081;95;209;221;land;true;urban;2
14082;154;152;222;land;false;marsh;4
14083;242;126;192;land;false;desert;1
14084;160;187;178;land;true;jungle;4
14085;157;233;242;land;false;forest;2
14086;235;152;204;land;false;forest;2
14087;214;205;225;land;false;hills;1
14088;174;231;158;land;false;desert;1
14089;147;120;254;land;false;desert;1
14090;113;225;252;land;true;plains;4
14091;228;152;248;land;false;plains;2
14092;149;251;230;land;false;desert;1
14093;137;248;219;land;false;desert;1
14094;200;244;178;land;false;marsh;4
14095;235;250;120;land;false;plains;4
14096;246;246;183;land;false;desert;1
14097;188;234;183;land;false;desert;1
14098;240;51;249;land;false;marsh;4
14099;126;251;131;land;false;jungle;2
14100;158;230;185;land;false;forest;2
14101;168;218;253;land;false;desert;1
14102;248;122;245;land;false;marsh;4
14103;191;147;181;land;false;plains;2
14104;157;176;182;land;false;desert;1
14105;245;232;233;land;true;plains;1
14106;218;167;171;land;false;marsh;4
14107;242;212;236;land;false;desert;1
14108;153;222;162;land;false;plains;2
14109;244;112;244;land;true;forest;1
14110;209;240;132;land;false;plains;4
14111;198;249;121;land;false;forest;2
14112;171;80;253;land;false;desert;1
14113;196;175;166;land;false;plains;4
14114;250;211;157;land;false;forest;2
14115;235;251;172;land;false;plains;2
14116;191;252;246;land;false;hills;1
14117;245;130;127;land;false;desert;1
14118;125;203;236;land;false;forest;4
14119;173;237;135;land;true;jungle;4
14120;237;172;214;land;false;marsh;4
14121;149;171;210;land;false;marsh;4
14122;179;223;200;land;false;plains;2
14123;161;180;242;land;true;forest;7
14124;178;157;191;land;false;plains;4
14125;246;193;125;land;false;plains;2
14126;48;251;214;land;false;desert;1
14127;220;222;111;land;false;plains;4
14128;184;118;231;land;false;plains;4
14129;147;147;245;land;false;desert;1
14130;216;134;208;land;false;plains;4
14131;247;209;185;land;false;forest;4
14132;189;205;246;land;false;desert;1
14133;223;176;179;land;false;plains;4
14134;217;113;227;land;false;hills;2
14135;236;161;204;land;false;forest;2
14136;226;155;204;land;false;plains;1
14137;186;201;235;land;false;marsh;4
14138;205;232;196;land;false;marsh;4
14139;195;243;220;land;false;forest;2
14140;124;189;208;land;false;plains;1
14141;226;153;230;land;false;plains;2
14142;172;229;254;land;false;plains;4
14143;236;240;212;land;false;plains;2
14144;154;239;210;land;false;desert;1
14145;200;224;85;land;false;desert;1
14146;181;128;209;land;true;plains;1
14147;174;170;189;land;true;jungle;4
14148;192;122;208;land;false;marsh;4
14149;174;235;110;land;false;desert;1
14150;171;187;213;land;false;mountain;1
14151;208;184;207;land;false;plains;1
14152;228;137;217;land;false;forest;4
14153;119;232;205;land;true;plains;2
14154;208;194;162;land;false;forest;2
14155;218;215;117;land;false;marsh;4
14156;103;239;204;land;false;plains;4
14157;162;227;161;land;false;plains;4
14158;228;124;211;land;false;marsh;4
14159;158;149;238;land;false;desert;1
14160;201;229;163;land;false;forest;4
14161;131;178;192;land;false;plains;2
14162;212;222;173;land;false;desert;1
14163;244;251;47;land;false;marsh;4
14164;207;229;188;land;false;plains;4
14165;117;245;254;land;false;plains;4
14166;225;247;172;land;false;desert;1
14167;227;215;119;land;false;desert;1
14168;243;155;230;land;false;plains;4
14169;227;236;95;land;false;forest;2
14170;135;168;211;land;false;plains;1
14171;218;196;181;land;false;desert;1
14172;219;87;212;land;false;desert;1
14173;196;121;184;land;false;marsh;4
14174;179;246;105;land;true;plains;4
14175;234;121;181;land;false;plains;2
14176;209;223;141;land;false;plains;2
14177;186;99;228;land;false;desert;1
14178;182;246;190;land;false;plains;4
14179;248;95;206;land;true;forest;4
14180;191;209;105;land;false;plains;2
14181;216;124;202;land;true;plains;4
14182;179;141;199;land;false;marsh;4
14183;248;130;198;land;false;urban;4
14184;216;157;201;land;false;desert;1
14185;123;214;213;land;false;marsh;4
14186;212;250;72;land;false;plains;4
14187;203;194;205;land;false;forest;4
14188;197;132;232;land;true;plains;1
14189;184;225;120;land;false;desert;1
14190;247;101;243;land;false;desert;1
14191;175;169;216;land;false;marsh;4
14192;228;180;181;land;false;mountain;2
14193;235;163;127;land;false;mountain;1
14194;243;182;151;land;true;jungle;4
14195;231;153;240;land;false;forest;1
14196;186;254;136;land;false;desert;1
14197;244;103;206;land;false;marsh;4
14198;234;184;95;land;false;marsh;4
14199;187;114;225;land;false;plains;4
14200;128;238;155;land;false;forest;4
14201;219;237;254;land;true;plains;2
14202;223;198;118;land;false;forest;2
14203;53;224;242;land;false;desert;4
14204;131;254;201;land;false;plains;4
14205;143;133;250;land;true;forest;4
14206;242;55;252;land;false;plains;1
14207;182;134;210;land;true;plains;4
14208;153;117;239;land;false;marsh;4
14209;248;235;47;land;false;desert;1
14210;240;133;188;land;false;desert;4
14211;230;229;131;land;false;desert;1
14212;207;97;218;land;true;plains;4
14213;95;241;181;land;false;desert;1
14214;218;235;62;land;true;plains;4
14215;236;141;224;land;false;forest;2
14216;177;119;240;land;false;desert;1
14217;52;248;220;land;false;desert;1
14218;130;235;190;land;false;desert;1
14219;181;244;222;land;false;jungle;4
14220;251;124;225;land;false;desert;4
14221;99;187;224;land;false;forest;4
14222;204;246;204;land;true;forest;4
14223;216;172;125;land;false;plains;4
14224;178;236;247;land;false;desert;1
14225;152;131;253;land;false;plains;1
14226;241;244;215;land;false;plains;1
14227;226;196;222;land;true;plains;4
14228;139;197;180;land;false;plains;2
14229;229;243;107;land;false;plains;1
14230;123;188;254;land;false;desert;1
14231;208;242;113;land;false;desert;4
14232;204;194;166;land;true;plains;1
14233;142;198;180;land;false;desert;1
14234;231;212;205;land;false;jungle;4
14235;190;207;223;land;false;marsh;4
14236;51;237;244;land;false;marsh;4
14237;168;185;164;land;false;marsh;4
14238;218;156;134;land;false;desert;1
14239;254;253;161;land;false;plains;2
14240;133;246;223;land;false;desert;1
14241;139;240;128;land;false;desert;1
14242;94;216;230;land;false;desert;1
14243;182;154;243;land;false;desert;4
14244;170;208;221;land;true;forest;4
14245;199;230;125;land;false;plains;1
14246;173;99;249;land;false;desert;1
14247;212;151;235;land;false;desert;4
14248;253;195;130;land;false;plains;2
14249;193;232;78;land;false;marsh;4
14250;122;148;251;land;false;plains;1
14251;131;178;218;land;false;desert;1
14252;241;237;91;land;false;desert;1
14253;246;152;232;land;false;desert;1
14254;190;137;196;land;false;forest;4
14255;246;223;219;land;true;plains;4
14256;196;156;217;land;true;plains;4
14257;253;235;147;land;false;marsh;4
14258;250;98;247;land;false;desert;4
14259;182;252;154;land;false;plains;1
14260;182;225;254;land;true;forest;4
14261;184;98;242;land;false;plains;2
14262;205;134;205;land;false;forest;2
14263;250;192;214;land;false;marsh;4
14264;129;221;254;land;false;plains;4
14265;116;214;190;land;false;marsh;4
14266;191;244;178;land;false;forest;4
14267;210;234;79;land;true;forest;4
14268;224;150;206;land;false;desert;1
14269;241;225;177;land;false;plains;2
14270;250;93;236;land;false;plains;4
14271;84;237;188;land;false;forest;4
14272;139;197;253;land;false;desert;1
14273;199;213;217;land;false;marsh;4
14274;75;250;189;land;false;desert;1
14275;219;124;187;land;false;forest;2
14276;237;169;247;land;false;plains;2
14277;200;162;232;land;false;marsh;4
14278;119;183;227;land;false;desert;1
14279;143;225;186;land;false;marsh;4
14280;188;253;77;land;false;desert;4
14281;220;201;218;land;false;forest;4
14282;243;229;46;land;false;plains;2
14283;246;160;159;land;false;desert;1
14284;208;114;248;land;false;desert;1
14285;204;228;205;land;false;marsh;4
14286;207;175;251;land;false;plains;4
14287;117;197;196;land;false;plains;4
14288;159;214;243;land;false;forest;4
14289;254;76;247;land;true;forest;4
14290;78;225;240;land;true;forest;2
14291;208;105;236;land;false;forest;4
14292;227;170;162;land;false;plains;1
14293;155;244;169;land;false;plains;2
14294;202;107;205;land;false;plains;2
14295;252;230;51;land;false;plains;2
14296;200;121;247;land;false;plains;4
14297;171;234;146;land;false;forest;4
14298;236;203;106;land;true;forest;4
14299;254;165;125;land;false;plains;1
14300;87;253;197;land;false;marsh;4
14301;225;160;159;land;false;mountain;2
14302;188;166;162;land;false;desert;1
14303;234;253;125;land;false;marsh;4
14304;203;191;159;land;false;desert;1
14305;242;142;139;land;false;forest;2
14306;208;102;229;land;false;desert;1
14307;215;230;162;land;false;forest;4
14308;235;244;35;land;true;plains;1
14309;198;253;199;land;false;plains;4
14310;222;130;215;land;false;plains;2
14311;177;128;247;land;false;marsh;4
14312;190;223;150;land;false;forest;4
14313;150;188;225;land;true;forest;2
14314;135;202;212;land;false;forest;2
14315;206;200;101;land;true;forest;2
14316;157;169;178;land;false;desert;1
14317;192;212;124;land;true;forest;4
14318;28;231;253;land;false;plains;4
14319;227;203;104;land;false;desert;4
14320;224;74;239;land;false;plains;4
14321;165;186;203;land;false;hills;2
14322;228;187;250;land;true;plains;7
14323;240;193;221;land;false;desert;4
14324;227;242;131;land;false;marsh;4
14325;243;214;85;land;true;plains;4
14326;181;126;243;land;true;plains;4
14327;163;141;226;land;false;plains;2
14328;166;210;151;land;false;plains;1
14329;234;112;223;land;false;plains;4
14330;206;132;170;land;false;desert;4
14331;206;169;146;land;false;forest;2
14332;114;166;233;land;true;forest;1
14333;170;178;153;land;false;desert;1
14334;106;178;220;land;false;plains;1
14335;247;60;198;land;false;desert;1
14336;157;164;233;land;false;marsh;4
14337;254;251;219;land;false;forest;4
14338;220;193;190;land;false;hills;1
14339;241;120;241;land;false;desert;1
14340;225;185;185;land;false;desert;1
14341;104;172;236;land;true;plains;4
14342;243;243;50;land;true;forest;4
14343;237;79;235;land;false;forest;7
14344;241;139;207;land;false;marsh;4
14345;246;248;214;land;false;marsh;4
14346;250;218;166;land;false;desert;4
14347;190;245;88;land;false;desert;4
14348;208;211;99;land;true;forest;2
14349;213;154;162;land;false;plains;1
14350;209;246;227;land;false;desert;1
14351;246;182;102;land;false;plains;4
14352;185;131;210;land;false;plains;4
14353;205;227;136;land;true;forest;4
14354;121;184;229;land;false;plains;2
14355;180;82;249;land;true;plains;1
14356;177;250;239;land;false;desert;4
14357;219;105;183;land;false;marsh;4
14358;191;237;230;land;false;desert;4
14359;247;197;134;land;true;forest;4
14360;203;152;248;land;false;plains;2
14361;100;249;220;land;true;forest;4
14362;166;160;200;land;false;desert;1
14363;113;142;246;land;false;plains;4
14364;82;210;221;land;true;plains;7
14365;171;215;164;land;false;desert;4
14366;239;157;207;land;false;desert;1
14367;217;204;110;land;false;marsh;4
14368;227;96;201;land;false;desert;4
14369;229;243;106;land;true;forest;2
14370;209;208;178;land;false;marsh;7
14371;81;254;211;land;false;desert;1
14372;211;185;243;land;false;marsh;4
14373;234;117;249;land;false;forest;7
14374;231;178;137;land;false;desert;1
14375;105;196;227;land;false;desert;1
14376;223;152;204;land;false;desert;1
14377;130;127;254;land;false;plains;2
14378;244;132;154;land;false;plains;1
14379;112;202;215;land;false;plains;4
14380;182;245;201;land;false;desert;4
14381;238;146;244;land;true;plains;1
14382;157;159;221;land;false;marsh;4
14383;164;253;84;land;false;plains;2
14384;104;240;174;land;true;forest;4
14385;204;186;129;land;false;desert;4
14386;188;173;254;land;false;plains;1
14387;153;246;138;land;false;plains;4
14388;221;188;247;land;true;forest;4
14389;212;129;239;land;false;desert;4
14390;251;120;191;land;false;desert;4
14391;178;219;130;land;false;forest;2
14392;190;207;219;land;false;marsh;2
14393;182;168;158;land;true;plains;7
14394;215;252;227;land;false;desert;1
14395;211;242;146;land;false;plains;2
14396;224;176;240;land;true;forest;7
14397;250;81;170;land;false;marsh;4
14398;116;230;236;land;false;plains;4
14399;193;72;243;land;false;plains;2
14400;133;208;197;land;false;desert;1
14401;253;204;83;land;false;desert;4
14402;245;248;114;land;false;plains;4
14403;138;237;207;land;false;forest;2
14404;232;121;178;land;true;forest;1
14405;218;225;174;land;false;plains;1
14406;246;199;244;land;false;desert;1
14407;250;168;238;land;false;desert;1
14408;247;132;223;land;false;marsh;4
14409;114;236;252;land;true;forest;4
14410;219;62;251;land;false;desert;1
14411;249;206;80;land;true;forest;4
14412;218;187;193;land;false;desert;1
14413;188;232;85;land;false;desert;1
14414;195;142;237;land;false;desert;4
14415;138;168;247;land;false;desert;4
14416;164;135;215;land;false;plains;1
14417;191;148;205;land;false;marsh;2
14418;95;231;234;land;false;plains;2
14419;239;183;245;land;true;forest;2
14420;227;209;162;land;false;marsh;4
14421;192;153;232;land;false;desert;4
14422;174;228;138;land;false;plains;2
14423;231;142;154;land;false;plains;1
14424;123;135;252;land;false;plains;4
14425;157;146;224;land;false;desert;4
14426;147;233;143;land;false;desert;4
14427;82;226;215;land;true;forest;4
14428;123;189;191;land;false;forest;2
14429;219;222;67;land;false;plains;2
14430;235;88;245;land;false;desert;1
14431;229;242;125;land;false;forest;4
14432;185;74;251;land;false;desert;1
14433;245;250;235;land;true;hills;2
14434;218;206;139;land;true;forest;2
14435;205;130;248;land;false;plains;1
14436;242;233;155;land;true;plains;4
14437;224;196;159;land;false;desert;4
14438;93;190;219;land;false;forest;7
14439;168;225;246;land;false;marsh;7
14440;206;167;205;land;false;forest;7
14441;214;166;155;land;false;desert;1
14442;142;213;182;land;true;plains;2
14443;243;76;186;land;false;plains;2
14444;213;185;248;land;false;desert;1
14445;175;252;75;land;false;hills;1
14446;244;229;183;land;true;forest;4
14447;205;198;100;land;false;hills;1
14448;225;210;220;land;false;plains;1
14449;178;232;138;land;true;forest;4
14450;173;187;211;land;false;desert;4
14451;243;153;112;land;false;desert;4
14452;181;206;152;land;false;desert;4
14453;231;225;115;land;true;forest;4
14454;240;203;243;land;false;mountain;1
14455;114;234;239;land;false;plains;4
14456;245;150;149;land;false;urban;4
14457;192;199;242;land;true;forest;7
14458;237;205;172;land;true;forest;1
14459;68;220;213;land;false;desert;4
14460;217;238;126;land;false;desert;4
14461;175;116;239;land;false;desert;1
14462;215;185;217;land;false;plains;2
14463;208;177;132;land;true;forest;4
14464;130;238;232;land;false;desert;4
14465;210;239;67;land;false;urban;4
14466;190;77;247;land;false;forest;7
14467;196;92;220;land;true;forest;4
14468;209;223;150;land;true;forest;4
14469;251;168;152;land;false;forest;4
14470;198;217;212;land;true;forest;4
14471;214;184;250;land;true;forest;2
14472;201;248;191;land;false;hills;1
14473;168;87;253;land;false;plains;1
14474;178;191;244;land;false;plains;1
14475;208;140;166;land;false;plains;1
14476;251;142;188;land;false;plains;2
14477;238;217;57;land;false;hills;1
14478;238;176;98;land;true;forest;4
14479;141;178;239;land;false;forest;1
14480;193;193;249;land;false;hills;1
14481;170;221;248;land;false;plains;4
14482;76;218;254;land;true;plains;4
14483;133;186;239;land;false;plains;2
14484;219;48;251;land;true;plains;4
14485;246;181;209;land;false;desert;4
14486;234;118;199;land;false;plains;2
14487;169;210;136;land;false;forest;7
14488;107;182;239;land;false;forest;7
14489;158;187;239;land;true;forest;4
14490;251;108;173;land;false;plains;1
14491;74;230;229;land;false;forest;4
14492;173;243;216;land;false;plains;2
14493;91;234;189;land;false;plains;2
14494;112;232;233;land;false;forest;7
14495;229;246;228;land;false;plains;1
14496;221;247;155;land;false;mountain;1
14497;246;142;156;land;false;hills;1
14498;248;236;49;land;false;plains;4
14499;253;98;211;land;false;desert;4
14500;250;164;151;land;true;plains;7
14501;162;208;209;land;false;plains;1
14502;129;250;219;land;false;mountain;1
14503;216;113;251;land;false;desert;4
14504;228;200;240;land;true;plains;2
14505;104;211;244;land;false;plains;1
14506;212;213;121;land;false;hills;1
14507;138;191;229;land;false;urban;4
14508;220;152;197;land;false;plains;2
14509;250;109;180;land;true;forest;4
14510;68;253;205;land;false;desert;4
14511;180;215;179;land;true;forest;4
14512;212;182;170;land;true;plains;4
14513;220;130;234;land;false;plains;4
14514;168;175;181;land;false;forest;4
14515;211;248;252;land;true;forest;4
14516;39;252;248;land;false;hills;1
14517;113;155;253;land;false;plains;4
14518;111;208;229;land;false;plains;1
14519;173;219;181;land;false;plains;1
14520;201;123;186;land;true;plains;7
14521;215;238;133;land;false;desert;4
14522;205;235;81;land;false;desert;4
14523;92;168;253;land;true;plains;7
14524;193;152;158;land;false;plains;4
14525;213;212;168;land;true;forest;2
14526;184;180;211;land;false;desert;2
14527;246;201;188;land;false;plains;1
14528;196;216;252;land;false;plains;1
14529;248;216;213;land;false;forest;1
14530;185;83;247;land;false;marsh;7
14531;251;134;214;land;false;plains;7
14532;109;244;235;land;false;forest;7
14533;177;174;219;land;false;mountain;1
14534;151;193;184;land;false;desert;4
14535;222;96;223;land;false;hills;1
14536;90;246;165;land;false;plains;4
14537;212;109;233;land;false;desert;2
14538;130;249;184;land;true;plains;7
14539;172;165;168;land;false;plains;4
14540;133;232;150;land;false;plains;2
14541;230;241;46;land;false;mountain;1
14542;250;178;106;land;false;plains;1
14543;161;236;104;land;false;desert;2
14544;221;132;226;land;true;plains;7
14545;215;151;247;land;false;desert;4
14546;162;243;153;land;true;plains;4
14547;235;190;127;land;false;plains;4
14548;203;134;174;land;false;forest;1
14549;243;86;204;land;false;plains;4
14550;251;188;180;land;false;forest;7
14551;245;110;228;land;false;mountain;1
14552;127;241;156;land;false;desert;4
14553;213;238;58;land;false;mountain;1
14554;212;148;210;land;false;forest;1
14555;121;242;230;land;true;plains;7
14556;201;236;134;land;false;marsh;7
14557;197;68;246;land;true;forest;4
14558;241;228;207;land;false;hills;1
14559;226;184;208;land;true;plains;2
14560;232;205;246;land;false;mountain;1
14561;148;211;218;land;false;desert;4
14562;201;114;245;land;false;desert;4
14563;243;90;231;land;false;desert;2
14564;249;244;142;land;false;desert;2
14565;153;243;154;land;false;desert;4
14566;53;247;207;land;false;plains;2
14567;245;186;185;land;true;plains;2
14568;192;193;189;land;true;forest;1
14569;137;224;143;land;false;forest;7
14570;224;227;205;land;true;plains;4
14571;205;207;198;land;false;plains;2
14572;124;236;200;land;true;hills;1
14573;140;240;221;land;true;plains;7
14574;165;225;195;land;false;mountain;1
14575;252;190;67;land;false;desert;4
14576;238;141;241;land;false;plains;4
14577;223;98;219;land;false;plains;4
14578;211;225;145;land;false;plains;2
14579;234;160;148;land;true;forest;4
14580;141;186;226;land;false;desert;2
14581;105;232;201;land;false;marsh;7
14582;86;216;230;land;false;forest;7
14583;151;206;211;land;false;forest;1
14584;244;194;140;land;false;forest;1
14585;197;179;156;land;true;plains;2
14586;231;181;185;land;false;marsh;7
14587;152;211;147;land;false;desert;4
14588;225;103;235;land;false;forest;7
14589;183;219;200;land;true;forest;4
14590;242;238;44;land;false;desert;4
14591;240;116;232;land;false;desert;4
14592;234;122;212;land;false;plains;2
14593;73;192;250;land;false;marsh;7
14594;226;219;128;land;true;plains;1
14595;156;194;230;land;false;hills;1
14596;231;177;229;land;true;plains;1
14597;233;145;156;land;true;forest;2
14598;221;244;119;land;true;plains;2
14599;216;234;240;land;false;desert;4
14600;217;155;178;land;false;desert;2
14601;196;83;247;land;false;marsh;1
14602;119;156;240;land;true;plains;4
14603;90;207;238;land;false;desert;2
14604;227;184;238;land;true;plains;1
14605;186;238;138;land;false;hills;1
14606;203;105;213;land;true;forest;1
14607;225;184;253;land;false;marsh;1
14608;56;202;248;land;false;plains;4
14609;138;208;166;land;false;desert;4
14610;139;254;108;land;false;desert;4
14611;207;241;81;land;false;jungle;1
14612;162;225;189;land;false;jungle;1
14613;253;174;202;land;false;forest;4
14614;230;139;190;land;false;plains;4
14615;161;219;217;land;false;plains;7
14616;246;162;94;land;true;plains;1
14617;233;250;85;land;false;desert;2
14618;228;85;243;land;false;desert;4
14619;159;181;200;land;false;forest;7
14620;118;178;233;land;false;plains;4
14621;241;70;225;land;false;desert;4
14622;161;200;167;land;false;forest;4
14623;240;232;227;land;true;forest;4
14624;254;109;254;land;false;desert;2
14625;220;235;193;land;false;desert;4
14626;207;250;52;land;false;hills;1
14627;220;210;251;land;false;marsh;1
14628;224;51;234;land;true;plains;7
14629;132;252;126;land;false;desert;2
14630;168;127;238;land;false;desert;4
14631;215;194;197;land;true;plains;4
14632;238;31;249;land;true;plains;2
14633;95;241;249;land;false;plains;1
14634;218;254;217;land;false;mountain;1
14635;162;163;239;land;true;plains;7
14636;219;250;131;land;false;jungle;1
14637;254;240;40;land;false;desert;4
14638;130;250;247;land;false;desert;2
14639;227;63;223;land;false;hills;1
14640;206;208;137;land;false;jungle;1
14641;227;85;244;land;false;desert;2
14642;185;188;196;land;false;desert;2
14643;209;233;199;land;false;forest;7
14644;245;224;203;land;false;plains;1
14645;235;133;188;land;true;plains;7
14646;77;243;230;land;true;plains;2
14647;227;196;221;land;false;forest;7
14648;236;243;41;land;false;plains;4
14649;96;214;253;land;true;plains;1
14650;231;201;191;land;false;plains;1
14651;191;206;164;land;false;desert;4
14652;205;236;182;land;false;plains;4
14653;247;144;212;land;false;plains;1
14654;112;219;181;land;false;plains;4
14655;115;243;177;land;false;desert;2
14656;148;184;254;land;false;desert;2
14657;53;245;221;land;false;desert;4
14658;138;237;200;land;true;forest;4
14659;241;143;191;land;false;forest;4
14660;55;219;254;land;false;desert;4
14661;100;235;174;land;false;desert;4
14662;183;236;237;land;false;plains;2
14663;166;228;246;land;true;plains;7
14664;185;243;239;land;false;plains;1
14665;232;223;96;land;false;marsh;1
14666;66;246;253;land;false;desert;4
14667;77;219;213;land;false;forest;7
14668;165;243;93;land;false;jungle;1
14669;82;230;196;land;true;plains;7
14670;150;194;168;land;false;desert;4
14671;227;179;126;land;false;plains;1
14672;193;249;89;land;false;desert;4
14673;207;240;222;land;true;forest;4
14674;103;218;181;land;false;plains;2
14675;240;200;143;land;true;forest;1
14676;82;250;231;land;false;marsh;1
14677;135;214;248;land;false;plains;4
14678;61;234;239;land;false;desert;2
14679;175;225;237;land;false;forest;7
14680;162;175;250;land;false;forest;7
14681;164;192;242;land;true;plains;7
14682;253;241;119;land;false;plains;4
14683;172;252;245;land;false;desert;2
14684;254;111;207;land;false;desert;2
14685;165;233;195;land;true;forest;1
14686;243;221;220;land;false;jungle;1
14687;71;229;219;land;true;plains;4
14688;250;245;180;land;false;desert;4
14689;167;229;246;land;false;desert;4
14690;213;99;226;land;false;plains;1
14691;205;226;166;land;false;forest;7
14692;251;110;170;land;true;plains;4
14693;253;242;127;land;false;desert;4
14694;82;221;225;land;true;plains;4
14695;65;214;252;land;true;plains;4
14696;227;133;186;land;false;desert;2
14697;220;197;138;land;true;forest;1
14698;212;211;242;land;false;plains;4
14699;163;92;247;land;false;forest;2
14700;253;168;216;land;false;plains;1
14701;231;114;198;land;false;desert;2
14702;248;81;172;land;true;plains;7
14703;193;215;97;land;false;forest;1
14704;171;221;204;land;false;marsh;1
14705;137;162;236;land;true;plains;2
14706;176;150;189;land;true;plains;7
14707;239;251;173;land;false;desert;2
14708;118;218;203;land;true;plains;7
14709;86;226;249;land;false;desert;2
14710;30;227;249;land;false;desert;2
14711;202;84;228;land;true;plains;7
14712;222;212;186;land;false;jungle;1
14713;188;210;229;land;false;jungle;1
14714;230;126;153;land;false;desert;4
14715;110;174;218;land;false;plains;4
14716;244;147;166;land;true;forest;4
14717;214;175;162;land;true;forest;2
14718;176;237;213;land;true;forest;1
14719;232;208;65;land;true;forest;1
14720;154;251;230;land;false;desert;2
14721;115;250;225;land;true;plains;4
14722;102;230;196;land;false;desert;2
14723;190;167;213;land;false;jungle;1
14724;190;107;248;land;true;plains;4
14725;220;225;161;land;false;plains;2
14726;209;99;206;land;false;forest;2
14727;250;177;153;land;false;marsh;1
14728;242;166;150;land;false;hills;7
14729;193;251;212;land;false;marsh;1
14730;23;247;233;land;false;desert;4
14731;239;188;170;land;false;plains;7
14732;195;247;68;land;false;desert;2
14733;204;130;211;land;false;marsh;1
14734;209;103;193;land;true;plains;2
14735;254;128;210;land;false;desert;2
14736;121;216;165;land;false;desert;2
14737;248;156;249;land;false;jungle;1
14738;166;152;249;land;true;plains;7
14739;242;224;232;land;false;desert;2
14740;169;253;189;land;false;desert;2
14741;198;68;251;land;true;forest;2
14742;145;232;159;land;false;marsh;1
14743;207;174;153;land;true;plains;4
14744;106;216;197;land;true;forest;1
14745;100;172;234;land;true;forest;1
14746;203;226;191;land;true;plains;7
14747;196;102;206;land;true;plains;4
14748;148;228;170;land;false;plains;2
14749;149;140;247;land;false;plains;2
14750;193;221;143;land;false;jungle;1
14751;106;196;205;land;false;marsh;1
14752;201;206;209;land;true;plains;7
14753;242;171;116;land;true;forest;1
14754;229;71;231;land;false;jungle;1
14755;240;198;73;land;false;plains;7
14756;235;29;241;land;false;forest;1
14757;198;98;209;land;false;marsh;1
14758;160;234;114;land;true;plains;4
14759;245;238;123;land;false;desert;2
14760;222;133;181;land;false;desert;2
14761;103;254;219;land;true;forest;1
14762;215;233;184;land;true;forest;1
14763;156;120;245;land;true;forest;1
14764;78;241;254;land;false;forest;7
14765;175;236;213;land;false;desert;4
14766;207;195;190;land;false;forest;7
14767;209;222;108;land;false;plains;2
14768;125;183;246;land;false;desert;4
14769;244;163;198;land;false;desert;2
14770;152;151;233;land;false;plains;2
14771;221;231;129;land;false;desert;2
14772;179;249;223;land;true;forest;1
14773;193;120;246;land;true;plains;7
14774;237;152;245;land;false;forest;1
14775;248;74;250;land;false;jungle;1
14776;218;227;153;land;false;plains;2
14777;191;143;194;land;false;forest;1
14778;190;219;170;land;true;forest;1
14779;102;254;198;land;false;forest;7
14780;168;237;196;land;false;plains;4
14781;219;186;135;land;false;marsh;1
14782;240;204;127;land;false;jungle;1
14783;102;191;249;land;false;forest;1
14784;233;50;227;land;false;plains;2
14785;170;190;254;land;false;plains;2
14786;134;252;151;land;false;jungle;1
14787;211;233;67;land;true;plains;4
14788;164;171;247;land;false;jungle;1
14789;180;163;251;land;true;plains;7
14790;218;223;88;land;true;plains;4
14791;199;134;172;land;true;forest;1
14792;142;170;192;land;false;desert;4
14793;218;128;163;land;true;plains;4
14794;165;183;211;land;false;desert;2
14795;210;205;219;land;false;forest;1
14796;218;167;211;land;false;forest;1
14797;84;235;231;land;false;forest;4
14798;207;213;84;land;false;marsh;1
14799;137;200;180;land;true;forest;1
14800;161;253;189;land;false;forest;7
14801;245;160;97;land;false;desert;4
14802;94;228;211;land;true;plains;4
14803;214;216;250;land;false;desert;2
14804;70;248;214;land;false;desert;2
14805;157;223;155;land;true;plains;4
14806;253;72;213;land;false;desert;2
14807;212;247;155;land;false;plains;2
14808;239;200;73;land;true;plains;2
14809;192;90;248;land;true;plains;4
14810;206;172;224;land;false;desert;4
14811;254;193;146;land;true;forest;4
14812;181;197;151;land;true;plains;2
14813;107;218;185;land;false;forest;1
14814;252;251;74;land;false;forest;1
14815;146;199;207;land;true;plains;4
14816;192;179;189;land;false;desert;2
14817;242;149;252;land;false;forest;1
14818;241;248;197;land;false;forest;1
14819;237;163;152;land;false;plains;1
14820;231;137;203;land;true;forest;1
14821;63;229;215;land;false;desert;2
14822;147;251;199;land;true;forest;2
14823;254;247;157;land;true;forest;1
14824;167;187;206;land;false;forest;4
14825;184;245;101;land;true;forest;1
14826;167;168;182;land;false;forest;1
14827;107;244;232;land;false;plains;2
14828;251;202;158;land;true;plains;4
14829;214;236;149;land;true;plains;7
14830;224;233;61;land;false;forest;4
14831;63;221;226;land;false;desert;2
14832;160;242;123;land;false;forest;2
14833;165;219;219;land;true;forest;1
14834;170;88;252;land;false;desert;2
14835;175;100;231;land;false;forest;4
14836;155;111;235;land;true;plains;7
14837;154;250;164;land;true;plains;4
14838;84;236;198;land;true;plains;7
14839;76;213;233;land;true;plains;4
14840;238;244;196;land;false;desert;2
14841;192;228;106;land;true;forest;1
14842;66;236;233;land;false;forest;4
14843;239;78;184;land;true;forest;1
14844;190;222;99;land;false;plains;2
14845;223;190;189;land;false;plains;2
14846;157;207;231;land;true;forest;4
14847;89;196;239;land;false;desert;2
14848;154;171;177;land;true;plains;1
14849;233;185;148;land;false;desert;2
14850;65;230;242;land;true;forest;1
14851;241;148;211;land;false;forest;4
14852;171;232;147;land;false;plains;2
14853;161;226;228;land;true;forest;1
14854;177;167;242;land;false;desert;4
14855;210;176;145;land;true;plains;4
14856;233;240;104;land;false;desert;2
14857;253;116;149;land;true;plains;4
14858;227;166;212;land;false;desert;2
14859;218;190;139;land;true;forest;4
14860;225;176;197;land;true;forest;2
14861;199;238;229;land;false;forest;4
14862;181;69;252;land;true;forest;1
14863;213;146;248;land;false;forest;4
14864;236;240;145;land;false;desert;2
14865;160;229;140;land;true;plains;4
14866;203;106;226;land;false;desert;2
14867;130;233;220;land;true;plains;7
14868;184;208;203;land;true;plains;7
14869;249;153;191;land;true;plains;7
14870;174;214;249;land;false;desert;2
14871;226;121;175;land;false;forest;4
14872;194;241;137;land;false;desert;2
14873;105;245;250;land;true;plains;7
14874;243;28;232;land;true;forest;1
14875;196;214;138;land;false;desert;2
14876;161;241;127;land;false;desert;2
14877;149;163;209;land;true;hills;7
14878;192;205;198;land;true;forest;2
14879;244;248;24;land;false;hills;7
14880;163;192;209;land;false;desert;2
14881;228;248;111;land;false;desert;2
14882;172;250;218;land;true;plains;7
14883;102;211;231;land;false;forest;4
14884;180;232;102;land;false;desert;2
14885;247;217;171;land;false;hills;7
14886;229;239;72;land;true;plains;4
14887;157;243;180;land;true;forest;1
14888;203;190;193;land;false;forest;4
14889;117;215;228;land;false;forest;4
14890;231;232;80;land;true;plains;2
14891;128;218;216;land;true;plains;7
14892;209;252;92;land;true;forest;1
14893;227;92;223;land;false;hills;7
14894;177;166;200;land;true;forest;1
14895;155;252;143;land;true;forest;1
14896;114;239;220;land;true;plains;4
14897;247;192;204;land;true;forest;1
14898;231;210;162;land;true;forest;1
14899;208;211;162;land;false;hills;7
14900;142;167;210;land;true;plains;7
14901;231;237;148;land;false;mountain;7
14902;179;117;220;land;false;hills;7
14903;77;230;242;land;true;plains;4
14904;249;128;134;land;true;forest;4
14905;252;189;124;land;false;plains;2
14906;183;161;215;land;true;forest;2
14907;218;191;201;land;true;forest;1
14908;228;217;167;land;true;urban;1
14909;234;205;86;land;true;plains;7
14910;221;159;179;land;true;forest;1
14911;233;132;238;land;true;plains;7
14912;248;168;160;land;false;mountain;7
14913;227;127;181;land;true;forest;1
14914;130;247;142;land;true;plains;4
14915;205;193;156;land;true;forest;1
14916;229;245;149;land;true;plains;7
14917;172;158;217;land;false;mountain;7
14918;228;133;188;land;true;plains;4
14919;181;104;216;land;false;mountain;7
14920;243;243;122;land;true;forest;7
14921;226;201;161;land;true;urban;2
14922;222;197;145;land;false;hills;7
14923;181;250;166;land;true;plains;7
14924;149;254;224;land;false;hills;7
14925;194;229;95;land;true;plains;7
14926;218;191;139;land;true;plains;4
14927;219;160;216;land;false;mirrors_terrain;7
14928;244;141;150;land;false;hills;7
14929;224;126;247;land;false;mountain;7
14930;198;208;126;land;false;forest;7
14931;116;198;189;land;true;hills;7
14932;240;187;155;land;false;plains;7
14933;190;219;177;land;true;plains;7
14934;115;190;239;land;true;plains;7
14935;237;222;219;land;true;forest;1
14936;138;227;223;land;true;forest;6
14937;194;139;196;land;true;forest;6
14938;162;201;142;land;true;forest;6
14939;237;211;218;land;true;forest;6
14940;190;212;214;land;true;forest;6
14941;246;153;220;land;true;forest;6
14942;202;238;131;land;true;forest;6
14943;251;148;245;land;true;forest;6
14944;241;218;158;land;true;forest;6
14945;234;176;215;land;true;forest;6
14946;176;243;250;land;false;plains;6
14947;240;205;78;land;true;forest;6
14948;247;229;248;land;false;plains;6
14949;180;186;168;land;true;plains;6
14950;203;226;209;land;true;forest;6
14951;148;247;113;land;true;forest;6
14952;234;228;175;land;true;forest;6
14953;145;251;254;land;true;plains;6
14954;190;205;211;land;true;forest;6
14955;191;245;72;land;true;plains;6
14956;110;214;182;land;false;plains;6
14957;114;167;235;land;true;forest;6
14958;250;218;251;land;true;plains;6
14959;112;224;192;land;true;plains;6
14960;134;248;251;land;true;plains;6
14961;244;181;199;land;true;forest;6
14962;167;251;152;land;true;plains;6
14963;198;240;105;land;true;forest;6
14964;155;253;122;land;true;plains;6
14965;244;218;135;land;true;plains;6
14966;151;215;232;land;false;plains;6
14967;218;114;220;land;true;plains;6
14968;99;194;223;land;true;plains;6
14969;238;254;212;land;true;plains;6
14970;150;191;222;land;true;plains;6
14971;161;234;196;land;false;plains;6
14972;197;251;213;land;true;plains;6
14973;62;231;240;land;true;plains;6
14974;232;166;158;land;false;plains;6
14975;167;251;201;land;false;plains;6
14976;175;231;150;land;true;plains;6
14977;180;105;254;land;true;plains;6
14978;217;232;179;land;true;plains;6
14979;224;156;156;land;false;plains;6
14980;231;84;224;land;true;plains;6
14981;234;254;172;land;true;plains;6
14982;191;247;174;land;true;plains;6
14983;123;206;185;land;true;plains;6
14984;192;193;246;land;true;plains;6
14985;214;178;118;land;true;plains;6
14986;161;155;233;land;false;plains;6
14987;237;206;69;land;true;plains;6
14988;178;141;192;land;false;plains;6
14989;144;252;140;land;true;plains;6
14990;183;250;111;land;true;plains;6
14991;171;146;253;land;false;plains;6
14992;142;185;202;land;true;plains;6
14993;132;169;200;land;false;plains;6
14994;222;227;191;land;false;plains;6
14995;212;170;178;land;true;plains;6
14996;244;251;20;land;false;plains;6
14997;237;169;213;land;true;plains;6
14998;149;232;151;land;false;plains;6
14999;235;211;132;land;true;plains;6
15000;103;247;208;land;true;plains;6
15001;145;248;233;land;true;plains;6
15002;185;180;159;land;true;plains;6
15003;227;225;58;land;false;plains;6
15004;144;194;173;land;true;plains;6
15005;242;183;110;land;false;plains;6
15006;190;237;76;land;true;plains;6
15007;177;197;150;land;true;plains;6
15008;126;243;214;land;false;plains;6
15009;161;228;131;land;true;plains;6
15010;246;250;145;land;false;plains;6
15011;118;254;242;land;false;plains;6
15012;140;230;140;land;true;plains;6
15013;232;105;247;land;true;plains;6
15014;206;77;242;land;true;plains;6
15015;250;213;127;land;true;plains;6
15016;223;179;180;land;false;plains;6
15017;254;66;219;land;false;plains;6
15018;147;243;228;land;true;plains;6
15019;192;122;228;land;false;plains;6
15020;46;248;223;land;false;plains;6
15021;98;203;247;land;true;plains;6
15022;253;224;246;land;false;plains;6
15023;239;75;193;land;false;plains;6
15024;194;127;244;land;false;plains;6
15025;172;170;223;land;false;plains;6
15026;211;135;179;land;false;plains;6
15027;135;133;247;land;false;plains;6
15028;224;162;133;land;true;plains;6
15029;220;172;162;land;true;plains;6
15030;140;156;239;land;true;plains;6
15031;208;221;138;land;false;plains;6
15032;187;217;209;land;true;plains;6
15033;163;237;235;land;false;plains;6
15034;240;189;179;land;true;plains;6
15035;202;161;250;land;false;plains;6
15036;135;187;219;land;false;plains;6
15037;158;162;217;land;true;plains;6
15038;230;151;166;land;true;plains;6
15039;117;185;222;land;true;plains;6
15040;231;177;134;land;true;plains;6
15041;219;180;142;land;false;plains;6
15042;190;224;90;land;true;plains;6
15043;197;216;92;land;false;plains;6
15044;180;230;232;land;true;plains;6
15045;158;253;189;land;false;plains;6
15046;214;153;155;land;true;plains;6
15047;176;185;176;land;false;plains;6
15048;219;199;240;land;false;plains;6
15049;223;248;130;land;false;plains;6
15050;241;221;253;land;false;plains;6
15051;210;157;153;land;true;plains;6
15052;138;211;247;land;false;plains;6
15053;240;164;223;land;false;plains;6
15054;213;60;229;land;false;plains;6
15055;188;240;167;land;false;plains;6
15056;236;229;98;land;true;plains;6
15057;238;174;230;land;true;plains;6
15058;140;246;170;land;true;plains;6
15059;210;184;211;land;false;plains;6
15060;225;54;253;land;false;plains;6
15061;204;204;159;land;false;plains;6
15062;218;175;163;land;false;plains;6
15063;227;47;252;land;false;plains;6
15064;253;215;250;land;false;plains;6
15065;145;241;181;land;false;plains;6
15066;143;251;119;land;false;plains;6
15067;230;201;196;land;false;plains;6
15068;247;127;127;land;true;plains;6
15069;198;247;83;land;false;plains;6
15070;146;227;225;land;false;plains;6
15071;128;203;172;land;false;plains;6
15072;129;248;248;land;false;plains;6
15073;231;164;251;land;false;plains;6
15074;203;239;137;land;false;plains;6
15075;46;241;230;land;false;plains;6
15076;239;137;194;land;true;plains;3
15077;244;135;160;land;true;plains;3
15078;114;221;205;land;true;plains;3
15079;225;221;108;land;true;plains;3
15080;211;235;183;land;true;mirrors_terrain;2
15081;168;139;199;land;true;forest;3
15082;128;234;218;land;true;forest;3
15083;216;156;203;land;true;forest;3
15084;153;253;233;land;true;plains;7
15085;170;195;221;land;true;hills;3
15086;162;150;220;land;true;forest;3
15087;196;187;225;land;true;forest;3
15088;220;101;216;land;true;forest;3
15089;242;177;192;land;true;forest;4
15090;251;223;82;land;true;forest;4
15091;212;231;164;land;true;forest;4
15092;176;210;219;land;true;forest;4
15093;236;237;230;land;true;forest;4
15094;75;216;242;land;true;mirrors_terrain;2
15095;213;107;202;land;true;forest;4
15096;156;167;222;land;true;forest;4
15097;185;207;231;land;true;jungle;4
15098;251;164;215;land;true;forest;4
15099;115;169;243;land;true;forest;4
15100;160;186;241;land;true;forest;4
15101;172;200;197;land;true;forest;4
15102;202;231;101;land;true;plains;1
15103;145;232;232;land;true;forest;4
15104;254;247;124;land;true;plains;7
15105;231;246;92;land;true;jungle;4
15106;173;193;180;land;true;jungle;4
15107;224;222;103;land;true;forest;4
15108;109;211;204;land;true;jungle;4
15109;199;241;191;land;true;plains;7
15110;194;248;164;land;true;plains;7
15111;131;246;173;land;true;plains;7
15112;219;253;220;land;false;mountain;2
15113;193;207;112;land;true;forest;7
15114;200;137;191;land;true;forest;7
15115;253;237;33;land;true;forest;7
15116;234;175;96;land;true;forest;4
15117;217;164;209;land;true;forest;4
15118;214;170;249;land;true;forest;7
15119;84;253;189;land;true;forest;7
15120;219;202;209;land;true;forest;4
15121;103;246;170;land;true;forest;7
15122;219;216;174;land;true;forest;7
15123;169;207;186;land;true;forest;7
15124;187;195;183;land;true;forest;7
15125;203;134;202;land;true;plains;7
15126;220;252;229;land;true;forest;2
15127;245;195;152;land;true;plains;7
15128;192;159;198;land;true;forest;7
15129;149;242;251;land;true;plains;2
15130;235;188;200;land;true;plains;7
15131;136;237;133;land;true;forest;7
15132;83;233;189;land;true;forest;4
15133;210;192;239;land;true;forest;4
15134;237;148;133;land;true;plains;7
15135;124;221;203;land;true;forest;4
15136;216;171;142;land;true;forest;7
15137;97;206;202;land;true;forest;4
15138;182;234;128;land;true;forest;7
15139;142;227;156;land;true;plains;7
15140;228;244;178;land;true;forest;7
15141;232;90;204;land;true;plains;6
15142;249;226;192;land;true;plains;6
15143;52;28;4;sea;true;ocean;0
15144;0;41;5;sea;false;ocean;0
15145;4;2;40;sea;false;ocean;0
15146;5;46;0;sea;false;ocean;0
15147;8;37;37;sea;true;ocean;0
15148;13;47;33;sea;false;ocean;0
15149;12;27;1;sea;false;ocean;0
15150;32;29;15;sea;false;ocean;0
15151;37;31;15;sea;true;ocean;0
15152;19;36;0;sea;false;ocean;0
15153;6;10;7;sea;false;ocean;0
15154;17;46;23;sea;true;ocean;0
15155;43;32;12;sea;false;ocean;0
15156;36;25;37;sea;false;ocean;0
15157;14;31;21;sea;false;ocean;0
15158;42;5;16;sea;false;ocean;0
15159;59;19;0;sea;false;ocean;0
15160;0;10;27;sea;false;ocean;0
15161;44;13;40;sea;false;ocean;0
15162;55;9;21;sea;false;ocean;0
15163;37;7;9;sea;true;ocean;0
15164;0;11;66;sea;false;ocean;0
15165;19;58;4;sea;false;ocean;0
15166;3;22;15;sea;false;ocean;0
15167;19;38;3;sea;false;ocean;0
15168;19;12;53;sea;false;ocean;0
15169;21;73;4;sea;false;ocean;0
15170;17;49;8;sea;false;ocean;0
15171;7;0;1;sea;false;ocean;0
15172;17;54;3;sea;false;ocean;0
15173;37;37;9;sea;false;ocean;0
15174;16;5;7;sea;false;ocean;0
15175;17;13;69;sea;false;ocean;0
15176;17;37;44;sea;false;ocean;0
15177;10;12;8;sea;false;ocean;0
15178;37;1;43;sea;false;ocean;0
15179;63;0;4;sea;true;ocean;0
15180;10;17;63;sea;false;ocean;0
15181;2;55;2;sea;true;ocean;0
15182;17;27;47;sea;false;ocean;0
15183;5;30;38;sea;true;ocean;0
15184;30;0;10;sea;false;ocean;0
15185;24;33;19;sea;false;ocean;0
15186;48;37;8;sea;true;ocean;0
15187;10;24;7;sea;false;ocean;0
15188;28;21;36;sea;true;ocean;0
15189;43;3;38;sea;true;ocean;0
15190;49;14;29;sea;false;ocean;0
15191;62;0;25;sea;false;ocean;0
15192;16;13;39;sea;false;ocean;0
15193;26;54;1;sea;true;ocean;0
15194;24;24;49;sea;false;ocean;0
15195;9;21;33;sea;false;ocean;0
15196;36;16;31;sea;false;ocean;0
15197;46;20;22;sea;true;ocean;0
15198;12;51;12;sea;false;ocean;0
15199;1;7;63;sea;false;ocean;0
15200;7;33;25;sea;true;ocean;0
15201;22;2;18;sea;false;ocean;0
15202;22;64;3;sea;true;ocean;0
15203;61;6;4;sea;false;ocean;0
15204;6;14;25;sea;false;ocean;0
15205;20;53;19;sea;false;ocean;0
15206;20;8;27;sea;true;ocean;0
15207;53;6;7;sea;true;ocean;0
15208;72;5;11;sea;false;ocean;0
15209;50;3;38;sea;false;ocean;0
15210;5;34;8;sea;true;ocean;0
15211;4;27;0;sea;false;ocean;0
15212;30;52;17;sea;false;ocean;0
15213;44;23;21;sea;false;ocean;0
15214;18;4;19;sea;false;ocean;0
15215;11;23;1;sea;true;ocean;0
15216;0;77;19;sea;true;ocean;0
15217;46;34;18;sea;false;ocean;0
15218;59;1;27;sea;false;ocean;0
15219;60;28;5;sea;true;ocean;0
15220;20;0;8;sea;false;ocean;0
15221;17;19;2;sea;false;ocean;0
15222;55;16;26;sea;true;ocean;0
15223;13;11;54;sea;false;ocean;0
15224;8;1;5;sea;false;ocean;0
15225;2;34;28;sea;false;ocean;0
15226;28;21;35;sea;false;ocean;0
15227;50;6;39;sea;false;ocean;0
15228;14;46;20;sea;false;ocean;0
15229;61;2;20;sea;false;ocean;0
15230;30;22;47;sea;false;ocean;0
15231;35;5;59;sea;false;ocean;0
15232;23;28;47;sea;true;ocean;0
15233;44;7;29;sea;false;ocean;0
15234;2;46;8;sea;false;ocean;0
15235;8;24;49;sea;false;ocean;0
15236;34;3;62;sea;false;ocean;0
15237;21;12;7;sea;false;ocean;0
15238;14;28;51;sea;false;ocean;0
15239;38;34;9;sea;false;ocean;0
15240;8;16;47;sea;false;ocean;0
15241;14;56;27;sea;true;ocean;0
15242;9;37;35;sea;false;ocean;0
15243;23;23;6;sea;false;ocean;0
15244;12;14;52;sea;false;ocean;0
15245;34;42;6;sea;true;ocean;0
15246;24;53;16;sea;false;ocean;0
15247;11;33;0;sea;true;ocean;0
15248;76;2;13;sea;true;ocean;0
15249;35;22;0;sea;false;ocean;0
15250;3;0;54;sea;false;ocean;0
15251;11;72;2;sea;false;ocean;0
15252;1;80;12;sea;true;ocean;0
15253;2;31;29;sea;false;ocean;0
15254;7;36;50;sea;false;ocean;0
15255;1;31;14;sea;false;ocean;0
15256;8;8;40;sea;false;ocean;0
15257;30;30;10;sea;false;ocean;0
15258;23;24;19;sea;false;ocean;0
15259;48;3;3;sea;false;ocean;0
15260;52;24;23;sea;true;ocean;0
15261;19;33;25;sea;true;ocean;0
15262;22;56;9;sea;false;ocean;0
15263;33;13;39;sea;false;ocean;0
15264;27;5;2;sea;false;ocean;0
15265;4;8;2;sea;true;ocean;0
15266;11;21;5;sea;false;ocean;0
15267;6;41;20;sea;true;ocean;0
15268;35;25;35;sea;false;ocean;0
15269;49;0;2;sea;true;ocean;0
15270;44;4;17;sea;false;ocean;0
15271;19;19;9;sea;false;ocean;0
15272;26;4;63;sea;true;ocean;0
15273;55;31;8;sea;false;ocean;0
15274;39;15;36;sea;false;ocean;0
15275;33;18;21;sea;false;ocean;0
15276;2;6;0;sea;false;ocean;0
15277;61;14;18;sea;false;ocean;0
15278;10;31;41;sea;false;ocean;0
15279;4;45;46;sea;false;ocean;0
15280;8;25;24;sea;false;ocean;0
15281;21;4;10;sea;false;ocean;0
15282;4;37;44;sea;true;ocean;0
15283;34;15;12;sea;false;ocean;0
15284;7;21;25;sea;false;ocean;0
15285;14;3;41;sea;false;ocean;0
15286;58;14;1;sea;false;ocean;0
15287;38;8;28;sea;true;ocean;0
15288;6;19;11;sea;true;ocean;0
15289;57;27;0;sea;false;ocean;0
15290;12;4;78;sea;false;ocean;0
15291;6;27;2;sea;false;ocean;0
15292;36;27;28;sea;false;ocean;0
15293;55;6;9;sea;false;ocean;0
15294;67;15;11;sea;false;ocean;0
15295;4;63;22;sea;true;ocean;0
15296;6;0;79;sea;false;ocean;0
15297;26;14;3;sea;false;ocean;0
15298;50;0;13;sea;false;ocean;0
15299;9;37;16;sea;false;ocean;0
15300;22;28;47;sea;false;ocean;0
15301;12;73;3;sea;false;ocean;0
15302;28;40;9;sea;false;ocean;0
15303;24;40;13;sea;true;ocean;0
15304;8;3;78;sea;false;ocean;0
15305;11;65;6;sea;false;ocean;0
15306;45;1;25;sea;false;ocean;0
15307;15;36;2;sea;true;ocean;0
15308;1;4;30;sea;true;ocean;0
15309;5;33;28;sea;true;ocean;0
15310;29;35;1;sea;false;ocean;0
15311;9;27;23;sea;false;ocean;0
15312;2;49;46;sea;false;ocean;0
15313;27;56;8;sea;true;ocean;0
15314;11;84;3;sea;false;ocean;0
15315;8;23;21;sea;true;ocean;0
15316;35;17;30;sea;false;ocean;0
15317;41;53;1;sea;true;ocean;0
15318;43;9;33;sea;false;ocean;0
15319;6;3;18;sea;false;ocean;0
15320;14;29;38;sea;false;ocean;0
15321;3;20;19;sea;false;ocean;0
15322;3;2;52;sea;false;ocean;0
15323;5;1;27;sea;false;ocean;0
15324;27;36;34;sea;false;ocean;0
15325;42;26;18;sea;false;ocean;0
15326;30;11;52;sea;false;ocean;0
15327;22;49;9;sea;false;ocean;0
15328;12;29;32;sea;false;ocean;0
15329;29;33;24;sea;true;ocean;0
15330;61;7;28;sea;false;ocean;0
15331;39;41;10;sea;false;ocean;0
15332;39;43;16;sea;false;ocean;0
15333;34;28;28;sea;true;ocean;0
15334;56;0;33;sea;false;ocean;0
15335;31;8;59;sea;false;ocean;0
15336;18;1;8;sea;false;ocean;0
15337;19;22;29;sea;false;ocean;0
15338;68;7;23;sea;false;ocean;0
15339;15;31;41;sea;false;ocean;0
15340;64;28;0;sea;false;ocean;0
15341;16;15;32;sea;true;ocean;0
15342;53;17;11;sea;true;ocean;0
15343;9;18;11;sea;false;ocean;0
15344;5;45;26;sea;false;ocean;0
15345;9;76;9;sea;false;ocean;0
15346;32;5;14;sea;true;ocean;0
15347;6;47;29;sea;false;ocean;0
15348;0;7;14;sea;true;ocean;0
15349;6;30;50;sea;true;ocean;0
15350;13;2;65;sea;true;ocean;0
15351;6;2;90;sea;false;ocean;0
15352;23;11;32;sea;false;ocean;0
15353;61;9;15;sea;false;ocean;0
15354;15;63;8;sea;true;ocean;0
15355;16;2;34;sea;false;ocean;0
15356;7;29;9;sea;false;ocean;0
15357;44;4;23;sea;false;ocean;0
15358;35;25;6;sea;true;ocean;0
15359;23;3;1;sea;false;ocean;0
15360;59;8;10;sea;true;ocean;0
15361;3;33;48;sea;false;ocean;0
15362;6;42;45;sea;false;ocean;0
15363;51;18;17;sea;false;ocean;0
15364;69;0;21;sea;false;ocean;0
15365;4;30;21;sea;false;ocean;0
15366;38;54;1;sea;false;ocean;0
15367;34;8;12;sea;true;ocean;0
15368;48;28;6;sea;false;ocean;0
15369;11;38;40;sea;false;ocean;0
15370;3;21;68;sea;true;ocean;0
15371;40;52;7;sea;false;ocean;0
15372;43;8;26;sea;false;ocean;0
15373;2;8;16;sea;true;ocean;0
15374;34;50;1;sea;false;ocean;0
15375;3;7;5;sea;false;ocean;0
15376;12;39;8;sea;false;ocean;0
15377;27;6;47;sea;false;ocean;0
15378;53;31;14;sea;false;ocean;0
15379;11;5;49;sea;false;ocean;0
15380;32;13;1;sea;false;ocean;0
15381;3;62;22;sea;false;ocean;0
15382;5;61;1;sea;true;ocean;0
15383;5;21;22;sea;false;ocean;0
15384;19;1;69;sea;false;ocean;0
15385;7;48;22;sea;true;ocean;0
15386;21;21;45;sea;false;ocean;0
15387;8;17;61;sea;false;ocean;0
15388;16;41;6;sea;false;ocean;0
15389;18;34;19;sea;false;ocean;0
15390;35;54;2;sea;false;ocean;0
15391;42;2;20;sea;false;ocean;0
15392;58;5;26;sea;true;ocean;0
15393;29;25;1;sea;false;ocean;0
15394;72;1;11;sea;true;ocean;0
15395;21;40;4;sea;false;ocean;0
15396;22;62;8;sea;false;ocean;0
15397;17;40;38;sea;true;ocean;0
15398;27;23;6;sea;false;ocean;0
15399;46;12;16;sea;false;ocean;0
15400;24;45;30;sea;false;ocean;0
15401;10;41;9;sea;false;ocean;0
15402;25;24;9;sea;false;ocean;0
15403;18;27;40;sea;true;ocean;0
15404;34;36;11;sea;false;ocean;0
15405;25;58;11;sea;false;ocean;0
15406;18;56;11;sea;true;ocean;0
15407;28;3;57;sea;false;ocean;0
15408;20;26;2;sea;true;ocean;0
15409;42;10;43;sea;true;ocean;0
15410;38;51;1;sea;true;ocean;0
15411;12;1;80;sea;false;ocean;0
15412;9;40;14;sea;true;ocean;0
15413;55;23;2;sea;false;ocean;0
15414;86;0;10;sea;true;ocean;0
15415;79;3;11;sea;false;ocean;0
15416;44;18;30;sea;false;ocean;0
15417;17;76;5;sea;false;ocean;0
15418;22;16;33;sea;false;ocean;0
15419;9;20;35;sea;true;ocean;0
15420;33;36;9;sea;false;ocean;0
15421;6;55;6;sea;true;ocean;0
15422;4;24;31;sea;true;ocean;0
15423;17;8;3;sea;false;ocean;0
15424;40;21;16;sea;false;ocean;0
15425;59;7;12;sea;false;ocean;0
15426;10;75;1;sea;false;ocean;0
15427;15;16;37;sea;true;ocean;0
15428;54;20;12;sea;true;ocean;0
15429;66;28;2;sea;false;ocean;0
15430;45;16;24;sea;true;ocean;0
15431;30;64;4;sea;false;ocean;0
15432;2;60;25;sea;false;ocean;0
15433;8;12;4;sea;false;ocean;0
15434;5;84;8;sea;false;ocean;0
15435;2;38;32;sea;false;ocean;0
15436;36;53;0;sea;true;ocean;0
15437;60;20;9;sea;true;ocean;0
15438;35;11;36;sea;false;ocean;0
15439;62;9;13;sea;true;ocean;0
15440;55;0;24;sea;false;ocean;0
15441;1;14;4;sea;true;ocean;0
15442;16;5;67;sea;false;ocean;0
15443;13;15;53;sea;true;ocean;0
15444;60;4;0;sea;true;ocean;0
15445;70;11;3;sea;true;ocean;0
15446;3;16;40;sea;false;ocean;0
15447;65;9;24;sea;true;ocean;0
15448;45;10;6;sea;true;ocean;0
15449;7;5;81;sea;false;ocean;0
15450;66;1;7;sea;false;ocean;0
15451;0;23;12;sea;false;ocean;0
15452;37;21;12;sea;false;ocean;0
15453;14;39;23;sea;false;ocean;0
15454;10;0;89;sea;true;ocean;0
15455;38;17;5;sea;false;ocean;0
15456;61;16;11;sea;true;ocean;0
15457;3;18;4;sea;false;ocean;0
15458;29;4;24;sea;false;ocean;0
15459;29;5;62;sea;true;ocean;0
15460;1;69;13;sea;true;ocean;0
15461;22;56;11;sea;false;ocean;0
15462;17;24;25;sea;false;ocean;0
15463;28;51;8;sea;false;ocean;0
15464;3;26;34;sea;false;ocean;0
15465;50;28;9;sea;false;ocean;0
15466;51;9;29;sea;false;ocean;0
15467;0;63;27;sea;false;ocean;0
15468;9;45;9;sea;true;ocean;0
15469;56;5;29;sea;false;ocean;0
15470;10;9;28;sea;true;ocean;0
15471;1;57;3;sea;false;ocean;0
15472;2;23;15;sea;false;ocean;0
15473;17;2;49;sea;false;ocean;0
15474;2;65;7;sea;true;ocean;0
15475;10;3;56;sea;true;ocean;0
15476;71;2;20;sea;false;ocean;0
15477;10;16;19;sea;true;ocean;0
15478;5;49;40;sea;false;ocean;0
15479;0;21;0;sea;true;ocean;0
15480;35;20;12;sea;true;ocean;0
15481;12;3;50;sea;false;ocean;0
15482;6;46;47;sea;true;ocean;0
15483;41;12;4;sea;true;ocean;0
15484;29;31;10;sea;false;ocean;0
15485;14;53;26;sea;false;ocean;0
15486;26;16;27;sea;false;ocean;0
15487;16;53;21;sea;false;ocean;0
15488;16;6;67;sea;false;ocean;0
15489;15;41;14;sea;false;ocean;0
15490;35;54;1;sea;false;ocean;0
15491;9;31;37;sea;false;ocean;0
15492;15;24;15;sea;false;ocean;0
15493;20;23;24;sea;true;ocean;0
15494;38;5;18;sea;false;ocean;0
15495;14;45;22;sea;false;ocean;0
15496;44;4;51;sea;false;ocean;0
15497;40;5;52;sea;true;ocean;0
15498;6;43;43;sea;false;ocean;0
15499;7;19;66;sea;false;ocean;0
15500;16;64;19;sea;true;ocean;0
15501;42;16;34;sea;true;ocean;0
15502;19;2;14;sea;false;ocean;0
15503;36;8;13;sea;false;ocean;0
15504;45;1;28;sea;false;ocean;0
15505;15;16;14;sea;true;ocean;0
15506;12;74;1;sea;false;ocean;0
15507;16;57;22;sea;true;ocean;0
15508;41;51;0;sea;false;ocean;0
15509;11;50;1;sea;false;ocean;0
15510;33;15;39;sea;false;ocean;0
15511;25;0;70;sea;false;ocean;0
15512;14;27;22;sea;false;ocean;0
15513;17;30;1;sea;false;ocean;0
15514;5;2;82;sea;false;ocean;0
15515;50;9;12;sea;false;ocean;0
15516;3;15;53;sea;true;ocean;0
15517;28;51;17;sea;false;ocean;0
15518;36;15;14;sea;true;ocean;0
15519;3;34;37;sea;false;ocean;0
15520;8;51;17;sea;false;ocean;0
15521;8;71;10;sea;false;ocean;0
15522;8;0;55;sea;true;ocean;0
15523;12;35;17;sea;true;ocean;0
15524;42;9;27;sea;false;ocean;0
15525;23;21;10;sea;true;ocean;0
15526;2;29;62;sea;true;ocean;0
15527;14;12;60;sea;false;ocean;0
15528;30;47;21;sea;false;ocean;0
15529;38;5;6;sea;false;ocean;0
15530;0;31;44;sea;false;ocean;0
15531;16;20;33;sea;true;ocean;0
15532;35;6;25;sea;false;ocean;0
15533;1;37;20;sea;false;ocean;0
15534;0;33;61;sea;false;ocean;0
15535;23;25;48;sea;false;ocean;0
15536;22;2;7;sea;false;ocean;0
15537;15;4;59;sea;false;ocean;0
15538;39;12;1;sea;false;ocean;0
15539;13;39;41;sea;true;ocean;0
15540;47;21;29;sea;false;ocean;0
15541;22;1;74;sea;true;ocean;0
15542;24;11;50;sea;true;ocean;0
15543;25;16;30;sea;false;ocean;0
15544;15;56;7;sea;false;ocean;0
15545;5;15;23;sea;true;ocean;0
15546;20;66;13;sea;true;ocean;0
15547;68;0;6;sea;false;ocean;0
15548;29;8;2;sea;false;ocean;0
15549;13;47;14;sea;true;ocean;0
15550;6;19;39;sea;false;ocean;0
15551;33;3;49;sea;false;ocean;0
15552;26;21;0;sea;false;ocean;0
15553;16;37;45;sea;false;ocean;0
15554;9;85;2;sea;true;ocean;0
15555;27;7;65;sea;true;ocean;0
15556;0;17;48;sea;false;ocean;0
15557;69;5;5;sea;false;ocean;0
15558;26;17;8;sea;true;ocean;0
15559;28;12;34;sea;false;ocean;0
15560;40;17;29;sea;false;ocean;0
15561;30;7;50;sea;true;ocean;0
15562;16;48;28;sea;false;ocean;0
15563;28;19;39;sea;false;ocean;0
15564;75;8;13;sea;false;ocean;0
15565;37;27;26;sea;false;ocean;0
15566;17;33;43;sea;false;ocean;0
15567;9;39;21;sea;false;ocean;0
15568;68;12;11;sea;false;ocean;0
15569;25;3;25;sea;false;ocean;0
15570;13;11;69;sea;false;ocean;0
15571;14;82;2;sea;false;ocean;0
15572;41;5;11;sea;false;ocean;0
15573;3;0;13;sea;false;ocean;0
15574;41;20;12;sea;false;ocean;0
15575;71;1;27;sea;false;ocean;0
15576;8;50;40;sea;false;ocean;0
15577;17;34;38;sea;true;ocean;0
15578;0;37;11;sea;false;ocean;0
15579;27;13;31;sea;false;ocean;0
15580;20;10;44;sea;true;ocean;0
15581;18;58;11;sea;false;ocean;0
15582;34;21;30;sea;false;ocean;0
15583;4;45;44;sea;false;ocean;0
15584;7;6;7;sea;false;ocean;0
15585;21;7;51;sea;false;ocean;0
15586;54;7;8;sea;false;ocean;0
15587;57;25;10;sea;false;ocean;0
15588;24;35;17;sea;true;ocean;0
15589;16;25;10;sea;true;ocean;0
15590;19;28;32;sea;false;ocean;0
15591;30;31;16;sea;true;ocean;0
15592;13;0;19;sea;true;ocean;0
15593;13;7;79;sea;false;ocean;0
15594;39;12;38;sea;false;ocean;0
15595;10;12;1;sea;false;ocean;0
15596;12;64;9;sea;true;ocean;0
15597;43;10;15;sea;false;ocean;0
15598;17;60;13;sea;false;ocean;0
15599;23;39;34;sea;false;ocean;0
15600;25;66;8;sea;true;ocean;0
15601;44;4;44;sea;false;ocean;0
15602;62;0;21;sea;false;ocean;0
15603;29;49;4;sea;false;ocean;0
15604;31;9;30;sea;false;ocean;0
15605;9;60;21;sea;false;ocean;0
15606;71;8;12;sea;true;ocean;0
15607;2;59;20;sea;true;ocean;0
15608;3;43;5;sea;false;ocean;0
15609;28;39;16;sea;false;ocean;0
15610;24;56;14;sea;false;ocean;0
15611;38;6;40;sea;false;ocean;0
15612;43;7;40;sea;false;ocean;0
15613;23;15;1;sea;false;ocean;0
15614;6;78;7;sea;true;ocean;0
15615;54;5;36;sea;true;ocean;0
15616;12;38;46;sea;false;ocean;0
15617;1;6;69;sea;true;ocean;0
15618;33;27;13;sea;false;ocean;0
15619;40;32;2;sea;false;ocean;0
15620;5;8;17;sea;true;ocean;0
15621;11;0;84;sea;false;ocean;0
15622;4;17;41;sea;true;ocean;0
15623;28;23;22;sea;false;ocean;0
15624;22;12;47;sea;true;ocean;0
15625;1;13;83;sea;false;ocean;0
15626;50;26;1;sea;false;ocean;0
15627;36;27;16;sea;false;ocean;0
15628;6;10;81;sea;false;ocean;0
15629;26;0;19;sea;false;ocean;0
15630;2;12;61;sea;false;ocean;0
15631;1;16;79;sea;true;ocean;0
15632;15;36;30;sea;true;ocean;0
15633;4;3;75;sea;false;ocean;0
15634;28;9;60;sea;false;ocean;0
15635;78;1;9;sea;false;ocean;0
15636;52;9;4;sea;false;ocean;0
15637;9;0;29;sea;true;ocean;0
15638;50;40;1;sea;true;ocean;0
15639;46;18;5;sea;false;ocean;0
15640;6;21;53;sea;false;ocean;0
15641;10;29;4;sea;false;ocean;0
15642;70;14;14;sea;true;ocean;0
15643;58;15;18;sea;false;ocean;0
15644;24;25;13;sea;true;ocean;0
15645;57;37;4;sea;true;ocean;0
15646;8;7;71;sea;false;ocean;0
15647;9;28;26;sea;true;ocean;0
15648;10;10;25;sea;false;ocean;0
15649;12;15;21;sea;false;ocean;0
15650;10;63;13;sea;false;ocean;0
15651;12;52;16;sea;true;ocean;0
15652;75;0;1;sea;false;ocean;0
15653;24;13;51;sea;false;ocean;0
15654;42;19;24;sea;false;ocean;0
15655;25;1;53;sea;false;ocean;0
15656;2;64;23;sea;false;ocean;0
15657;24;45;2;sea;false;ocean;0
15658;23;4;2;sea;true;ocean;0
15659;41;9;11;sea;false;ocean;0
15660;7;87;3;sea;true;ocean;0
15661;2;40;40;sea;true;ocean;0
15662;58;28;1;sea;false;ocean;0
15663;13;73;12;sea;false;ocean;0
15664;17;7;11;sea;false;ocean;0
15665;61;19;10;sea;true;ocean;0
15666;6;20;27;sea;false;ocean;0
15667;9;3;5;sea;true;ocean;0
15668;38;12;1;sea;true;ocean;0
15669;3;18;28;sea;true;ocean;0
15670;7;10;77;sea;false;ocean;0
15671;23;19;42;sea;true;ocean;0
15672;47;34;17;sea;false;ocean;0
15673;37;17;14;sea;false;ocean;0
15674;16;34;8;sea;false;ocean;0
15675;14;9;61;sea;false;ocean;0
15676;8;38;48;sea;false;ocean;0
15677;6;41;2;sea;true;ocean;0
15678;40;1;11;sea;false;ocean;0
15679;37;16;27;sea;true;ocean;0
15680;58;22;6;sea;false;ocean;0
15681;46;0;34;sea;false;ocean;0
15682;13;38;12;sea;false;ocean;0
15683;43;0;44;sea;false;ocean;0
15684;43;11;19;sea;false;ocean;0
15685;6;62;13;sea;false;ocean;0
15686;7;39;37;sea;false;ocean;0
15687;13;18;52;sea;false;ocean;0
15688;23;61;11;sea;false;ocean;0
15689;59;0;11;sea;false;ocean;0
15690;16;20;40;sea;true;ocean;0
15691;80;19;0;sea;false;ocean;0
15692;0;54;40;sea;false;ocean;0
15693;3;4;41;sea;false;ocean;0
15694;18;25;32;sea;false;ocean;0
15695;16;5;71;sea;true;ocean;0
15696;30;0;57;sea;false;ocean;0
15697;8;49;4;sea;false;ocean;0
15698;21;2;38;sea;false;ocean;0
15699;85;1;1;sea;false;ocean;0
15700;26;10;35;sea;true;ocean;0
15701;29;47;15;sea;false;ocean;0
15702;7;8;24;sea;false;ocean;0
15703;16;15;58;sea;false;ocean;0
15704;18;35;40;sea;true;ocean;0
15705;23;12;15;sea;false;ocean;0
15706;6;10;65;sea;false;ocean;0
15707;5;90;0;sea;true;ocean;0
15708;24;26;16;sea;false;ocean;0
15709;1;33;1;sea;false;ocean;0
15710;9;62;21;sea;true;ocean;0
15711;1;34;5;sea;false;ocean;0
15712;18;54;9;sea;false;ocean;0
15713;29;6;10;sea;false;ocean;0
15714;35;0;18;sea;false;ocean;0
15715;3;63;5;sea;false;ocean;0
15716;40;3;35;sea;false;ocean;0
15717;4;59;10;sea;true;ocean;0
15718;8;14;64;sea;false;ocean;0
15719;29;11;47;sea;true;ocean;0
15720;35;20;16;sea;false;ocean;0
15721;43;18;24;sea;true;ocean;0
15722;17;29;36;sea;false;ocean;0
15723;2;8;52;sea;false;ocean;0
15724;36;40;22;sea;false;ocean;0
15725;41;35;8;sea;false;ocean;0
15726;42;18;4;sea;false;ocean;0
15727;53;4;27;sea;false;ocean;0
15728;0;37;7;sea;false;ocean;0
15729;5;46;14;sea;true;ocean;0
15730;39;10;24;sea;true;ocean;0
15731;3;31;15;sea;false;ocean;0
15732;43;4;49;sea;false;ocean;0
15733;88;2;4;sea;false;ocean;0
15734;4;33;6;sea;true;ocean;0
15735;6;66;2;sea;false;ocean;0
15736;10;4;28;sea;true;ocean;0
15737;39;20;21;sea;false;ocean;0
15738;2;37;59;sea;false;ocean;0
15739;26;52;12;sea;false;ocean;0
15740;59;4;14;sea;false;ocean;0
15741;19;25;23;sea;false;ocean;0
15742;6;33;53;sea;false;ocean;0
15743;19;30;39;sea;false;ocean;0
15744;4;30;35;sea;false;ocean;0
15745;23;7;22;sea;false;ocean;0
15746;88;3;4;sea;true;ocean;0
15747;12;12;27;sea;false;ocean;0
15748;38;19;14;sea;false;ocean;0
15749;4;2;54;sea;true;ocean;0
15750;26;24;48;sea;false;ocean;0
15751;45;31;22;sea;false;ocean;0
15752;33;8;0;sea;false;ocean;0
15753;15;24;1;sea;false;ocean;0
15754;35;13;19;sea;false;ocean;0
15755;12;25;30;sea;true;ocean;0
15756;41;45;6;sea;false;ocean;0
15757;45;2;9;sea;false;ocean;0
15758;37;17;30;sea;true;ocean;0
15759;19;31;33;sea;true;ocean;0
15760;13;16;8;sea;false;ocean;0
15761;76;15;7;sea;true;ocean;0
15762;14;8;21;sea;false;ocean;0
15763;46;27;10;sea;false;ocean;0
15764;13;22;55;sea;true;ocean;0
15765;32;8;59;sea;false;ocean;0
15766;19;52;22;sea;true;ocean;0
15767;0;62;34;sea;false;ocean;0
15768;41;44;2;sea;true;ocean;0
15769;12;39;28;sea;false;ocean;0
15770;44;12;34;sea;false;ocean;0
15771;20;15;63;sea;false;ocean;0
15772;82;10;0;sea;true;ocean;0
15773;11;5;45;sea;false;ocean;0
15774;8;1;16;sea;false;ocean;0
15775;66;20;6;sea;true;ocean;0
15776;37;38;1;sea;false;ocean;0
15777;36;7;44;sea;false;ocean;0
15778;15;48;10;sea;true;ocean;0
15779;19;6;73;sea;true;ocean;0
15780;2;67;17;sea;false;ocean;0
15781;6;19;66;sea;false;ocean;0
15782;9;8;71;sea;true;ocean;0
15783;51;1;22;sea;false;ocean;0
15784;61;19;13;sea;false;ocean;0
15785;19;5;54;sea;true;ocean;0
15786;11;21;44;sea;false;ocean;0
15787;10;1;70;sea;true;ocean;0
15788;17;16;41;sea;false;ocean;0
15789;6;65;19;sea;true;ocean;0
15790;58;8;14;sea;false;ocean;0
15791;14;19;41;sea;false;ocean;0
15792;42;27;5;sea;false;ocean;0
15793;9;12;57;sea;false;ocean;0
15794;20;68;0;sea;false;ocean;0
15795;10;49;25;sea;true;ocean;0
15796;14;10;47;sea;false;ocean;0
15797;16;4;77;sea;true;ocean;0
15798;25;18;54;sea;true;ocean;0
15799;1;11;11;sea;false;ocean;0
15800;21;5;19;sea;false;ocean;0
15801;22;1;56;sea;false;ocean;0
15802;22;6;29;sea;true;ocean;0
15803;53;32;9;sea;false;ocean;0
15804;22;34;24;sea;false;ocean;0
15805;19;0;73;sea;false;ocean;0
15806;6;14;10;sea;false;ocean;0
15807;35;6;38;sea;false;ocean;0
15808;17;16;44;sea;false;ocean;0
15809;14;24;46;sea;true;ocean;0
15810;3;50;14;sea;true;ocean;0
15811;4;1;71;sea;true;ocean;0
15812;26;44;11;sea;false;ocean;0
15813;61;6;16;sea;false;ocean;0
15814;40;32;0;sea;false;ocean;0
15815;0;13;60;sea;false;ocean;0
15816;51;2;2;sea;false;ocean;0
15817;43;13;35;sea;true;ocean;0
15818;20;1;18;sea;true;ocean;0
15819;13;30;27;sea;false;ocean;0
15820;15;10;42;sea;true;ocean;0
15821;25;40;24;sea;false;ocean;0
15822;57;14;16;sea;false;ocean;0
15823;30;10;25;sea;false;ocean;0
15824;7;6;83;sea;true;ocean;0
15825;34;61;2;sea;false;ocean;0
15826;45;15;21;sea;true;ocean;0
15827;4;45;41;sea;true;ocean;0
15828;8;12;13;sea;false;ocean;0
15829;13;46;21;sea;false;ocean;0
15830;22;1;22;sea;true;ocean;0
15831;13;56;22;sea;false;ocean;0
15832;9;65;14;sea;true;ocean;0
15833;14;20;57;sea;false;ocean;0
15834;48;28;18;sea;true;ocean;0
15835;24;20;36;sea;false;ocean;0
15836;45;11;16;sea;false;ocean;0
15837;50;12;10;sea;false;ocean;0
15838;6;3;72;sea;false;ocean;0
15839;53;35;1;sea;true;ocean;0
15840;22;43;0;sea;false;ocean;0
15841;29;39;12;sea;false;ocean;0
15842;11;5;6;sea;false;ocean;0
15843;3;54;36;sea;true;ocean;0
15844;17;21;8;sea;false;ocean;0
15845;40;11;27;sea;false;ocean;0
15846;65;0;7;sea;false;ocean;0
15847;64;13;9;sea;false;ocean;0
15848;16;44;6;sea;true;ocean;0
15849;35;0;26;sea;true;ocean;0
15850;21;7;49;sea;false;ocean;0
15851;31;13;2;sea;false;ocean;0
15852;0;37;56;sea;false;ocean;0
15853;14;23;41;sea;false;ocean;0
15854;9;3;50;sea;false;ocean;0
15855;51;29;9;sea;false;ocean;0
15856;20;2;7;sea;false;ocean;0
15857;4;5;87;sea;true;ocean;0
15858;29;27;10;sea;true;ocean;0
15859;5;75;14;sea;false;ocean;0
15860;45;4;46;sea;false;ocean;0
15861;11;70;1;sea;false;ocean;0
15862;27;9;28;sea;false;ocean;0
15863;70;13;13;sea;true;ocean;0
15864;22;3;49;sea;false;ocean;0
15865;29;14;45;sea;false;ocean;0
15866;34;23;1;sea;false;ocean;0
15867;33;14;19;sea;false;ocean;0
15868;19;0;42;sea;false;ocean;0
15869;36;1;49;sea;false;ocean;0
15870;51;19;21;sea;false;ocean;0
15871;36;7;2;sea;false;ocean;0
15872;19;8;66;sea;false;ocean;0
15873;46;22;17;sea;true;ocean;0
15874;11;14;63;sea;false;ocean;0
15875;48;20;26;sea;true;ocean;0
15876;31;44;10;sea;true;ocean;0
15877;36;28;8;sea;true;ocean;0
15878;2;5;74;sea;false;ocean;0
15879;3;11;3;sea;true;ocean;0
15880;8;37;35;sea;false;ocean;0
15881;4;67;9;sea;true;ocean;0
15882;22;17;43;sea;false;ocean;0
15883;29;12;42;sea;false;ocean;0
15884;29;30;38;sea;false;ocean;0
15885;20;3;26;sea;false;ocean;0
15886;2;10;47;sea;false;ocean;0
15887;49;17;29;sea;false;ocean;0
15888;18;6;35;sea;true;ocean;0
15889;23;6;58;sea;false;ocean;0
15890;24;29;19;sea;false;ocean;0
15891;26;10;10;sea;true;ocean;0
15892;18;16;27;sea;false;ocean;0
15893;31;5;35;sea;true;ocean;0
15894;26;45;8;sea;true;ocean;0
15895;42;35;20;sea;false;ocean;0
15896;34;18;15;sea;false;ocean;0
15897;68;7;24;sea;false;ocean;0
15898;43;23;6;sea;false;ocean;0
15899;25;43;5;sea;false;ocean;0
15900;59;5;14;sea;false;ocean;0
15901;40;9;20;sea;false;ocean;0
15902;76;13;7;sea;false;ocean;0
15903;22;36;23;sea;false;ocean;0
15904;66;16;9;sea;true;ocean;0
15905;50;18;7;sea;true;ocean;0
15906;94;0;4;sea;false;ocean;0
15907;4;65;2;sea;false;ocean;0
15908;17;21;17;sea;false;ocean;0
15909;33;23;18;sea;false;ocean;0
15910;5;48;19;sea;true;ocean;0
15911;56;25;6;sea;false;ocean;0
15912;13;47;2;sea;false;ocean;0
15913;7;62;28;sea;false;ocean;0
15914;8;81;8;sea;false;ocean;0
15915;43;49;0;sea;false;ocean;0
15916;49;21;16;sea;false;ocean;0
15917;34;13;34;sea;true;ocean;0
15918;17;6;61;sea;false;ocean;0
15919;24;29;2;sea;true;ocean;0
15920;3;6;11;sea;false;ocean;0
15921;36;3;17;sea;false;ocean;0
15922;69;18;7;sea;false;ocean;0
15923;60;30;6;sea;false;ocean;0
15924;3;37;9;sea;false;ocean;0
15925;18;60;10;sea;false;ocean;0
15926;14;1;23;sea;false;ocean;0
15927;8;6;29;sea;false;ocean;0
15928;61;3;7;sea;true;ocean;0
15929;3;15;66;sea;false;ocean;0
15930;12;17;42;sea;true;ocean;0
15931;13;13;39;sea;true;ocean;0
15932;0;59;35;sea;false;ocean;0
15933;6;17;28;sea;false;ocean;0
15934;16;19;58;sea;true;ocean;0
15935;9;0;40;sea;true;ocean;0
15936;40;14;32;sea;false;ocean;0
15937;40;35;13;sea;true;ocean;0
15938;40;50;9;sea;false;ocean;0
15939;23;4;3;sea;true;ocean;0
15940;44;10;34;sea;true;ocean;0
15941;57;14;7;sea;false;ocean;0
15942;8;58;10;sea;false;ocean;0
15943;5;8;65;sea;false;ocean;0
15944;25;15;10;sea;true;ocean;0
15945;35;51;8;sea;false;ocean;0
15946;16;31;37;sea;true;ocean;0
15947;5;56;14;sea;true;ocean;0
15948;3;45;37;sea;true;ocean;0
15949;93;1;1;sea;true;ocean;0
15950;13;17;58;sea;false;ocean;0
15951;8;67;9;sea;false;ocean;0
15952;8;53;16;sea;true;ocean;0
15953;14;56;29;sea;false;ocean;0
15954;36;41;18;sea;true;ocean;0
15955;17;33;5;sea;false;ocean;0
15956;15;5;10;sea;false;ocean;0
15957;18;15;4;sea;true;ocean;0
15958;25;55;7;sea;false;ocean;0
15959;8;21;33;sea;false;ocean;0
15960;10;2;13;sea;true;ocean;0
15961;11;28;60;sea;true;ocean;0
15962;10;38;0;sea;true;ocean;0
15963;26;18;43;sea;true;ocean;0
15964;19;7;4;sea;false;ocean;0
15965;8;17;43;sea;false;ocean;0
15966;1;19;10;sea;false;ocean;0
15967;0;38;22;sea;false;ocean;0
15968;55;4;9;sea;false;ocean;0
15969;14;29;44;sea;false;ocean;0
15970;41;16;16;sea;false;ocean;0
15971;32;5;25;sea;true;ocean;0
15972;25;17;29;sea;false;ocean;0
15973;8;41;11;sea;false;ocean;0
15974;48;9;13;sea;false;ocean;0
15975;0;73;19;sea;true;ocean;0
15976;7;13;17;sea;false;ocean;0
15977;23;18;32;sea;true;ocean;0
15978;4;69;15;sea;true;ocean;0
15979;18;9;71;sea;false;ocean;0
15980;7;0;47;sea;true;ocean;0
15981;13;27;38;sea;false;ocean;0
15982;82;12;4;sea;false;ocean;0
15983;29;35;33;sea;false;ocean;0
15984;47;25;6;sea;false;ocean;0
15985;36;9;48;sea;true;ocean;0
15986;17;4;72;sea;true;ocean;0
15987;23;37;4;sea;true;ocean;0
15988;40;45;1;sea;false;ocean;0
15989;13;48;30;sea;true;ocean;0
15990;25;26;45;sea;false;ocean;0
15991;2;27;43;sea;false;ocean;0
15992;29;6;33;sea;false;ocean;0
15993;17;23;44;sea;true;ocean;0
15994;11;37;35;sea;false;ocean;0
15995;3;8;81;sea;false;ocean;0
15996;25;0;19;sea;false;ocean;0
15997;31;53;13;sea;true;ocean;0
15998;38;24;5;sea;true;ocean;0
15999;11;8;73;sea;true;ocean;0
16000;38;9;1;sea;false;ocean;0
16001;10;3;27;sea;false;ocean;0
16002;7;20;33;sea;true;ocean;0
16003;6;39;11;sea;false;ocean;0
16004;10;72;15;sea;true;ocean;0
16005;0;87;9;sea;false;ocean;0
16006;55;33;7;sea;false;ocean;0
16007;15;21;26;sea;false;ocean;0
16008;67;6;6;sea;false;ocean;0
16009;16;22;25;sea;false;ocean;0
16010;27;14;6;sea;false;ocean;0
16011;45;27;10;sea;false;ocean;0
16012;14;13;19;sea;false;ocean;0
16013;35;12;35;sea;false;ocean;0
16014;4;11;10;sea;true;ocean;0
16015;32;10;38;sea;false;ocean;0
16016;47;2;34;sea;false;ocean;0
16017;17;10;2;sea;true;ocean;0
16018;30;32;6;sea;false;ocean;0
16019;32;23;24;sea;false;ocean;0
16020;1;3;37;sea;true;ocean;0
16021;28;5;20;sea;false;ocean;0
16022;51;5;38;sea;true;ocean;0
16023;0;47;33;sea;true;ocean;0
16024;53;0;42;sea;false;ocean;0
16025;61;12;7;sea;false;ocean;0
16026;10;1;43;sea;false;ocean;0
16027;30;7;18;sea;true;ocean;0
16028;24;56;6;sea;false;ocean;0
16029;9;56;31;sea;true;ocean;0
16030;30;14;11;sea;false;ocean;0
16031;38;24;17;sea;false;ocean;0
16032;11;9;76;sea;true;ocean;0
16033;27;35;32;sea;true;ocean;0
16034;18;23;37;sea;false;ocean;0
16035;3;74;21;sea;true;ocean;0
16036;55;2;24;sea;true;ocean;0
16037;19;27;46;sea;true;ocean;0
16038;15;28;15;sea;true;ocean;0
16039;43;8;29;sea;true;ocean;0
16040;50;13;23;sea;false;ocean;0
16041;29;55;10;sea;false;ocean;0
16042;4;2;79;sea;false;ocean;0
16043;12;48;12;sea;false;ocean;0
16044;57;20;22;sea;true;ocean;0
16045;0;81;0;sea;false;ocean;0
16046;17;67;2;sea;true;ocean;0
16047;75;4;10;sea;false;ocean;0
16048;18;27;52;sea;true;ocean;0
16049;15;33;22;sea;false;ocean;0
16050;31;41;25;sea;false;ocean;0
16051;49;18;24;sea;false;ocean;0
16052;25;5;66;sea;true;ocean;0
16053;6;5;53;sea;true;ocean;0
16054;48;12;32;sea;false;ocean;0
16055;14;39;45;sea;false;ocean;0
16056;6;63;3;sea;true;ocean;0
16057;0;12;58;sea;true;ocean;0
16058;19;13;19;sea;false;ocean;0
16059;18;36;29;sea;false;ocean;0
16060;26;43;2;sea;false;ocean;0
16061;19;19;17;sea;true;ocean;0
16062;23;14;24;sea;false;ocean;0
16063;24;58;17;sea;true;ocean;0
16064;41;39;8;sea;true;ocean;0
16065;4;49;26;sea;true;ocean;0
16066;14;11;72;sea;false;ocean;0
16067;17;4;15;sea;false;ocean;0
16068;29;21;40;sea;false;ocean;0
16069;0;46;7;sea;false;ocean;0
16070;22;4;13;sea;true;ocean;0
16071;16;26;23;sea;false;ocean;0
16072;5;45;20;sea;true;ocean;0
16073;31;32;5;sea;false;ocean;0
16074;36;18;36;sea;false;ocean;0
16075;54;6;10;sea;true;ocean;0
16076;42;3;14;sea;true;ocean;0
16077;1;47;19;sea;false;ocean;0
16078;27;20;20;sea;true;ocean;0
16079;10;58;2;sea;false;ocean;0
16080;60;11;7;sea;true;ocean;0
16081;12;15;10;sea;true;ocean;0
16082;35;4;38;sea;true;ocean;0
16083;23;50;20;sea;false;ocean;0
16084;31;5;56;sea;true;ocean;0
16085;37;39;23;sea;true;ocean;0
16086;3;40;4;sea;true;ocean;0
16087;8;42;32;sea;false;ocean;0
16088;6;88;4;sea;false;ocean;0
16089;9;58;6;sea;false;ocean;0
16090;36;1;61;sea;false;ocean;0
16091;2;9;63;sea;false;ocean;0
16092;36;41;13;sea;false;ocean;0
16093;5;20;55;sea;true;ocean;0
16094;21;12;21;sea;true;ocean;0
16095;50;2;27;sea;false;ocean;0
16096;27;15;55;sea;false;ocean;0
16097;49;8;0;sea;false;ocean;0
16098;42;5;1;sea;false;ocean;0
16099;83;4;7;sea;false;ocean;0
16100;20;26;31;sea;true;ocean;0
16101;25;51;8;sea;false;ocean;0
16102;13;49;7;sea;false;ocean;0
16103;41;10;45;sea;false;ocean;0
16104;20;41;23;sea;true;ocean;0
16105;86;5;1;sea;false;ocean;0
16106;90;5;3;sea;false;ocean;0
16107;18;8;2;sea;false;ocean;0
16108;35;52;1;sea;true;ocean;0
16109;6;33;13;sea;false;ocean;0
16110;17;13;2;sea;false;ocean;0
16111;8;76;4;sea;false;ocean;0
16112;7;20;49;sea;true;ocean;0
16113;0;1;6;sea;false;ocean;0
16114;22;6;67;sea;true;ocean;0
16115;52;19;27;sea;false;ocean;0
16116;5;28;4;sea;true;ocean;0
16117;49;2;17;sea;true;ocean;0
16118;39;17;18;sea;false;ocean;0
16119;4;34;48;sea;false;ocean;0
16120;9;14;46;sea;true;ocean;0
16121;1;49;9;sea;false;ocean;0
16122;7;72;14;sea;true;ocean;0
16123;10;30;28;sea;true;ocean;0
16124;67;22;2;sea;true;ocean;0
16125;38;4;56;sea;true;ocean;0
16126;1;45;44;sea;false;ocean;0
16127;24;48;4;sea;false;ocean;0
16128;31;23;32;sea;true;ocean;0
16129;48;9;24;sea;false;ocean;0
16130;9;12;65;sea;false;ocean;0
16131;4;80;3;sea;false;ocean;0
16132;3;35;19;sea;false;ocean;0
16133;32;5;30;sea;false;ocean;0
16134;37;16;14;sea;true;ocean;0
16135;2;60;29;sea;true;ocean;0
16136;44;50;1;sea;false;ocean;0
16137;16;15;29;sea;true;ocean;0
16138;7;8;61;sea;false;ocean;0
16139;41;14;43;sea;true;ocean;0
16140;5;4;26;sea;false;ocean;0
16141;40;24;23;sea;false;ocean;0
16142;27;5;66;sea;false;ocean;0
16143;14;62;23;sea;false;ocean;0
16144;37;36;11;sea;false;ocean;0
16145;28;7;24;sea;false;ocean;0
16146;24;7;60;sea;true;ocean;0
16147;5;88;2;sea;true;ocean;0
16148;8;26;12;sea;false;ocean;0
16149;22;27;34;sea;true;ocean;0
16150;3;49;47;sea;true;ocean;0
16151;27;67;1;sea;true;ocean;0
16152;22;34;43;sea;true;ocean;0
16153;27;17;8;sea;false;ocean;0
16154;10;22;67;sea;false;ocean;0
16155;1;39;18;sea;true;ocean;0
16156;4;8;5;sea;true;ocean;0
16157;80;8;7;sea;false;ocean;0
16158;13;35;42;sea;true;ocean;0
16159;6;53;17;sea;true;ocean;0
16160;1;31;10;sea;false;ocean;0
16161;29;12;20;sea;false;ocean;0
16162;8;25;6;sea;true;ocean;0
16163;32;0;65;sea;false;ocean;0
16164;1;78;15;sea;true;ocean;0
16165;75;17;4;sea;true;ocean;0
16166;21;50;25;sea;true;ocean;0
16167;2;11;76;sea;true;ocean;0
16168;16;14;17;sea;false;ocean;0
16169;8;42;45;sea;true;ocean;0
16170;49;11;31;sea;true;ocean;0
16171;2;9;11;sea;false;ocean;0
16172;22;43;34;sea;true;ocean;0
16173;25;22;10;sea;false;ocean;0
16174;21;29;43;sea;false;ocean;0
16175;40;49;10;sea;false;ocean;0
16176;9;30;35;sea;true;ocean;0
16177;38;50;6;sea;false;ocean;0
16178;75;18;2;sea;true;ocean;0
16179;3;24;16;sea;true;ocean;0
16180;23;3;54;sea;false;ocean;0
16181;11;2;74;sea;false;ocean;0
16182;46;3;16;sea;false;ocean;0
16183;79;10;3;sea;true;ocean;0
16184;6;13;21;sea;false;ocean;0
16185;6;31;37;sea;false;ocean;0
16186;2;23;69;sea;true;ocean;0
16187;17;2;38;sea;true;ocean;0
16188;1;57;9;sea;false;ocean;0
16189;49;2;19;sea;true;ocean;0
16190;19;4;59;sea;true;ocean;0
16191;2;18;75;sea;true;ocean;0
16192;0;41;20;sea;false;ocean;0
16193;37;7;40;sea;true;ocean;0
16194;29;21;6;sea;true;ocean;0
16195;11;18;14;sea;true;ocean;0
16196;28;5;44;sea;false;ocean;0
16197;32;28;2;sea;false;ocean;0
16198;19;70;3;sea;true;ocean;0
16199;14;23;25;sea;false;ocean;0
16200;71;8;2;sea;false;ocean;0
16201;4;37;51;sea;true;ocean;0
16202;8;0;11;sea;false;ocean;0
16203;39;9;22;sea;false;ocean;0
16204;4;79;10;sea;true;ocean;0
16205;20;5;25;sea;false;ocean;0
16206;13;17;47;sea;true;ocean;0
16207;9;7;19;sea;true;ocean;0
16208;7;37;38;sea;true;ocean;0
16209;66;14;14;sea;false;ocean;0
16210;12;8;30;sea;false;ocean;0
16211;20;18;25;sea;false;ocean;0
16212;21;45;3;sea;false;ocean;0
16213;68;5;7;sea;false;ocean;0
16214;6;28;40;sea;false;ocean;0
16215;37;6;33;sea;true;ocean;0
16216;43;25;28;sea;false;ocean;0
16217;58;34;2;sea;true;ocean;0
16218;77;13;1;sea;false;ocean;0
16219;13;50;10;sea;false;ocean;0
16220;15;22;20;sea;false;ocean;0
16221;3;1;13;sea;false;ocean;0
16222;19;51;27;sea;true;ocean;0
16223;15;7;7;sea;true;ocean;0
16224;1;4;69;sea;true;ocean;0
16225;9;26;57;sea;true;ocean;0
16226;16;47;4;sea;false;ocean;0
16227;28;49;19;sea;false;ocean;0
16228;26;9;58;sea;false;ocean;0
16229;6;15;35;sea;false;ocean;0
16230;4;64;2;sea;true;ocean;0
16231;54;4;29;sea;false;ocean;0
16232;62;23;5;sea;true;ocean;0
16233;11;14;14;sea;true;ocean;0
16234;45;22;10;sea;false;ocean;0
16235;30;38;30;sea;false;ocean;0
16236;34;13;21;sea;false;ocean;0
16237;55;30;12;sea;false;ocean;0
16238;66;2;22;sea;false;ocean;0
16239;13;15;35;sea;false;ocean;0
16240;3;18;53;sea;false;ocean;0
16241;14;49;9;sea;false;ocean;0
16242;45;13;41;sea;false;ocean;0
16243;21;22;48;sea;false;ocean;0
16244;42;40;9;sea;true;ocean;0
16245;16;24;27;sea;false;ocean;0
16246;33;9;9;sea;false;ocean;0
16247;14;10;35;sea;false;ocean;0
16248;30;60;1;sea;true;ocean;0
16249;10;11;30;sea;false;ocean;0
16250;5;3;6;sea;true;ocean;0
16251;14;28;2;sea;false;ocean;0
16252;21;59;19;sea;true;ocean;0
16253;32;10;4;sea;true;ocean;0
16254;80;5;8;sea;false;ocean;0
16255;7;43;1;sea;false;ocean;0
16256;21;38;34;sea;false;ocean;0
16257;59;8;4;sea;false;ocean;0
16258;42;26;28;sea;false;ocean;0
16259;7;7;21;sea;false;ocean;0
16260;13;11;68;sea;false;ocean;0
16261;53;5;22;sea;false;ocean;0
16262;34;22;14;sea;true;ocean;0
16263;7;12;37;sea;false;ocean;0
16264;76;1;4;sea;false;ocean;0
16265;25;68;6;sea;false;ocean;0
16266;5;0;57;sea;true;ocean;0
16267;1;42;23;sea;false;ocean;0
16268;47;6;1;sea;true;ocean;0
16269;57;6;30;sea;false;ocean;0
16270;12;39;37;sea;false;ocean;0
16271;11;3;6;sea;true;ocean;0
16272;58;2;38;sea;false;ocean;0
16273;12;45;21;sea;true;ocean;0
16274;28;13;32;sea;false;ocean;0
16275;28;34;37;sea;false;ocean;0
16276;21;2;43;sea;false;ocean;0
16277;24;5;34;sea;true;ocean;0
16278;34;21;32;sea;false;ocean;0
16279;5;2;33;sea;false;ocean;0
16280;11;26;12;sea;true;ocean;0
16281;3;5;15;sea;false;ocean;0
16282;40;20;6;sea;false;ocean;0
16283;9;22;22;sea;false;ocean;0
16284;4;66;15;sea;false;ocean;0
16285;46;9;11;sea;false;ocean;0
16286;6;3;51;sea;false;ocean;0
16287;61;27;9;sea;false;ocean;0
16288;30;48;5;sea;false;ocean;0
16289;33;40;3;sea;false;ocean;0
16290;35;43;15;sea;false;ocean;0
16291;24;18;45;sea;false;ocean;0
16292;48;14;22;sea;false;ocean;0
16293;17;66;4;sea;false;ocean;0
16294;17;16;60;sea;false;ocean;0
16295;70;7;18;sea;false;ocean;0
16296;24;13;5;sea;false;ocean;0
16297;4;58;11;sea;false;ocean;0
16298;47;8;20;sea;false;ocean;0
16299;8;72;9;sea;false;ocean;0
16300;26;11;45;sea;false;ocean;0
16301;8;15;69;sea;true;ocean;0
16302;30;22;25;sea;true;ocean;0
16303;32;1;5;sea;true;ocean;0
16304;22;22;13;sea;false;ocean;0
16305;8;25;37;sea;false;ocean;0
16306;10;29;31;sea;false;ocean;0
16307;30;34;33;sea;false;ocean;0
16308;20;30;2;sea;false;ocean;0
16309;40;48;10;sea;false;ocean;0
16310;33;51;5;sea;false;ocean;0
16311;21;42;29;sea;false;ocean;0
16312;27;3;27;sea;true;ocean;0
16313;15;28;3;sea;true;ocean;0
16314;43;20;3;sea;false;ocean;0
16315;0;80;14;sea;true;ocean;0
16316;33;10;53;sea;false;ocean;0
16317;55;1;29;sea;false;ocean;0
16318;45;26;13;sea;false;ocean;0
16319;29;54;12;sea;false;ocean;0
16320;4;56;25;sea;true;ocean;0
16321;1;42;25;sea;true;ocean;0
16322;13;15;57;sea;true;ocean;0
16323;4;57;4;sea;true;ocean;0
16324;20;19;26;sea;false;ocean;0
16325;35;9;9;sea;false;ocean;0
16326;31;25;23;sea;false;ocean;0
16327;54;29;4;sea;true;ocean;0
16328;6;6;57;sea;true;ocean;0
16329;37;8;5;sea;false;ocean;0
16330;28;15;4;sea;false;ocean;0
16331;7;27;21;sea;true;ocean;0
16332;1;46;13;sea;true;ocean;0
16333;76;3;8;sea;true;ocean;0
16334;42;8;13;sea;true;ocean;0
16335;27;5;33;sea;true;ocean;0
16336;6;39;16;sea;false;ocean;0
16337;40;6;19;sea;false;ocean;0
16338;5;23;3;sea;true;ocean;0
16339;32;23;0;sea;true;ocean;0
16340;30;20;37;sea;true;ocean;0
16341;91;5;3;sea;false;ocean;0
16342;33;17;42;sea;false;ocean;0
16343;43;21;24;sea;false;ocean;0
16344;40;5;22;sea;false;ocean;0
16345;0;84;4;sea;true;ocean;0
16346;12;33;16;sea;false;ocean;0
16347;1;49;22;sea;false;ocean;0
16348;67;15;12;sea;true;ocean;0
16349;51;1;27;sea;true;ocean;0
16350;0;7;76;sea;true;ocean;0
16351;32;20;46;sea;true;ocean;0
16352;7;40;26;sea;false;ocean;0
16353;66;10;18;sea;false;ocean;0
16354;5;18;4;sea;false;ocean;0
16355;47;5;12;sea;false;ocean;0
16356;23;27;37;sea;false;ocean;0
16357;17;26;9;sea;false;ocean;0
16358;26;9;61;sea;true;ocean;0
16359;81;2;4;sea;true;ocean;0
16360;1;12;11;sea;true;ocean;0
16361;1;13;76;sea;false;ocean;0
16362;52;6;31;sea;false;ocean;0
16363;0;12;71;sea;true;ocean;0
16364;45;2;7;sea;false;ocean;0
16365;45;42;0;sea;true;ocean;0
16366;36;31;13;sea;false;ocean;0
16367;25;22;44;sea;true;ocean;0
16368;3;69;27;sea;true;ocean;0
16369;71;16;12;sea;true;ocean;0
16370;7;39;42;sea;true;ocean;0
16371;6;0;39;sea;false;ocean;0
16372;28;11;14;sea;true;ocean;0
16373;15;15;62;sea;false;ocean;0
16374;29;32;23;sea;true;ocean;0
16375;24;40;9;sea;false;ocean;0
16376;65;11;4;sea;true;ocean;0
16377;18;61;7;sea;false;ocean;0
16378;14;5;68;sea;true;ocean;0
16379;19;16;31;sea;false;ocean;0
16380;48;27;7;sea;false;ocean;0
16381;6;75;5;sea;false;ocean;0
16382;30;14;4;sea;false;ocean;0
16383;31;39;27;sea;false;ocean;0
16384;43;5;46;sea;false;ocean;0
16385;37;13;5;sea;true;ocean;0
16386;9;56;26;sea;true;ocean;0
16387;15;58;7;sea;false;ocean;0
16388;8;64;24;sea;true;ocean;0
16389;28;23;12;sea;true;ocean;0
16390;4;4;64;sea;true;ocean;0
16391;13;6;27;sea;false;ocean;0
16392;11;59;25;sea;true;ocean;0
16393;33;31;31;sea;false;ocean;0
16394;38;10;27;sea;false;ocean;0
16395;19;40;11;sea;false;ocean;0
16396;38;20;2;sea;true;ocean;0
16397;40;4;2;sea;true;ocean;0
16398;4;27;68;sea;true;ocean;0
16399;43;12;33;sea;true;ocean;0
16400;25;23;45;sea;false;ocean;0
16401;28;44;27;sea;false;ocean;0
16402;5;3;16;sea;true;ocean;0
16403;2;55;29;sea;false;ocean;0
16404;54;0;17;sea;true;ocean;0
16405;50;30;16;sea;false;ocean;0
16406;51;14;15;sea;false;ocean;0
16407;11;26;27;sea;true;ocean;0
16408;49;9;24;sea;false;ocean;0
16409;1;54;18;sea;false;ocean;0
16410;3;23;26;sea;false;ocean;0
16411;25;34;30;sea;false;ocean;0
16412;50;18;14;sea;true;ocean;0
16413;6;7;63;sea;false;ocean;0
16414;6;30;51;sea;true;ocean;0
16415;23;29;45;sea;false;ocean;0
16416;55;13;18;sea;false;ocean;0
16417;62;1;25;sea;true;ocean;0
16418;8;34;43;sea;true;ocean;0
16419;43;28;0;sea;false;ocean;0
16420;80;3;16;sea;false;ocean;0
16421;31;6;26;sea;true;ocean;0
16422;42;3;37;sea;false;ocean;0
16423;23;6;54;sea;false;ocean;0
16424;21;2;56;sea;false;ocean;0
16425;24;12;55;sea;true;ocean;0
16426;37;10;0;sea;true;ocean;0
16427;5;52;18;sea;true;ocean;0
16428;14;5;14;sea;false;ocean;0
16429;5;5;85;sea;false;ocean;0
16430;0;42;33;sea;false;ocean;0
16431;7;73;9;sea;false;ocean;0
16432;44;30;3;sea;false;ocean;0
16433;37;16;11;sea;false;ocean;0
16434;57;33;9;sea;false;ocean;0
16435;52;39;4;sea;false;ocean;0
16436;37;28;14;sea;false;ocean;0
16437;8;9;40;sea;true;ocean;0
16438;18;2;1;sea;false;ocean;0
16439;8;37;20;sea;false;ocean;0
16440;36;45;11;sea;false;ocean;0
16441;49;32;1;sea;true;ocean;0
16442;15;33;34;sea;false;ocean;0
16443;14;20;10;sea;false;ocean;0
16444;1;77;12;sea;false;ocean;0
16445;86;1;1;sea;true;ocean;0
16446;14;12;36;sea;false;ocean;0
16447;8;6;6;sea;true;ocean;0
16448;10;8;6;sea;false;ocean;0
16449;4;61;31;sea;true;ocean;0
16450;15;61;1;sea;false;ocean;0
16451;42;6;49;sea;false;ocean;0
16452;40;10;2;sea;false;ocean;0
16453;23;16;33;sea;false;ocean;0
16454;23;8;26;sea;false;ocean;0
16455;1;44;23;sea;false;ocean;0
16456;53;2;18;sea;false;ocean;0
16457;22;27;43;sea;true;ocean;0
16458;3;84;0;sea;true;ocean;0
16459;54;11;28;sea;true;ocean;0
16460;6;46;13;sea;true;ocean;0
16461;0;61;22;sea;false;ocean;0
16462;15;43;39;sea;false;ocean;0
16463;49;28;6;sea;true;ocean;0
16464;19;50;14;sea;false;ocean;0
16465;71;1;7;sea;false;ocean;0
16466;53;24;18;sea;true;ocean;0
16467;39;36;23;sea;false;ocean;0
16468;32;32;23;sea;true;ocean;0
16469;25;1;32;sea;false;ocean;0
16470;3;13;26;sea;false;ocean;0
16471;32;43;6;sea;true;ocean;0
16472;38;18;30;sea;true;ocean;0
16473;13;4;11;sea;false;ocean;0
16474;40;5;16;sea;true;ocean;0
16475;8;15;65;sea;false;ocean;0
16476;14;43;21;sea;false;ocean;0
16477;21;17;0;sea;true;ocean;0
16478;47;5;10;sea;false;ocean;0
16479;9;30;31;sea;false;ocean;0
16480;22;36;19;sea;false;ocean;0
16481;14;16;20;sea;true;ocean;0
16482;12;7;44;sea;true;ocean;0
16483;56;5;25;sea;false;ocean;0
16484;10;46;41;sea;true;ocean;0
16485;27;30;37;sea;true;ocean;0
16486;0;91;3;sea;false;ocean;0
16487;46;10;33;sea;false;ocean;0
16488;32;34;13;sea;false;ocean;0
16489;14;48;9;sea;true;ocean;0
16490;44;6;9;sea;true;ocean;0
16491;1;85;13;sea;false;ocean;0
16492;46;3;7;sea;false;ocean;0
16493;20;1;71;sea;false;ocean;0
16494;52;35;4;sea;false;ocean;0
16495;18;37;42;sea;false;ocean;0
16496;7;80;6;sea;false;ocean;0
16497;65;8;17;sea;false;ocean;0
16498;13;8;24;sea;true;ocean;0
16499;42;2;3;sea;true;ocean;0
16500;47;11;22;sea;false;ocean;0
16501;1;13;38;sea;true;ocean;0
16502;16;58;11;sea;false;ocean;0
16503;10;29;14;sea;false;ocean;0
16504;40;23;0;sea;true;ocean;0
16505;22;52;21;sea;true;ocean;0
16506;39;0;51;sea;false;ocean;0
16507;58;28;12;sea;false;ocean;0
16508;18;14;45;sea;true;ocean;0
16509;60;30;1;sea;true;ocean;0
16510;9;42;20;sea;false;ocean;0
16511;9;54;9;sea;true;ocean;0
16512;24;46;11;sea;false;ocean;0
16513;3;94;2;sea;true;ocean;0
16514;16;14;15;sea;true;ocean;0
16515;38;10;5;sea;false;ocean;0
16516;35;5;5;sea;false;ocean;0
16517;13;8;71;sea;true;ocean;0
16518;17;78;0;sea;false;ocean;0
16519;16;23;15;sea;true;ocean;0
16520;46;7;14;sea;false;ocean;0
16521;70;0;18;sea;false;ocean;0
16522;23;7;13;sea;false;ocean;0
16523;13;40;11;sea;true;ocean;0
16524;26;35;11;sea;false;ocean;0
16525;44;21;0;sea;false;ocean;0
16526;41;5;23;sea;false;ocean;0
16527;26;24;28;sea;true;ocean;0
16528;43;10;20;sea;true;ocean;0
16529;33;14;36;sea;false;ocean;0
16530;39;4;56;sea;true;ocean;0
16531;12;18;52;sea;false;ocean;0
16532;35;1;16;sea;false;ocean;0
16533;5;17;42;sea;false;ocean;0
16534;58;0;2;sea;false;ocean;0
16535;53;24;15;sea;false;ocean;0
16536;40;0;38;sea;false;ocean;0
16537;9;0;47;sea;true;ocean;0
16538;13;6;18;sea;false;ocean;0
16539;25;18;3;sea;false;ocean;0
16540;10;27;5;sea;true;ocean;0
16541;9;31;28;sea;false;ocean;0
16542;9;16;45;sea;true;ocean;0
16543;11;47;20;sea;false;ocean;0
16544;17;62;17;sea;true;ocean;0
16545;11;44;35;sea;true;ocean;0
16546;6;9;15;sea;true;ocean;0
16547;25;22;23;sea;true;ocean;0
16548;9;20;13;sea;false;ocean;0
16549;2;35;6;sea;false;ocean;0
16550;33;43;12;sea;true;ocean;0
16551;48;23;14;sea;true;ocean;0
16552;61;4;31;sea;true;ocean;0
16553;50;16;19;sea;false;ocean;0
16554;12;15;32;sea;false;ocean;0
16555;11;11;9;sea;true;ocean;0
16556;35;17;18;sea;true;ocean;0
16557;59;2;27;sea;false;ocean;0
16558;45;28;10;sea;true;ocean;0
16559;36;18;35;sea;false;ocean;0
16560;6;8;28;sea;true;ocean;0
16561;37;24;4;sea;false;ocean;0
16562;1;53;23;sea;false;ocean;0
16563;9;33;5;sea;false;ocean;0
16564;30;11;17;sea;true;ocean;0
16565;18;19;13;sea;true;ocean;0
16566;27;62;2;sea;true;ocean;0
16567;2;54;5;sea;false;ocean;0
16568;49;21;25;sea;true;ocean;0
16569;0;28;42;sea;true;ocean;0
16570;31;35;33;sea;false;ocean;0
16571;11;8;65;sea;true;ocean;0
16572;50;9;3;sea;false;ocean;0
16573;54;30;10;sea;true;ocean;0
16574;6;32;1;sea;true;ocean;0
16575;18;40;37;sea;false;ocean;0
16576;0;44;47;sea;true;ocean;0
16577;10;23;51;sea;true;ocean;0
16578;27;16;11;sea;false;ocean;0
16579;8;4;13;sea;false;ocean;0
16580;67;7;7;sea;false;ocean;0
16581;21;15;5;sea;false;ocean;0
16582;33;48;13;sea;false;ocean;0
16583;22;31;11;sea;true;ocean;0
16584;26;0;14;sea;true;ocean;0
16585;45;30;15;sea;true;ocean;0
16586;19;48;11;sea;true;ocean;0
16587;41;26;15;sea;true;ocean;0
16588;31;2;65;sea;false;ocean;0
16589;15;35;14;sea;true;ocean;0
16590;57;26;6;sea;true;ocean;0
16591;6;48;23;sea;false;ocean;0
16592;33;23;5;sea;true;ocean;0
16593;19;63;4;sea;false;ocean;0
16594;32;45;10;sea;false;ocean;0
16595;72;5;6;sea;true;ocean;0
16596;7;43;47;sea;false;ocean;0
16597;34;22;10;sea;true;ocean;0
16598;0;42;1;sea;true;ocean;0
16599;12;33;39;sea;false;ocean;0
16600;39;25;13;sea;false;ocean;0
16601;1;64;9;sea;false;ocean;0
16602;38;39;11;sea;true;ocean;0
16603;39;11;6;sea;false;ocean;0
16604;29;2;54;sea;true;ocean;0
16605;41;13;45;sea;true;ocean;0
16606;23;19;10;sea;false;ocean;0
16607;43;24;11;sea;true;ocean;0
16608;54;5;14;sea;true;ocean;0
16609;25;25;30;sea;false;ocean;0
16610;56;0;15;sea;true;ocean;0
16611;27;14;15;sea;true;ocean;0
16612;34;36;1;sea;false;ocean;0
16613;9;67;21;sea;false;ocean;0
16614;92;1;4;sea;true;ocean;0
16615;32;21;15;sea;false;ocean;0
16616;39;20;40;sea;true;ocean;0
16617;24;3;15;sea;false;ocean;0
16618;7;12;52;sea;false;ocean;0
16619;2;29;6;sea;false;ocean;0
16620;11;14;11;sea;false;ocean;0
16621;37;5;14;sea;false;ocean;0
16622;34;27;5;sea;false;ocean;0
16623;36;39;6;sea;false;ocean;0
16624;15;10;14;sea;true;ocean;0
16625;52;22;5;sea;true;ocean;0
16626;25;7;40;sea;true;ocean;0
16627;46;40;11;sea;true;ocean;0
16628;32;15;50;sea;true;ocean;0
16629;38;15;35;sea;false;ocean;0
16630;1;44;1;sea;true;ocean;0
16631;6;75;12;sea;false;ocean;0
16632;11;26;11;sea;false;ocean;0
16633;8;58;24;sea;true;ocean;0
16634;14;25;30;sea;false;ocean;0
16635;8;72;1;sea;false;ocean;0
16636;52;9;29;sea;false;ocean;0
16637;28;32;35;sea;false;ocean;0
16638;2;5;71;sea;false;ocean;0
16639;4;21;33;sea;true;ocean;0
16640;2;30;44;sea;false;ocean;0
16641;1;21;64;sea;false;ocean;0
16642;23;45;20;sea;true;ocean;0
16643;40;7;33;sea;false;ocean;0
16644;39;7;6;sea;true;ocean;0
16645;23;11;38;sea;false;ocean;0
16646;24;8;32;sea;false;ocean;0
16647;33;9;43;sea;true;ocean;0
16648;44;39;0;sea;true;ocean;0
16649;2;46;11;sea;false;ocean;0
16650;19;34;20;sea;true;ocean;0
16651;27;25;19;sea;true;ocean;0
16652;23;5;70;sea;true;ocean;0
16653;36;16;35;sea;false;ocean;0
16654;4;1;48;sea;true;ocean;0
16655;17;11;69;sea;false;ocean;0
16656;40;43;5;sea;false;ocean;0
16657;56;33;5;sea;false;ocean;0
16658;14;30;18;sea;false;ocean;0
16659;69;0;28;sea;false;ocean;0
16660;35;15;19;sea;false;ocean;0
16661;11;20;5;sea;true;ocean;0
16662;50;5;15;sea;true;ocean;0
16663;66;5;0;sea;true;ocean;0
16664;18;15;6;sea;true;ocean;0
16665;63;19;16;sea;false;ocean;0
16666;6;45;40;sea;false;ocean;0
16667;65;19;4;sea;false;ocean;0
16668;2;36;18;sea;false;ocean;0
16669;15;22;3;sea;false;ocean;0
16670;8;9;27;sea;false;ocean;0
16671;15;32;23;sea;true;ocean;0
16672;46;28;3;sea;false;ocean;0
16673;0;52;39;sea;true;ocean;0
16674;20;28;5;sea;false;ocean;0
16675;24;7;3;sea;false;ocean;0
16676;46;8;40;sea;false;ocean;0
16677;0;22;34;sea;false;ocean;0
16678;24;3;66;sea;true;ocean;0
16679;20;11;2;sea;false;ocean;0
16680;15;5;12;sea;true;ocean;0
16681;38;8;27;sea;false;ocean;0
16682;0;64;29;sea;false;ocean;0
16683;8;71;15;sea;true;ocean;0
16684;12;64;1;sea;false;ocean;0
16685;34;1;47;sea;false;ocean;0
16686;41;20;17;sea;false;ocean;0
16687;76;14;9;sea;false;ocean;0
16688;29;10;21;sea;false;ocean;0
16689;20;3;19;sea;false;ocean;0
16690;6;9;28;sea;true;ocean;0
16691;52;18;25;sea;true;ocean;0
16692;2;41;32;sea;true;ocean;0
16693;11;65;3;sea;false;ocean;0
16694;41;38;1;sea;true;ocean;0
16695;34;2;44;sea;true;ocean;0
16696;19;33;10;sea;false;ocean;0
16697;17;50;19;sea;true;ocean;0
16698;43;40;15;sea;true;ocean;0
16699;25;10;39;sea;true;ocean;0
16700;16;8;57;sea;false;ocean;0
16701;82;5;5;sea;true;ocean;0
16702;31;26;23;sea;true;ocean;0
16703;5;38;45;sea;true;ocean;0
16704;16;24;14;sea;false;ocean;0
16705;3;11;65;sea;true;ocean;0
16706;8;53;5;sea;false;ocean;0
16707;25;4;39;sea;false;ocean;0
16708;91;1;2;sea;false;ocean;0
16709;23;16;14;sea;false;ocean;0
16710;27;20;45;sea;true;ocean;0
16711;12;28;27;sea;false;ocean;0
16712;44;42;7;sea;true;ocean;0
16713;2;13;14;sea;true;ocean;0
16714;31;47;16;sea;false;ocean;0
16715;48;18;22;sea;false;ocean;0
16716;35;17;40;sea;true;ocean;0
16717;43;32;7;sea;false;ocean;0
16718;54;3;35;sea;true;ocean;0
16719;38;46;2;sea;false;ocean;0
16720;14;9;4;sea;false;ocean;0
16721;37;16;20;sea;true;ocean;0
16722;0;77;5;sea;false;ocean;0
16723;45;32;20;sea;false;ocean;0
16724;2;51;8;sea;false;ocean;0
16725;53;6;36;sea;false;ocean;0
16726;3;2;19;sea;false;ocean;0
16727;16;21;38;sea;true;ocean;0
16728;5;23;59;sea;false;ocean;0
16729;25;6;19;sea;true;ocean;0
16730;10;65;24;sea;false;ocean;0
16731;2;5;70;sea;true;ocean;0
16732;1;10;14;sea;false;ocean;0
16733;20;41;16;sea;false;ocean;0
16734;16;48;1;sea;true;ocean;0
16735;11;12;61;sea;true;ocean;0
16736;55;16;15;sea;false;ocean;0
16737;1;19;17;sea;false;ocean;0
16738;20;39;5;sea;false;ocean;0
16739;14;58;17;sea;false;ocean;0
16740;39;13;5;sea;false;ocean;0
16741;3;12;1;sea;false;ocean;0
16742;57;12;25;sea;false;ocean;0
16743;16;12;38;sea;true;ocean;0
16744;23;50;9;sea;false;ocean;0
16745;7;75;12;sea;false;ocean;0
16746;17;6;49;sea;true;ocean;0
16747;21;21;44;sea;true;ocean;0
16748;2;19;11;sea;true;ocean;0
16749;14;28;6;sea;true;ocean;0
16750;50;1;12;sea;true;ocean;0
16751;16;62;14;sea;false;ocean;0
16752;30;39;30;sea;true;ocean;0
16753;46;1;1;sea;false;ocean;0
16754;12;39;12;sea;true;ocean;0
16755;13;48;18;sea;true;ocean;0
16756;8;29;33;sea;true;ocean;0
16757;11;0;39;sea;true;ocean;0
16758;25;0;73;sea;false;ocean;0
16759;15;2;10;sea;false;ocean;0
16760;47;7;29;sea;false;ocean;0
16761;15;29;33;sea;false;ocean;0
16762;6;36;10;sea;true;ocean;0
16763;75;1;15;sea;true;ocean;0
16764;45;15;24;sea;false;ocean;0
16765;16;14;54;sea;false;ocean;0
16766;3;34;48;sea;true;ocean;0
16767;14;12;72;sea;true;ocean;0
16768;2;2;30;sea;false;ocean;0
16769;39;20;28;sea;false;ocean;0
16770;13;52;25;sea;false;ocean;0
16771;42;12;24;sea;false;ocean;0
16772;8;33;40;sea;false;ocean;0
16773;37;4;4;sea;false;ocean;0
16774;6;77;12;sea;true;ocean;0
16775;29;29;6;sea;false;ocean;0
16776;5;0;42;sea;true;ocean;0
16777;47;13;15;sea;false;ocean;0
16778;23;38;35;sea;true;ocean;0
16779;19;26;46;sea;false;ocean;0
16780;33;27;36;sea;false;ocean;0
16781;32;18;44;sea;true;ocean;0
16782;11;1;64;sea;false;ocean;0
16783;7;31;27;sea;true;ocean;0
16784;14;50;1;sea;false;ocean;0
16785;36;9;12;sea;false;ocean;0
16786;19;3;22;sea;true;ocean;0
16787;22;43;20;sea;false;ocean;0
16788;28;4;48;sea;false;ocean;0
16789;12;43;34;sea;true;ocean;0
16790;17;6;14;sea;false;ocean;0
16791;4;12;31;sea;false;ocean;0
16792;2;43;40;sea;false;ocean;0
16793;6;17;69;sea;false;ocean;0
16794;20;3;47;sea;false;ocean;0
16795;5;30;55;sea;true;ocean;0
16796;25;55;18;sea;false;ocean;0
16797;36;26;27;sea;false;ocean;0
16798;15;23;10;sea;true;ocean;0
16799;9;9;71;sea;true;ocean;0
16800;3;73;23;sea;true;ocean;0
16801;6;30;9;sea;false;ocean;0
16802;5;6;31;sea;true;ocean;0
16803;23;14;9;sea;false;ocean;0
16804;2;19;25;sea;false;ocean;0
16805;65;20;0;sea;false;ocean;0
16806;39;50;8;sea;false;ocean;0
16807;8;21;11;sea;false;ocean;0
16808;23;4;34;sea;false;ocean;0
16809;8;11;10;sea;true;ocean;0
16810;21;1;32;sea;false;ocean;0
16811;69;4;10;sea;false;ocean;0
16812;57;5;14;sea;true;ocean;0
16813;34;13;35;sea;true;ocean;0
16814;9;41;13;sea;false;ocean;0
16815;10;36;10;sea;true;ocean;0
16816;8;21;28;sea;true;ocean;0
16817;19;4;24;sea;false;ocean;0
16818;12;34;27;sea;false;ocean;0
16819;76;4;3;sea;true;ocean;0
16820;7;6;80;sea;false;ocean;0
16821;9;78;10;sea;true;ocean;0
16822;42;42;2;sea;false;ocean;0
16823;70;10;16;sea;true;ocean;0
16824;24;22;47;sea;false;ocean;0
16825;12;12;28;sea;false;ocean;0
16826;18;12;53;sea;true;ocean;0
16827;55;12;2;sea;true;ocean;0
16828;56;20;7;sea;false;ocean;0
16829;10;21;38;sea;true;ocean;0
16830;14;33;4;sea;false;ocean;0
16831;8;22;35;sea;true;ocean;0
16832;40;6;12;sea;true;ocean;0
16833;16;64;0;sea;false;ocean;0
16834;28;27;23;sea;true;ocean;0
16835;20;2;29;sea;true;ocean;0
16836;20;54;25;sea;false;ocean;0
16837;33;4;48;sea;false;ocean;0
16838;37;3;26;sea;false;ocean;0
16839;12;18;48;sea;false;ocean;0
16840;27;39;17;sea;false;ocean;0
16841;10;19;55;sea;true;ocean;0
16842;37;30;13;sea;true;ocean;0
16843;64;10;11;sea;true;ocean;0
16844;22;45;3;sea;true;ocean;0
16845;39;23;5;sea;false;ocean;0
16846;2;37;21;sea;false;ocean;0
16847;43;3;46;sea;false;ocean;0
16848;27;13;28;sea;true;ocean;0
16849;31;12;48;sea;false;ocean;0
16850;28;22;22;sea;true;ocean;0
16851;21;52;5;sea;true;ocean;0
16852;28;16;24;sea;true;ocean;0
16853;43;16;10;sea;false;ocean;0
16854;56;16;20;sea;true;ocean;0
16855;1;76;17;sea;true;ocean;0
16856;10;73;4;sea;true;ocean;0
16857;0;62;3;sea;false;ocean;0
16858;30;65;0;sea;false;ocean;0
16859;15;0;9;sea;false;ocean;0
16860;5;2;12;sea;true;ocean;0
16861;1;57;16;sea;true;ocean;0
16862;22;0;11;sea;true;ocean;0
16863;4;48;42;sea;true;ocean;0
16864;12;9;55;sea;false;ocean;0
16865;46;37;0;sea;true;ocean;0
16866;3;53;17;sea;false;ocean;0
16867;0;70;26;sea;true;ocean;0
16868;14;44;16;sea;true;ocean;0
16869;80;3;4;sea;false;ocean;0
16870;22;61;7;sea;false;ocean;0
16871;20;21;54;sea;false;ocean;0
16872;20;60;1;sea;false;ocean;0
16873;3;27;31;sea;true;ocean;0
16874;2;61;0;sea;true;ocean;0
16875;40;13;17;sea;true;ocean;0
16876;57;0;41;sea;true;ocean;0
16877;43;28;13;sea;false;ocean;0
16878;60;31;3;sea;true;ocean;0
16879;49;14;4;sea;true;ocean;0
16880;10;6;71;sea;true;ocean;0
16881;19;22;26;sea;true;ocean;0
16882;16;26;35;sea;false;ocean;0
16883;13;23;32;sea;false;ocean;0
16884;2;3;33;sea;true;ocean;0
16885;69;4;6;sea;false;ocean;0
16886;14;14;52;sea;true;ocean;0
16887;28;37;1;sea;false;ocean;0
16888;14;13;63;sea;true;ocean;0
16889;1;58;3;sea;false;ocean;0
16890;44;35;19;sea;false;ocean;0
16891;35;22;24;sea;true;ocean;0
16892;30;40;14;sea;false;ocean;0
16893;7;77;10;sea;false;ocean;0
16894;6;23;32;sea;true;ocean;0
16895;18;12;61;sea;true;ocean;0
16896;40;3;42;sea;true;ocean;0
16897;59;0;24;sea;true;ocean;0
16898;1;32;30;sea;false;ocean;0
16899;35;12;7;sea;false;ocean;0
16900;40;24;22;sea;true;ocean;0
16901;52;12;5;sea;true;ocean;0
16902;24;7;12;sea;false;ocean;0
16903;2;70;20;sea;false;ocean;0
16904;31;3;24;sea;true;ocean;0
16905;9;11;3;sea;true;ocean;0
16906;17;24;22;sea;false;ocean;0
16907;14;12;59;sea;true;ocean;0
16908;33;28;12;sea;false;ocean;0
16909;39;17;23;sea;false;ocean;0
16910;15;45;15;sea;true;ocean;0
16911;16;10;55;sea;false;ocean;0
16912;29;5;27;sea;true;ocean;0
16913;7;42;20;sea;false;ocean;0
16914;11;55;28;sea;true;ocean;0
16915;8;54;28;sea;false;ocean;0
16916;1;16;65;sea;true;ocean;0
16917;64;14;18;sea;false;ocean;0
16918;47;10;39;sea;false;ocean;0
16919;47;23;29;sea;false;ocean;0
16920;39;30;1;sea;false;ocean;0
16921;19;26;5;sea;false;ocean;0
16922;58;12;25;sea;true;ocean;0
16923;41;10;38;sea;true;ocean;0
16924;19;15;55;sea;false;ocean;0
16925;27;1;0;sea;true;ocean;0
16926;0;24;27;sea;true;ocean;0
16927;25;6;12;sea;true;ocean;0
16928;2;63;4;sea;false;ocean;0
16929;4;1;22;sea;true;ocean;0
16930;8;5;21;sea;false;ocean;0
16931;66;3;12;sea;false;ocean;0
16932;41;16;12;sea;false;ocean;0
16933;36;25;10;sea;false;ocean;0
16934;39;25;1;sea;true;ocean;0
16935;36;3;41;sea;false;ocean;0
16936;30;1;32;sea;false;ocean;0
16937;49;5;7;sea;false;ocean;0
16938;7;19;3;sea;true;ocean;0
16939;67;2;9;sea;false;ocean;0
16940;42;47;1;sea;true;ocean;0
16941;11;3;46;sea;false;ocean;0
16942;29;3;39;sea;false;ocean;0
16943;73;15;5;sea;false;ocean;0
16944;2;60;14;sea;true;ocean;0
16945;13;21;56;sea;false;ocean;0
16946;22;29;5;sea;true;ocean;0
16947;27;1;32;sea;false;ocean;0
16948;44;52;1;sea;false;ocean;0
16949;58;3;24;sea;true;ocean;0
16950;3;11;27;sea;true;ocean;0
16951;12;44;30;sea;true;ocean;0
16952;10;29;26;sea;false;ocean;0
16953;26;39;24;sea;false;ocean;0
16954;9;3;80;sea;true;ocean;0
16955;6;44;23;sea;true;ocean;0
16956;25;48;14;sea;false;ocean;0
16957;32;48;16;sea;true;ocean;0
16958;22;6;25;sea;false;ocean;0
16959;3;64;26;sea;true;ocean;0
16960;22;30;40;sea;false;ocean;0
16961;20;48;21;sea;true;ocean;0
16962;41;4;50;sea;false;ocean;0
16963;1;15;60;sea;false;ocean;0
16964;14;8;51;sea;true;ocean;0
16965;10;17;34;sea;false;ocean;0
16966;63;7;19;sea;true;ocean;0
16967;5;31;40;sea;false;ocean;0
16968;10;28;36;sea;true;ocean;0
16969;40;20;21;sea;false;ocean;0
16970;36;7;35;sea;false;ocean;0
16971;3;0;93;sea;true;ocean;0
16972;17;17;56;sea;true;ocean;0
16973;2;17;26;sea;false;ocean;0
16974;6;43;33;sea;false;ocean;0
16975;24;13;23;sea;false;ocean;0
16976;36;24;32;sea;true;ocean;0
16977;9;29;2;sea;true;ocean;0
16978;11;35;2;sea;true;ocean;0
16979;21;32;27;sea;false;ocean;0
16980;32;20;37;sea;true;ocean;0
16981;2;2;38;sea;true;ocean;0
16982;72;4;12;sea;false;ocean;0
16983;9;77;8;sea;true;ocean;0
16984;13;56;25;sea;true;ocean;0
16985;65;16;11;sea;false;ocean;0
16986;41;9;10;sea;true;ocean;0
16987;5;29;42;sea;true;ocean;0
16988;36;9;14;sea;true;ocean;0
16989;19;3;55;sea;false;ocean;0
16990;22;5;63;sea;false;ocean;0
16991;15;14;27;sea;false;ocean;0
16992;46;31;21;sea;false;ocean;0
16993;52;12;15;sea;true;ocean;0
16994;16;7;17;sea;true;ocean;0
16995;5;37;47;sea;true;ocean;0
16996;37;8;47;sea;false;ocean;0
16997;2;16;66;sea;false;ocean;0
16998;46;25;13;sea;false;ocean;0
16999;26;35;31;sea;false;ocean;0
17000;4;73;5;sea;true;ocean;0
17001;25;7;29;sea;false;ocean;0
17002;5;52;16;sea;false;ocean;0
17003;4;54;12;sea;false;ocean;0
17004;0;52;30;sea;true;ocean;0
17005;22;62;3;sea;false;ocean;0
17006;28;60;2;sea;true;ocean;0
17007;13;57;12;sea;false;ocean;0
17008;69;3;3;sea;true;ocean;0
17009;11;6;70;sea;false;ocean;0
17010;3;23;28;sea;false;ocean;0
17011;7;70;4;sea;true;ocean;0
17012;11;57;8;sea;true;ocean;0
17013;2;25;58;sea;false;ocean;0
17014;82;4;10;sea;false;ocean;0
17015;50;6;42;sea;false;ocean;0
17016;8;56;19;sea;false;ocean;0
17017;7;8;16;sea;true;ocean;0
17018;0;3;72;sea;false;ocean;0
17019;7;1;52;sea;false;ocean;0
17020;4;8;38;sea;true;ocean;0
17021;27;58;10;sea;false;ocean;0
17022;67;17;14;sea;false;ocean;0
17023;7;53;7;sea;true;ocean;0
17024;15;61;21;sea;true;ocean;0
17025;4;87;1;sea;true;ocean;0
17026;28;18;44;sea;true;ocean;0
17027;43;3;37;sea;false;ocean;0
17028;46;6;22;sea;true;ocean;0
17029;37;25;30;sea;false;ocean;0
17030;4;28;63;sea;false;ocean;0
17031;76;15;6;sea;true;ocean;0
17032;26;11;51;sea;true;ocean;0
17033;27;2;49;sea;false;ocean;0
17034;36;57;4;sea;false;ocean;0
17035;15;12;67;sea;false;ocean;0
17036;23;34;14;sea;false;ocean;0
17037;24;13;13;sea;true;ocean;0
17038;23;13;52;sea;false;ocean;0
17039;56;2;4;sea;false;ocean;0
17040;42;28;12;sea;false;ocean;0
17041;36;14;46;sea;true;ocean;0
17042;35;2;33;sea;true;ocean;0
17043;5;4;38;sea;false;ocean;0
17044;13;43;34;sea;false;ocean;0
17045;51;10;14;sea;false;ocean;0
17046;42;0;57;sea;true;ocean;0
17047;4;61;14;sea;false;ocean;0
17048;41;20;11;sea;true;ocean;0
17049;1;79;2;sea;true;ocean;0
17050;1;11;45;sea;true;ocean;0
17051;33;19;0;sea;false;ocean;0
17052;16;46;6;sea;false;ocean;0
17053;4;24;11;sea;false;ocean;0
17054;10;37;35;sea;false;ocean;0
17055;8;10;68;sea;true;ocean;0
17056;55;0;34;sea;false;ocean;0
17057;23;23;53;sea;false;ocean;0
17058;47;22;24;sea;true;ocean;0
17059;19;12;64;sea;false;ocean;0
17060;8;9;6;sea;false;ocean;0
17061;18;22;50;sea;false;ocean;0
17062;64;18;11;sea;false;ocean;0
17063;2;53;9;sea;true;ocean;0
17064;32;18;42;sea;false;ocean;0
17065;11;43;37;sea;true;ocean;0
17066;24;48;23;sea;true;ocean;0
17067;21;65;5;sea;true;ocean;0
17068;31;49;4;sea;false;ocean;0
17069;32;14;17;sea;true;ocean;0
17070;4;29;18;sea;false;ocean;0
17071;11;20;54;sea;false;ocean;0
17072;25;40;0;sea;false;ocean;0
17073;3;45;32;sea;false;ocean;0
17074;2;51;37;sea;true;ocean;0
17075;15;25;7;sea;false;ocean;0
17076;51;33;7;sea;false;ocean;0
17077;40;7;7;sea;true;ocean;0
17078;15;4;31;sea;false;ocean;0
17079;12;4;83;sea;true;ocean;0
17080;24;3;50;sea;true;ocean;0
17081;24;44;12;sea;false;ocean;0
17082;79;17;2;sea;true;ocean;0
17083;44;0;36;sea;false;ocean;0
17084;13;17;42;sea;true;ocean;0
17085;24;28;11;sea;true;ocean;0
17086;14;47;3;sea;false;ocean;0
17087;54;13;21;sea;true;ocean;0
17088;11;23;10;sea;true;ocean;0
17089;5;38;4;sea;false;ocean;0
17090;30;35;33;sea;false;ocean;0
17091;21;47;23;sea;true;ocean;0
17092;3;10;2;sea;false;ocean;0
17093;47;0;48;sea;false;ocean;0
17094;14;42;42;sea;false;ocean;0
17095;12;4;55;sea;false;ocean;0
17096;23;14;33;sea;true;ocean;0
17097;23;46;19;sea;false;ocean;0
17098;18;4;76;sea;false;ocean;0
17099;4;33;54;sea;true;ocean;0
17100;48;14;10;sea;true;ocean;0
17101;17;58;9;sea;false;ocean;0
17102;1;41;14;sea;false;ocean;0
17103;31;13;28;sea;false;ocean;0
17104;14;57;19;sea;true;ocean;0
17105;8;13;22;sea;false;ocean;0
17106;50;5;8;sea;true;ocean;0
17107;45;25;8;sea;false;ocean;0
17108;60;15;2;sea;false;ocean;0
17109;1;20;33;sea;true;ocean;0
17110;27;4;11;sea;true;ocean;0
17111;3;34;53;sea;true;ocean;0
17112;1;30;41;sea;false;ocean;0
17113;20;41;2;sea;false;ocean;0
17114;80;8;5;sea;false;ocean;0
17115;8;19;23;sea;false;ocean;0
17116;18;43;35;sea;false;ocean;0
17117;28;35;22;sea;false;ocean;0
17118;17;7;2;sea;true;ocean;0
17119;6;19;13;sea;true;ocean;0
17120;36;36;26;sea;true;ocean;0
17121;8;4;86;sea;false;ocean;0
17122;20;45;22;sea;false;ocean;0
17123;23;18;21;sea;false;ocean;0
17124;27;42;5;sea;false;ocean;0
17125;29;32;16;sea;true;ocean;0
17126;52;13;33;sea;false;ocean;0
17127;27;44;22;sea;true;ocean;0
17128;29;12;48;sea;false;ocean;0
17129;19;46;15;sea;true;ocean;0
17130;24;5;30;sea;false;ocean;0
17131;15;51;26;sea;true;ocean;0
17132;11;15;66;sea;false;ocean;0
17133;28;38;6;sea;true;ocean;0
17134;35;9;24;sea;false;ocean;0
17135;26;9;40;sea;true;ocean;0
17136;34;14;40;sea;false;ocean;0
17137;9;66;11;sea;false;ocean;0
17138;21;18;2;sea;false;ocean;0
17139;0;23;31;sea;false;ocean;0
17140;28;13;56;sea;false;ocean;0
17141;2;74;21;sea;true;ocean;0
17142;28;35;4;sea;false;ocean;0
17143;13;57;16;sea;true;ocean;0
17144;13;29;35;sea;true;ocean;0
17145;41;15;43;sea;false;ocean;0
17146;7;7;17;sea;true;ocean;0
17147;27;19;0;sea;false;ocean;0
17148;38;5;33;sea;false;ocean;0
17149;3;80;1;sea;true;ocean;0
17150;11;6;76;sea;true;ocean;0
17151;39;15;3;sea;true;ocean;0
17152;34;35;8;sea;true;ocean;0
17153;11;1;55;sea;false;ocean;0
17154;67;9;19;sea;true;ocean;0
17155;2;44;52;sea;true;ocean;0
17156;55;20;23;sea;true;ocean;0
17157;30;0;9;sea;false;ocean;0
17158;14;18;0;sea;false;ocean;0
17159;8;27;8;sea;true;ocean;0
17160;6;42;37;sea;false;ocean;0
17161;3;47;48;sea;true;ocean;0
17162;35;3;54;sea;true;ocean;0
17163;39;21;23;sea;true;ocean;0
17164;21;9;41;sea;false;ocean;0
17165;9;30;11;sea;false;ocean;0
17166;16;16;28;sea;false;ocean;0
17167;11;12;32;sea;false;ocean;0
17168;15;30;41;sea;false;ocean;0
17169;10;13;62;sea;true;ocean;0
17170;25;36;18;sea;false;ocean;0
17171;5;27;53;sea;true;ocean;0
17172;11;13;35;sea;true;ocean;0
17173;63;21;6;sea;true;ocean;0
17174;4;8;50;sea;true;ocean;0
17175;3;84;6;sea;false;ocean;0
17176;19;48;7;sea;false;ocean;0
17177;3;3;73;sea;true;ocean;0
17178;32;34;15;sea;true;ocean;0
17179;36;11;23;sea;false;ocean;0
17180;3;10;9;sea;false;ocean;0
17181;38;24;26;sea;false;ocean;0
17182;9;31;12;sea;true;ocean;0
17183;1;33;9;sea;true;ocean;0
17184;69;1;7;sea;false;ocean;0
17185;1;0;54;sea;true;ocean;0
17186;53;32;6;sea;false;ocean;0
17187;12;15;25;sea;true;ocean;0
17188;1;61;18;sea;true;ocean;0
17189;77;15;0;sea;false;ocean;0
17190;79;13;1;sea;true;ocean;0
17191;13;10;53;sea;true;ocean;0
17192;44;2;53;sea;true;ocean;0
17193;37;17;6;sea;true;ocean;0
17194;49;22;16;sea;false;ocean;0
17195;5;0;37;sea;true;ocean;0
17196;5;19;9;sea;false;ocean;0
17197;28;28;41;sea;false;ocean;0
17198;21;0;73;sea;true;ocean;0
17199;10;34;42;sea;false;ocean;0
17200;29;18;29;sea;true;ocean;0
17201;6;19;21;sea;true;ocean;0
17202;1;47;7;sea;false;ocean;0
17203;88;1;10;sea;true;ocean;0
17204;10;56;25;sea;false;ocean;0
17205;6;1;32;sea;false;ocean;0
17206;1;19;41;sea;true;ocean;0
17207;72;11;5;sea;false;ocean;0
17208;10;14;71;sea;true;ocean;0
17209;10;8;61;sea;false;ocean;0
17210;24;37;10;sea;true;ocean;0
17211;21;1;75;sea;false;ocean;0
17212;0;20;49;sea;false;ocean;0
17213;5;2;60;sea;false;ocean;0
17214;6;39;7;sea;true;ocean;0
17215;9;2;57;sea;false;ocean;0
17216;34;33;8;sea;true;ocean;0
17217;46;0;11;sea;false;ocean;0
17218;23;48;11;sea;false;ocean;0
17219;50;26;9;sea;false;ocean;0
17220;11;46;19;sea;false;ocean;0
17221;73;8;2;sea;false;ocean;0
17222;63;14;7;sea;false;ocean;0
17223;88;3;8;sea;true;ocean;0
17224;72;19;1;sea;true;ocean;0
17225;25;24;44;sea;false;ocean;0
17226;1;53;22;sea;true;ocean;0
17227;59;13;27;sea;true;ocean;0
17228;4;23;68;sea;true;ocean;0
17229;11;11;64;sea;false;ocean;0
17230;5;12;16;sea;false;ocean;0
17231;1;42;51;sea;false;ocean;0
17232;77;1;19;sea;false;ocean;0
17233;3;23;37;sea;true;ocean;0
17234;45;37;15;sea;true;ocean;0
17235;63;0;31;sea;false;ocean;0
17236;14;21;17;sea;true;ocean;0
17237;1;53;44;sea;true;ocean;0
17238;55;19;6;sea;true;ocean;0
17239;0;26;21;sea;true;ocean;0
17240;9;33;40;sea;false;ocean;0
17241;54;8;23;sea;true;ocean;0
17242;32;1;60;sea;true;ocean;0
17243;25;2;64;sea;false;ocean;0
17244;12;30;7;sea;false;ocean;0
17245;7;56;2;sea;true;ocean;0
17246;24;27;42;sea;false;ocean;0
17247;2;8;50;sea;false;ocean;0
17248;26;4;8;sea;false;ocean;0
17249;73;1;13;sea;false;ocean;0
17250;60;24;4;sea;true;ocean;0
17251;38;58;0;sea;true;ocean;0
17252;48;13;4;sea;false;ocean;0
17253;1;70;18;sea;true;ocean;0
17254;20;24;49;sea;true;ocean;0
17255;10;3;76;sea;true;ocean;0
17256;23;10;24;sea;false;ocean;0
17257;15;10;58;sea;true;ocean;0
17258;5;31;33;sea;true;ocean;0
17259;50;11;9;sea;false;ocean;0
17260;26;50;1;sea;false;ocean;0
17261;5;3;75;sea;false;ocean;0
17262;43;14;27;sea;true;ocean;0
17263;14;1;74;sea;false;ocean;0
17264;27;30;23;sea;false;ocean;0
17265;56;26;8;sea;false;ocean;0
17266;19;23;2;sea;true;ocean;0
17267;48;29;21;sea;false;ocean;0
17268;21;26;12;sea;true;ocean;0
17269;67;0;32;sea;true;ocean;0
17270;1;44;38;sea;false;ocean;0
17271;62;14;3;sea;true;ocean;0
17272;7;34;37;sea;true;ocean;0
17273;19;34;18;sea;true;ocean;0
17274;57;3;27;sea;true;ocean;0
17275;17;10;57;sea;false;ocean;0
17276;29;6;27;sea;false;ocean;0
17277;5;66;22;sea;false;ocean;0
17278;5;14;68;sea;true;ocean;0
17279;9;33;8;sea;true;ocean;0
17280;0;34;48;sea;false;ocean;0
17281;18;3;50;sea;true;ocean;0
17282;50;17;24;sea;false;ocean;0
17283;5;24;39;sea;false;ocean;0
17284;3;18;51;sea;false;ocean;0
17285;2;48;2;sea;false;ocean;0
17286;64;9;5;sea;false;ocean;0
17287;20;49;20;sea;true;ocean;0
17288;65;2;32;sea;false;ocean;0
17289;0;12;21;sea;true;ocean;0
17290;50;3;40;sea;false;ocean;0
17291;48;6;36;sea;false;ocean;0
17292;26;19;0;sea;false;ocean;0
17293;44;41;4;sea;false;ocean;0
17294;1;13;19;sea;true;ocean;0
17295;13;50;5;sea;false;ocean;0
17296;17;19;5;sea;true;ocean;0
17297;2;1;68;sea;false;ocean;0
17298;10;26;56;sea;true;ocean;0
17299;71;4;23;sea;false;ocean;0
17300;26;42;20;sea;true;ocean;0
17301;66;15;14;sea;true;ocean;0
17302;74;9;7;sea;true;ocean;0
17303;16;15;55;sea;true;ocean;0
17304;18;8;11;sea;true;ocean;0
17305;62;29;4;sea;true;ocean;0
17306;12;25;16;sea;false;ocean;0
17307;74;9;4;sea;true;ocean;0
17308;0;2;63;sea;false;ocean;0
17309;0;15;32;sea;false;ocean;0
17310;26;19;47;sea;true;ocean;0
17311;7;29;8;sea;false;ocean;0
17312;25;15;51;sea;false;ocean;0
17313;57;12;26;sea;true;ocean;0
17314;15;63;7;sea;true;ocean;0
17315;66;10;17;sea;true;ocean;0
17316;2;36;36;sea;true;ocean;0
17317;3;5;26;sea;false;ocean;0
17318;21;0;42;sea;true;ocean;0
17319;4;39;12;sea;false;ocean;0
17320;18;23;56;sea;false;ocean;0
17321;23;27;1;sea;true;ocean;0
17322;11;32;17;sea;true;ocean;0
17323;8;15;31;sea;false;ocean;0
17324;1;89;3;sea;false;ocean;0
17325;17;34;36;sea;false;ocean;0
17326;7;19;46;sea;false;ocean;0
17327;42;3;32;sea;false;ocean;0
17328;25;9;61;sea;true;ocean;0
17329;13;9;32;sea;false;ocean;0
17330;55;3;30;sea;false;ocean;0
17331;48;8;16;sea;true;ocean;0
17332;26;24;27;sea;false;ocean;0
17333;4;10;47;sea;false;ocean;0
17334;29;41;3;sea;true;ocean;0
17335;64;4;22;sea;false;ocean;0
17336;0;69;23;sea;false;ocean;0
17337;60;27;5;sea;true;ocean;0
17338;6;18;33;sea;false;ocean;0
17339;31;18;8;sea;true;ocean;0
17340;14;26;57;sea;true;ocean;0
17341;27;35;18;sea;false;ocean;0
17342;76;22;0;sea;true;ocean;0
17343;28;24;47;sea;false;ocean;0
17344;23;30;38;sea;true;ocean;0
17345;50;0;49;sea;false;ocean;0
17346;18;8;17;sea;false;ocean;0
17347;12;22;7;sea;false;ocean;0
17348;33;23;3;sea;false;ocean;0
17349;26;11;0;sea;false;ocean;0
17350;5;2;89;sea;true;ocean;0
17351;18;61;1;sea;false;ocean;0
17352;19;29;27;sea;true;ocean;0
17353;17;14;51;sea;true;ocean;0
17354;5;31;20;sea;false;ocean;0
17355;2;25;10;sea;true;ocean;0
17356;49;47;3;sea;true;ocean;0
17357;59;24;10;sea;false;ocean;0
17358;6;43;22;sea;true;ocean;0
17359;18;68;13;sea;false;ocean;0
17360;11;4;49;sea;true;ocean;0
17361;53;16;30;sea;false;ocean;0
17362;48;17;19;sea;true;ocean;0
17363;10;54;35;sea;false;ocean;0
17364;0;17;42;sea;true;ocean;0
17365;17;20;44;sea;false;ocean;0
17366;54;23;20;sea;true;ocean;0
17367;3;69;1;sea;false;ocean;0
17368;1;4;83;sea;false;ocean;0
17369;6;18;62;sea;false;ocean;0
17370;7;80;3;sea;false;ocean;0
17371;32;46;20;sea;false;ocean;0
17372;34;18;33;sea;false;ocean;0
17373;12;27;25;sea;false;ocean;0
17374;53;27;3;sea;false;ocean;0
17375;20;16;30;sea;false;ocean;0
17376;4;27;52;sea;false;ocean;0
17377;25;35;24;sea;true;ocean;0
17378;13;2;50;sea;false;ocean;0
17379;32;29;25;sea;false;ocean;0
17380;23;27;10;sea;true;ocean;0
17381;68;8;0;sea;false;ocean;0
17382;8;1;60;sea;false;ocean;0
17383;71;7;2;sea;true;ocean;0
17384;14;0;26;sea;true;ocean;0
17385;11;0;20;sea;true;ocean;0
17386;37;23;14;sea;false;ocean;0
17387;29;41;27;sea;false;ocean;0
17388;31;43;23;sea;false;ocean;0
17389;9;10;20;sea;true;ocean;0
17390;4;20;15;sea;false;ocean;0
17391;0;2;53;sea;false;ocean;0
17392;5;31;32;sea;true;ocean;0
17393;6;14;39;sea;false;ocean;0
17394;25;27;34;sea;true;ocean;0
17395;60;5;8;sea;false;ocean;0
17396;15;19;44;sea;true;ocean;0
17397;2;30;18;sea;false;ocean;0
17398;26;20;19;sea;false;ocean;0
17399;13;25;52;sea;true;ocean;0
17400;13;31;15;sea;true;ocean;0
17401;1;29;15;sea;true;ocean;0
17402;46;34;13;sea;true;ocean;0
17403;24;9;39;sea;false;ocean;0
17404;13;26;13;sea;false;ocean;0
17405;4;52;29;sea;true;ocean;0
17406;1;31;2;sea;false;ocean;0
17407;58;17;14;sea;false;ocean;0
17408;20;8;12;sea;true;ocean;0
17409;2;13;28;sea;true;ocean;0
17410;41;22;26;sea;true;ocean;0
17411;25;3;59;sea;true;ocean;0
17412;23;65;4;sea;true;ocean;0
17413;34;2;36;sea;true;ocean;0
17414;12;37;5;sea;true;ocean;0
17415;9;24;25;sea;true;ocean;0
17416;43;0;19;sea;true;ocean;0
17417;42;31;24;sea;false;ocean;0
17418;19;6;62;sea;true;ocean;0
17419;38;41;15;sea;false;ocean;0
17420;30;3;16;sea;false;ocean;0
17421;9;50;33;sea;true;ocean;0
17422;3;9;53;sea;true;ocean;0
17423;19;51;11;sea;false;ocean;0
17424;57;17;14;sea;true;ocean;0
17425;15;35;13;sea;true;ocean;0
17426;36;21;2;sea;true;ocean;0
17427;22;4;7;sea;true;ocean;0
17428;37;7;3;sea;true;ocean;0
17429;7;52;28;sea;true;ocean;0
17430;9;15;39;sea;false;ocean;0
17431;41;8;46;sea;false;ocean;0
17432;34;35;20;sea;true;ocean;0
17433;34;8;33;sea;true;ocean;0
17434;1;72;17;sea;true;ocean;0
17435;10;43;32;sea;true;ocean;0
17436;50;2;32;sea;true;ocean;0
17437;7;49;19;sea;true;ocean;0
17438;12;0;35;sea;false;ocean;0
17439;11;15;3;sea;false;ocean;0
17440;23;21;12;sea;true;ocean;0
17441;39;38;5;sea;true;ocean;0
17442;44;3;40;sea;false;ocean;0
17443;22;3;44;sea;true;ocean;0
17444;31;56;10;sea;true;ocean;0
17445;36;6;48;sea;false;ocean;0
17446;5;54;23;sea;true;ocean;0
17447;11;40;7;sea;true;ocean;0
17448;31;11;24;sea;true;ocean;0
17449;5;13;79;sea;false;ocean;0
17450;14;9;8;sea;true;ocean;0
17451;32;23;19;sea;true;ocean;0
17452;12;48;27;sea;true;ocean;0
17453;2;13;41;sea;false;ocean;0
17454;21;31;9;sea;false;ocean;0
17455;0;2;29;sea;true;ocean;0
17456;3;8;80;sea;true;ocean;0
17457;56;9;4;sea;false;ocean;0
17458;7;9;18;sea;true;ocean;0
17459;11;57;3;sea;true;ocean;0
17460;44;41;0;sea;true;ocean;0
17461;13;9;55;sea;false;ocean;0
17462;23;5;19;sea;true;ocean;0
17463;26;17;31;sea;false;ocean;0
17464;17;24;41;sea;true;ocean;0
17465;13;21;9;sea;false;ocean;0
17466;17;6;38;sea;true;ocean;0
17467;16;25;2;sea;false;ocean;0
17468;13;14;67;sea;true;ocean;0
17469;9;36;18;sea;true;ocean;0
17470;4;54;8;sea;true;ocean;0
17471;0;12;62;sea;false;ocean;0
17472;5;71;0;sea;true;ocean;0
17473;38;10;44;sea;true;ocean;0
17474;4;42;30;sea;true;ocean;0
17475;9;6;63;sea;true;ocean;0
17476;58;17;4;sea;true;ocean;0
17477;27;21;41;sea;false;ocean;0
17478;6;62;0;sea;false;ocean;0
17479;69;10;15;sea;true;ocean;0
17480;0;34;32;sea;false;ocean;0
17481;33;4;54;sea;false;ocean;0
17482;5;38;18;sea;false;ocean;0
17483;13;23;21;sea;false;ocean;0
17484;9;41;9;sea;false;ocean;0
17485;26;24;9;sea;true;ocean;0
17486;3;44;39;sea;false;ocean;0
17487;60;1;29;sea;false;ocean;0
17488;14;12;28;sea;true;ocean;0
17489;23;2;62;sea;false;ocean;0
17490;26;0;70;sea;true;ocean;0
17491;5;45;38;sea;true;ocean;0
17492;27;49;10;sea;true;ocean;0
17493;20;72;4;sea;true;ocean;0
17494;45;16;3;sea;true;ocean;0
17495;36;46;4;sea;true;ocean;0
17496;25;25;48;sea;true;ocean;0
17497;35;14;17;sea;true;ocean;0
17498;43;7;10;sea;true;ocean;0
17499;61;0;31;sea;true;ocean;0
17500;3;36;59;sea;true;ocean;0
17501;1;69;26;sea;false;ocean;0
17502;39;8;36;sea;true;ocean;0
17503;30;12;23;sea;true;ocean;0
17504;38;34;21;sea;true;ocean;0
17505;3;73;0;sea;true;ocean;0
17506;65;6;22;sea;false;ocean;0
17507;42;7;43;sea;true;ocean;0
17508;8;11;37;sea;true;ocean;0
17509;55;21;19;sea;false;ocean;0
17510;34;8;38;sea;true;ocean;0
17511;57;0;9;sea;false;ocean;0
17512;26;7;17;sea;false;ocean;0
17513;4;27;44;sea;true;ocean;0
17514;35;47;13;sea;false;ocean;0
17515;64;16;2;sea;false;ocean;0
17516;46;21;32;sea;false;ocean;0
17517;80;12;3;sea;false;ocean;0
17518;48;20;31;sea;false;ocean;0
17519;17;2;25;sea;false;ocean;0
17520;11;11;3;sea;true;ocean;0
17521;33;15;28;sea;false;ocean;0
17522;40;34;19;sea;true;ocean;0
17523;63;6;10;sea;true;ocean;0
17524;15;36;0;sea;true;ocean;0
17525;24;4;10;sea;false;ocean;0
17526;53;40;1;sea;false;ocean;0
17527;17;71;2;sea;false;ocean;0
17528;27;52;14;sea;false;ocean;0
17529;23;43;22;sea;true;ocean;0
17530;12;3;48;sea;true;ocean;0
17531;7;11;38;sea;false;ocean;0
17532;6;3;60;sea;false;ocean;0
17533;46;47;1;sea;false;ocean;0
17534;30;2;59;sea;true;ocean;0
17535;0;4;60;sea;false;ocean;0
17536;12;41;45;sea;false;ocean;0
17537;28;5;65;sea;false;ocean;0
17538;24;43;28;sea;false;ocean;0
17539;16;48;18;sea;true;ocean;0
17540;22;40;8;sea;true;ocean;0
17541;5;41;30;sea;true;ocean;0
17542;23;1;33;sea;true;ocean;0
17543;28;9;0;sea;false;ocean;0
17544;58;24;14;sea;false;ocean;0
17545;6;8;6;sea;false;ocean;0
17546;28;49;2;sea;true;ocean;0
17547;9;13;40;sea;true;ocean;0
17548;30;18;39;sea;true;ocean;0
17549;11;59;8;sea;false;ocean;0
17550;25;3;41;sea;false;ocean;0
17551;35;27;25;sea;false;ocean;0
17552;1;32;47;sea;true;ocean;0
17553;5;29;1;sea;true;ocean;0
17554;19;35;0;sea;true;ocean;0
17555;6;6;38;sea;false;ocean;0
17556;27;25;17;sea;false;ocean;0
17557;46;9;26;sea;false;ocean;0
17558;5;56;16;sea;false;ocean;0
17559;16;51;13;sea;true;ocean;0
17560;35;4;45;sea;false;ocean;0
17561;19;17;31;sea;false;ocean;0
17562;14;50;23;sea;true;ocean;0
17563;8;11;29;sea;false;ocean;0
17564;7;48;39;sea;true;ocean;0
17565;29;26;41;sea;true;ocean;0
17566;6;16;30;sea;true;ocean;0
17567;53;14;28;sea;true;ocean;0
17568;43;2;15;sea;true;ocean;0
17569;17;55;17;sea;true;ocean;0
17570;0;15;77;sea;false;ocean;0
17571;13;16;48;sea;true;ocean;0
17572;14;17;45;sea;false;ocean;0
17573;0;35;11;sea;true;ocean;0
17574;73;1;18;sea;false;ocean;0
17575;42;12;22;sea;false;ocean;0
17576;34;14;22;sea;true;ocean;0
17577;1;63;21;sea;false;ocean;0
17578;4;59;4;sea;true;ocean;0
17579;3;43;47;sea;false;ocean;0
17580;52;4;34;sea;false;ocean;0
17581;30;47;22;sea;false;ocean;0
17582;45;14;30;sea;true;ocean;0
17583;38;11;30;sea;true;ocean;0
17584;18;53;3;sea;true;ocean;0
17585;28;13;12;sea;true;ocean;0
17586;6;4;50;sea;false;ocean;0
17587;2;7;70;sea;false;ocean;0
17588;13;20;53;sea;false;ocean;0
17589;8;64;10;sea;true;ocean;0
17590;18;8;56;sea;true;ocean;0
17591;12;5;35;sea;true;ocean;0
17592;21;30;21;sea;false;ocean;0
17593;29;19;7;sea;false;ocean;0
17594;58;2;3;sea;true;ocean;0
17595;0;19;43;sea;false;ocean;0
17596;43;2;8;sea;true;ocean;0
17597;0;66;17;sea;false;ocean;0
17598;25;38;8;sea;false;ocean;0
17599;11;23;61;sea;true;ocean;0
17600;10;34;40;sea;false;ocean;0
17601;48;2;11;sea;false;ocean;0
17602;31;3;37;sea;true;ocean;0
17603;23;48;18;sea;false;ocean;0
17604;15;50;26;sea;true;ocean;0
17605;15;59;16;sea;false;ocean;0
17606;8;30;55;sea;false;ocean;0
17607;18;64;10;sea;true;ocean;0
17608;10;8;51;sea;false;ocean;0
17609;25;24;26;sea;false;ocean;0
17610;8;50;33;sea;true;ocean;0
17611;3;78;12;sea;false;ocean;0
17612;11;12;0;sea;false;ocean;0
17613;11;34;16;sea;true;ocean;0
17614;67;25;4;sea;true;ocean;0
17615;4;63;4;sea;false;ocean;0
17616;7;15;49;sea;true;ocean;0
17617;11;62;25;sea;true;ocean;0
17618;60;6;2;sea;false;ocean;0
17619;26;23;28;sea;false;ocean;0
17620;23;24;10;sea;true;ocean;0
17621;10;46;37;sea;true;ocean;0
17622;46;15;16;sea;false;ocean;0
17623;43;16;39;sea;true;ocean;0
17624;48;11;0;sea;true;ocean;0
17625;24;37;31;sea;false;ocean;0
17626;38;3;25;sea;false;ocean;0
17627;15;28;14;sea;true;ocean;0
17628;19;55;9;sea;true;ocean;0
17629;33;28;15;sea;false;ocean;0
17630;25;7;56;sea;false;ocean;0
17631;1;50;24;sea;false;ocean;0
17632;15;12;22;sea;true;ocean;0
17633;41;25;10;sea;true;ocean;0
17634;27;28;42;sea;false;ocean;0
17635;11;31;52;sea;true;ocean;0
17636;21;24;20;sea;false;ocean;0
17637;15;5;32;sea;true;ocean;0
17638;1;2;28;sea;false;ocean;0
17639;28;30;26;sea;true;ocean;0
17640;42;57;0;sea;false;ocean;0
17641;11;28;44;sea;true;ocean;0
17642;37;11;8;sea;false;ocean;0
17643;11;16;37;sea;false;ocean;0
17644;46;51;0;sea;true;ocean;0
17645;43;18;4;sea;true;ocean;0
17646;49;1;26;sea;true;ocean;0
17647;14;12;40;sea;true;ocean;0
17648;13;41;22;sea;true;ocean;0
17649;23;15;7;sea;true;ocean;0
17650;22;49;21;sea;true;ocean;0
17651;16;28;34;sea;false;ocean;0
17652;32;7;40;sea;true;ocean;0
17653;6;71;20;sea;false;ocean;0
17654;9;68;19;sea;true;ocean;0
17655;18;3;22;sea;true;ocean;0
17656;24;42;32;sea;false;ocean;0
17657;13;16;19;sea;false;ocean;0
17658;48;41;5;sea;true;ocean;0
17659;22;57;9;sea;false;ocean;0
17660;6;9;26;sea;true;ocean;0
17661;35;21;26;sea;true;ocean;0
17662;54;10;2;sea;false;ocean;0
17663;8;10;46;sea;true;ocean;0
17664;42;27;10;sea;false;ocean;0
17665;0;42;35;sea;true;ocean;0
17666;22;33;18;sea;false;ocean;0
17667;21;20;24;sea;false;ocean;0
17668;34;35;27;sea;true;ocean;0
17669;29;8;32;sea;true;ocean;0
17670;32;51;12;sea;false;ocean;0
17671;27;17;48;sea;false;ocean;0
17672;19;22;49;sea;true;ocean;0
17673;98;1;0;sea;true;ocean;0
17674;31;29;31;sea;false;ocean;0
17675;12;6;19;sea;true;ocean;0
17676;9;53;26;sea;false;ocean;0
17677;51;23;15;sea;true;ocean;0
17678;10;46;43;sea;true;ocean;0
17679;22;59;17;sea;false;ocean;0
17680;43;12;5;sea;false;ocean;0
17681;26;59;8;sea;true;ocean;0
17682;69;28;0;sea;true;ocean;0
17683;52;14;12;sea;false;ocean;0
17684;55;20;6;sea;true;ocean;0
17685;8;2;11;sea;false;ocean;0
17686;70;0;21;sea;false;ocean;0
17687;31;31;32;sea;true;ocean;0
17688;47;4;21;sea;false;ocean;0
17689;3;26;6;sea;false;ocean;0
17690;66;17;16;sea;true;ocean;0
17691;27;43;20;sea;false;ocean;0
17692;20;25;23;sea;false;ocean;0
17693;0;1;82;sea;true;ocean;0
17694;51;0;12;sea;true;ocean;0
17695;10;42;43;sea;true;ocean;0
17696;30;15;3;sea;false;ocean;0
17697;48;28;1;sea;false;ocean;0
17698;38;14;37;sea;false;ocean;0
17699;16;38;0;sea;false;ocean;0
17700;11;11;41;sea;false;ocean;0
17701;16;39;25;sea;true;ocean;0
17702;40;8;43;sea;false;ocean;0
17703;17;17;47;sea;false;ocean;0
17704;68;20;5;sea;true;ocean;0
17705;4;72;15;sea;true;ocean;0
17706;71;21;3;sea;false;ocean;0
17707;54;17;20;sea;true;ocean;0
17708;8;66;11;sea;true;ocean;0
17709;0;7;8;sea;false;ocean;0
17710;5;8;86;sea;false;ocean;0
17711;30;10;54;sea;false;ocean;0
17712;23;5;51;sea;false;ocean;0
17713;14;9;65;sea;false;ocean;0
17714;7;24;6;sea;false;ocean;0
17715;31;50;6;sea;true;ocean;0
17716;11;43;44;sea;false;ocean;0
17717;27;58;3;sea;false;ocean;0
17718;4;7;1;sea;false;ocean;0
17719;4;56;28;sea;true;ocean;0
17720;55;2;15;sea;false;ocean;0
17721;1;22;52;sea;false;ocean;0
17722;30;2;48;sea;false;ocean;0
17723;36;11;10;sea;false;ocean;0
17724;5;11;77;sea;false;ocean;0
17725;9;21;30;sea;false;ocean;0
17726;25;7;22;sea;false;ocean;0
17727;11;9;68;sea;false;ocean;0
17728;11;9;20;sea;true;ocean;0
17729;7;52;31;sea;false;ocean;0
17730;71;15;3;sea;false;ocean;0
17731;29;17;21;sea;false;ocean;0
17732;32;5;7;sea;false;ocean;0
17733;27;34;38;sea;false;ocean;0
17734;31;26;1;sea;false;ocean;0
17735;20;60;14;sea;false;ocean;0
17736;41;25;13;sea;false;ocean;0
17737;24;10;25;sea;false;ocean;0
17738;77;2;12;sea;true;ocean;0
17739;53;20;17;sea;false;ocean;0
17740;31;23;19;sea;false;ocean;0
17741;1;48;21;sea;false;ocean;0
17742;24;29;13;sea;false;ocean;0
17743;6;20;49;sea;false;ocean;0
17744;33;6;12;sea;false;ocean;0
17745;7;41;13;sea;false;ocean;0
17746;4;51;17;sea;false;ocean;0
17747;8;47;6;sea;false;ocean;0
17748;32;11;40;sea;false;ocean;0
17749;40;36;3;sea;false;ocean;0
17750;32;36;13;sea;false;ocean;0
17751;54;1;14;sea;false;ocean;0
17752;5;51;19;sea;false;ocean;0
17753;41;15;20;sea;true;ocean;0
17754;42;33;10;sea;true;ocean;0
17755;10;8;66;sea;false;ocean;0
17756;48;26;6;sea;false;ocean;0
17757;46;23;19;sea;false;ocean;0
17758;18;32;31;sea;false;ocean;0
17759;8;27;37;sea;true;ocean;0
17760;12;4;77;sea;false;ocean;0
17761;20;15;0;sea;true;ocean;0
17762;0;62;22;sea;true;ocean;0
17763;1;6;48;sea;true;ocean;0
17764;14;23;39;sea;true;ocean;0
17765;20;13;38;sea;false;ocean;0
17766;40;28;18;sea;true;ocean;0
17767;19;7;70;sea;true;ocean;0
17768;18;61;0;sea;true;ocean;0
17769;60;28;7;sea;true;ocean;0
17770;42;10;38;sea;false;ocean;0
17771;31;3;17;sea;false;ocean;0
17772;17;10;63;sea;false;ocean;0
17773;4;31;41;sea;false;ocean;0
17774;55;6;30;sea;true;ocean;0
17775;39;30;23;sea;false;ocean;0
17776;23;36;28;sea;true;ocean;0
17777;6;40;37;sea;false;ocean;0
17778;25;36;12;sea;false;ocean;0
17779;16;55;19;sea;true;ocean;0
17780;43;42;1;sea;false;ocean;0
17781;25;20;30;sea;false;ocean;0
17782;3;22;7;sea;true;ocean;0
17783;6;21;7;sea;true;ocean;0
17784;52;11;71;lake;false;lakes;0
17785;53;12;81;lake;false;lakes;0
17786;48;57;35;lake;false;lakes;0
17787;9;13;110;lake;false;lakes;0
17788;7;131;10;lake;false;lakes;0
17789;37;60;47;lake;false;lakes;0
17790;72;33;2;lake;false;lakes;0
17791;82;50;6;lake;false;lakes;0
17792;59;56;31;lake;false;lakes;0
17793;7;24;115;lake;false;lakes;0
17794;46;71;30;lake;false;lakes;0
17795;5;96;4;lake;false;lakes;0
17796;84;5;43;lake;false;lakes;0
17797;90;2;34;lake;false;lakes;0
17798;10;73;34;lake;false;lakes;0
17799;62;15;38;lake;false;lakes;0
17800;11;38;56;lake;false;lakes;0
17801;62;46;27;lake;false;lakes;0
17802;79;19;35;lake;false;lakes;0
17803;2;54;63;lake;false;lakes;0
17804;67;44;29;lake;false;lakes;0
17805;69;42;11;lake;false;lakes;0
17806;58;24;55;lake;false;lakes;0
17807;10;107;26;lake;false;lakes;0
17808;41;54;7;lake;false;lakes;0
17809;55;11;39;lake;false;lakes;0
17810;82;41;17;lake;false;lakes;0
17811;53;69;5;lake;false;lakes;0
17812;20;60;50;lake;false;lakes;0
17813;48;77;6;lake;false;lakes;0
17814;49;66;0;lake;false;lakes;0
17815;103;12;5;lake;false;lakes;0
17816;14;66;66;lake;false;lakes;0
17817;35;54;46;lake;false;lakes;0
17818;88;15;22;lake;false;lakes;0
17819;22;96;1;lake;false;lakes;0
17820;24;18;78;lake;false;lakes;0
17821;8;24;82;lake;false;lakes;0
17822;62;48;3;lake;false;lakes;0
17823;44;53;25;lake;false;lakes;0
17824;5;85;59;lake;false;lakes;0
17825;44;48;9;lake;false;lakes;0
17826;19;76;6;lake;false;lakes;0
17827;71;29;36;lake;false;lakes;0
17828;63;58;24;lake;false;lakes;0
17829;21;107;2;lake;false;lakes;0
17830;47;51;33;lake;false;lakes;0
17831;77;44;18;lake;false;lakes;0
17832;30;98;15;lake;false;lakes;0
17833;37;60;9;lake;false;lakes;0
17834;32;91;0;lake;false;lakes;0
17835;46;11;47;lake;false;lakes;0
17836;106;32;1;lake;false;lakes;0
17837;34;50;24;lake;false;lakes;0
17838;63;59;11;lake;false;lakes;0
17839;27;43;45;lake;false;lakes;0
17840;1;115;20;lake;false;lakes;0
17841;119;14;0;lake;false;lakes;0
17842;3;56;46;lake;false;lakes;0
17843;83;22;28;lake;false;lakes;0
17844;33;65;46;lake;false;lakes;0
17845;49;5;57;lake;false;lakes;0
17846;47;3;83;lake;false;lakes;0
17847;51;5;67;lake;false;lakes;0
17848;85;32;8;lake;false;lakes;0
17849;42;2;72;lake;false;lakes;0
17850;64;15;35;lake;false;lakes;0
17851;71;32;26;lake;false;lakes;0
17852;82;17;13;lake;false;lakes;0
17853;17;57;45;lake;false;lakes;0
17854;15;15;89;lake;false;lakes;0
17855;12;61;42;lake;false;lakes;0
17856;46;38;34;lake;false;lakes;0
17857;23;9;102;lake;false;lakes;0
17858;68;75;2;lake;false;lakes;0
17859;1;71;56;lake;false;lakes;0
17860;37;32;36;lake;false;lakes;0
17861;20;116;7;lake;false;lakes;0
17862;0;86;61;lake;false;lakes;0
17863;1;97;30;lake;false;lakes;0
17864;8;41;92;lake;false;lakes;0
17865;39;14;63;lake;false;lakes;0
17866;48;59;3;lake;false;lakes;0
17867;88;5;31;lake;false;lakes;0
17868;63;22;55;lake;false;lakes;0
17869;57;19;58;lake;false;lakes;0
17870;84;7;52;lake;false;lakes;0
17871;28;49;43;lake;false;lakes;0
17872;11;127;7;lake;false;lakes;0
17873;17;44;59;lake;false;lakes;0
17874;13;106;17;lake;false;lakes;0
17875;64;40;11;lake;false;lakes;0
17876;6;31;96;lake;false;lakes;0
17877;10;4;103;lake;false;lakes;0
17878;91;25;30;lake;false;lakes;0
17879;111;8;6;lake;false;lakes;0
17880;79;1;38;lake;false;lakes;0
17881;12;107;19;lake;false;lakes;0
17882;4;54;91;lake;false;lakes;0
17883;8;78;42;lake;false;lakes;0
17884;5;68;72;lake;false;lakes;0
17885;21;26;85;lake;false;lakes;0
17886;15;17;77;lake;false;lakes;0
17887;100;8;6;lake;false;lakes;0
17888;26;24;74;lake;false;lakes;0
17889;81;14;30;lake;false;lakes;0
17890;12;36;99;lake;false;lakes;0
17891;83;7;26;lake;false;lakes;0
17892;5;80;37;lake;false;lakes;0
17893;33;35;70;lake;false;lakes;0
17894;12;52;54;lake;false;lakes;0
17895;26;69;12;lake;false;lakes;0
17896;41;105;3;lake;false;lakes;0
17897;9;116;19;lake;false;lakes;0
17898;12;55;51;lake;false;lakes;0
17899;47;21;42;lake;false;lakes;0
17900;74;32;40;lake;false;lakes;0
17901;28;75;41;lake;false;lakes;0
17902;16;50;66;lake;false;lakes;0
17903;11;86;19;lake;false;lakes;0
17904;73;30;24;lake;false;lakes;0
17905;83;28;28;lake;false;lakes;0
17906;31;35;79;lake;false;lakes;0
17907;96;4;8;lake;false;lakes;0
17908;39;105;2;lake;false;lakes;0
17909;26;56;61;lake;false;lakes;0
17910;4;11;89;lake;false;lakes;0
17911;48;26;32;lake;false;lakes;0
17912;14;56;65;lake;false;lakes;0
17913;47;46;33;lake;false;lakes;0
17914;74;20;52;lake;false;lakes;0
17915;5;97;37;lake;false;lakes;0
17916;74;8;45;lake;false;lakes;0
17917;16;60;58;lake;false;lakes;0
17918;113;21;11;lake;false;lakes;0
17919;29;43;51;lake;false;lakes;0
17920;42;20;80;lake;false;lakes;0
17921;0;89;21;lake;false;lakes;0
17922;35;53;60;lake;false;lakes;0
17923;20;27;91;lake;false;lakes;0
17924;18;80;22;lake;false;lakes;0
17925;11;75;35;lake;false;lakes;0
17926;14;36;74;lake;false;lakes;0
17927;80;20;1;lake;false;lakes;0
17928;38;39;44;lake;false;lakes;0
17929;92;29;5;lake;false;lakes;0
17930;90;26;26;lake;false;lakes;0
17931;26;99;3;lake;false;lakes;0
17932;101;10;34;lake;false;lakes;0
17933;5;97;16;lake;false;lakes;0
17934;76;12;37;lake;false;lakes;0
17935;56;1;46;lake;false;lakes;0
17936;9;56;48;lake;false;lakes;0
17937;103;26;12;lake;false;lakes;0
17938;2;33;80;lake;false;lakes;0
17939;8;50;86;lake;false;lakes;0
17940;66;21;31;lake;false;lakes;0
17941;13;96;31;lake;false;lakes;0
17942;41;24;70;lake;false;lakes;0
17943;6;92;12;lake;false;lakes;0
17944;45;22;38;lake;false;lakes;0
17945;20;70;34;lake;false;lakes;0
17946;90;40;8;lake;false;lakes;0
17947;47;10;69;lake;false;lakes;0
17948;33;16;54;lake;false;lakes;0
17949;23;19;62;lake;false;lakes;0
17950;46;66;2;lake;false;lakes;0
17951;22;88;24;lake;false;lakes;0
17952;1;96;11;lake;false;lakes;0
17953;16;75;49;lake;false;lakes;0
17954;24;49;44;lake;false;lakes;0
17955;94;10;40;lake;false;lakes;0
17956;6;37;100;lake;false;lakes;0
17957;10;71;25;lake;false;lakes;0
17958;114;5;6;lake;false;lakes;0
17959;7;16;116;lake;false;lakes;0
17960;76;10;63;lake;false;lakes;0
17961;41;27;59;lake;false;lakes;0
17962;27;87;8;lake;false;lakes;0
17963;10;44;85;lake;false;lakes;0
17964;65;39;33;lake;false;lakes;0
17965;19;1;117;lake;false;lakes;0
17966;19;86;0;lake;false;lakes;0
17967;112;21;13;lake;false;lakes;0
17968;25;52;59;lake;false;lakes;0
17969;12;0;134;lake;false;lakes;0
17970;97;22;14;lake;false;lakes;0
17971;60;31;42;lake;false;lakes;0
17972;19;36;57;lake;false;lakes;0
17973;70;10;27;lake;false;lakes;0
17974;60;28;58;lake;false;lakes;0
17975;92;27;9;lake;false;lakes;0
17976;94;27;14;lake;false;lakes;0
17977;72;50;0;lake;false;lakes;0
17978;67;53;27;lake;false;lakes;0
17979;12;22;113;lake;false;lakes;0
17980;94;6;34;lake;false;lakes;0
17981;0;95;37;lake;false;lakes;0
17982;39;70;8;lake;false;lakes;0
17983;6;5;102;lake;false;lakes;0
17984;2;43;72;lake;false;lakes;0
17985;18;14;83;lake;false;lakes;0
17986;27;16;90;lake;false;lakes;0
17987;49;37;21;lake;false;lakes;0
17988;70;8;58;lake;false;lakes;0
